mode: set
github.com/m00nk0d3/grove/internal/domain/config.go:26.2,26.32 1 1
github.com/m00nk0d3/grove/internal/domain/config.go:27.3,28.1 1 1
github.com/m00nk0d3/grove/internal/domain/config.go:29.2,29.59 1 1
github.com/m00nk0d3/grove/internal/domain/config.go:55.2,69.1 1 0
github.com/m00nk0d3/grove/internal/domain/config.go:82.2,83.16 2 1
github.com/m00nk0d3/grove/internal/domain/config.go:84.3,85.1 1 1
github.com/m00nk0d3/grove/internal/domain/config.go:86.2,86.27 1 1
github.com/m00nk0d3/grove/internal/domain/config.go:87.3,88.1 1 1
github.com/m00nk0d3/grove/internal/domain/config.go:89.2,89.75 1 1
github.com/m00nk0d3/grove/internal/domain/issue.go:26.2,29.13 4 1
github.com/m00nk0d3/grove/internal/domain/issue.go:30.3,31.1 1 1
github.com/m00nk0d3/grove/internal/domain/issue.go:33.2,34.20 2 1
github.com/m00nk0d3/grove/internal/domain/issue.go:35.3,36.1 1 1
github.com/m00nk0d3/grove/internal/domain/issue.go:38.2,38.33 1 1
github.com/m00nk0d3/grove/internal/domain/lab.go:22.2,23.1 1 1
github.com/m00nk0d3/grove/internal/domain/lab.go:70.2,71.1 1 1
github.com/m00nk0d3/grove/internal/domain/lab.go:91.2,93.1 2 1
github.com/m00nk0d3/grove/internal/domain/lab.go:115.2,116.45 2 1
github.com/m00nk0d3/grove/internal/domain/lab.go:117.3,118.1 1 1
github.com/m00nk0d3/grove/internal/domain/lab.go:119.2,119.16 1 1
github.com/m00nk0d3/grove/internal/domain/lab.go:124.2,124.22 1 1
github.com/m00nk0d3/grove/internal/domain/lab.go:125.3,126.1 1 1
github.com/m00nk0d3/grove/internal/domain/lab.go:127.2,127.75 1 1
github.com/m00nk0d3/grove/internal/domain/lab.go:133.2,141.1 2 1
github.com/m00nk0d3/grove/internal/domain/lab.go:147.2,148.48 2 1
github.com/m00nk0d3/grove/internal/domain/lab.go:149.3,150.1 1 0
github.com/m00nk0d3/grove/internal/domain/lab.go:151.2,151.76 1 1
github.com/m00nk0d3/grove/internal/domain/lab.go:157.2,160.1 3 1
github.com/m00nk0d3/grove/internal/domain/lab.go:164.2,164.51 1 1
github.com/m00nk0d3/grove/internal/domain/lab.go:165.3,165.49 1 1
github.com/m00nk0d3/grove/internal/domain/lab.go:166.4,167.1 1 1
github.com/m00nk0d3/grove/internal/domain/lab.go:169.2,169.11 1 1
github.com/m00nk0d3/grove/internal/domain/lab.go:175.2,176.48 2 1
github.com/m00nk0d3/grove/internal/domain/lab.go:177.3,178.1 1 1
github.com/m00nk0d3/grove/internal/domain/lab.go:179.2,179.11 1 1
github.com/m00nk0d3/grove/internal/domain/lab.go:185.2,186.1 1 1
github.com/m00nk0d3/grove/internal/domain/lab.go:191.2,192.1 1 1
github.com/m00nk0d3/grove/internal/domain/lab.go:198.2,199.16 2 1
github.com/m00nk0d3/grove/internal/domain/lab.go:200.3,201.27 2 1
github.com/m00nk0d3/grove/internal/domain/lab.go:202.4,203.1 1 1
github.com/m00nk0d3/grove/internal/domain/lab.go:205.2,205.26 1 1
github.com/m00nk0d3/grove/internal/domain/lab.go:206.3,207.1 1 1
github.com/m00nk0d3/grove/internal/domain/lab.go:208.2,208.60 1 1
github.com/m00nk0d3/grove/internal/domain/lab.go:214.2,214.18 1 1
github.com/m00nk0d3/grove/internal/domain/lab.go:216.3,216.11 1 1
github.com/m00nk0d3/grove/internal/domain/lab.go:218.3,218.11 1 1
github.com/m00nk0d3/grove/internal/domain/lab.go:220.3,220.11 1 1
github.com/m00nk0d3/grove/internal/domain/lab.go:222.3,222.28 1 1
github.com/m00nk0d3/grove/internal/domain/lab.go:224.3,224.11 1 1
github.com/m00nk0d3/grove/internal/domain/lab.go:248.2,248.11 1 1
github.com/m00nk0d3/grove/internal/domain/lab.go:250.3,250.31 1 1
github.com/m00nk0d3/grove/internal/domain/lab.go:252.3,252.30 1 1
github.com/m00nk0d3/grove/internal/domain/lab.go:254.3,254.14 1 1
github.com/m00nk0d3/grove/internal/domain/lab.go:262.2,264.29 3 1
github.com/m00nk0d3/grove/internal/domain/lab.go:265.3,266.20 2 1
github.com/m00nk0d3/grove/internal/domain/lab.go:267.4,267.12 1 1
github.com/m00nk0d3/grove/internal/domain/lab.go:269.3,269.39 1 1
github.com/m00nk0d3/grove/internal/domain/lab.go:270.4,271.1 1 1
github.com/m00nk0d3/grove/internal/domain/lab.go:272.3,272.8 1 1
github.com/m00nk0d3/grove/internal/domain/lab.go:274.2,274.37 1 1
github.com/m00nk0d3/grove/internal/domain/lab_tickets.go:25.2,27.1 2 1
github.com/m00nk0d3/grove/internal/domain/lab_tickets.go:28.2,28.58 2 1
github.com/m00nk0d3/grove/internal/domain/lab_tickets.go:29.3,30.1 1 1
github.com/m00nk0d3/grove/internal/domain/lab_tickets.go:31.2,31.27 1 1
github.com/m00nk0d3/grove/internal/domain/lab_tickets.go:32.3,33.1 1 1
github.com/m00nk0d3/grove/internal/domain/lab_tickets.go:34.2,35.32 2 1
github.com/m00nk0d3/grove/internal/domain/lab_tickets.go:36.3,37.10 2 1
github.com/m00nk0d3/grove/internal/domain/lab_tickets.go:39.4,39.69 1 1
github.com/m00nk0d3/grove/internal/domain/lab_tickets.go:41.4,41.59 1 1
github.com/m00nk0d3/grove/internal/domain/lab_tickets.go:43.3,43.34 1 1
github.com/m00nk0d3/grove/internal/domain/lab_tickets.go:44.4,45.1 1 1
github.com/m00nk0d3/grove/internal/domain/lab_tickets.go:46.3,46.19 1 1
github.com/m00nk0d3/grove/internal/domain/lab_tickets.go:48.2,48.26 1 1
github.com/m00nk0d3/grove/internal/domain/lab_tickets.go:49.3,49.33 1 1
github.com/m00nk0d3/grove/internal/domain/lab_tickets.go:50.4,50.18 1 1
github.com/m00nk0d3/grove/internal/domain/lab_tickets.go:51.5,52.1 1 1
github.com/m00nk0d3/grove/internal/domain/lab_tickets.go:53.4,53.30 1 1
github.com/m00nk0d3/grove/internal/domain/lab_tickets.go:54.5,55.1 1 1
github.com/m00nk0d3/grove/internal/domain/lab_tickets.go:59.2,60.23 2 1
github.com/m00nk0d3/grove/internal/domain/lab_tickets.go:61.3,62.1 1 1
github.com/m00nk0d3/grove/internal/domain/lab_tickets.go:63.2,66.31 4 1
github.com/m00nk0d3/grove/internal/domain/lab_tickets.go:67.3,68.26 2 1
github.com/m00nk0d3/grove/internal/domain/lab_tickets.go:69.4,69.17 1 1
github.com/m00nk0d3/grove/internal/domain/lab_tickets.go:70.5,70.13 1 1
github.com/m00nk0d3/grove/internal/domain/lab_tickets.go:72.4,73.41 2 1
github.com/m00nk0d3/grove/internal/domain/lab_tickets.go:74.5,74.19 1 1
github.com/m00nk0d3/grove/internal/domain/lab_tickets.go:75.6,76.1 1 1
github.com/m00nk0d3/grove/internal/domain/lab_tickets.go:78.4,78.13 1 1
github.com/m00nk0d3/grove/internal/domain/lab_tickets.go:79.5,82.1 3 1
github.com/m00nk0d3/grove/internal/domain/lab_tickets.go:84.3,84.18 1 1
github.com/m00nk0d3/grove/internal/domain/lab_tickets.go:85.4,86.27 2 1
github.com/m00nk0d3/grove/internal/domain/lab_tickets.go:87.5,87.19 1 1
github.com/m00nk0d3/grove/internal/domain/lab_tickets.go:88.6,89.1 1 1
github.com/m00nk0d3/grove/internal/domain/lab_tickets.go:91.4,91.95 1 1
github.com/m00nk0d3/grove/internal/domain/lab_tickets.go:94.2,94.21 1 1
github.com/m00nk0d3/grove/internal/domain/lab_tickets.go:108.2,108.14 1 1
github.com/m00nk0d3/grove/internal/domain/lab_tickets.go:110.3,110.15 1 1
github.com/m00nk0d3/grove/internal/domain/lab_tickets.go:112.2,112.13 1 1
github.com/m00nk0d3/grove/internal/domain/pr.go:40.2,41.24 2 1
github.com/m00nk0d3/grove/internal/domain/pr.go:42.3,43.1 1 1
github.com/m00nk0d3/grove/internal/domain/pr.go:44.2,44.16 1 1
github.com/m00nk0d3/grove/internal/domain/pr.go:45.3,46.1 1 1
github.com/m00nk0d3/grove/internal/domain/pr.go:47.2,47.46 1 1
github.com/m00nk0d3/grove/internal/domain/pr.go:48.3,49.1 1 1
github.com/m00nk0d3/grove/internal/domain/pr.go:50.2,50.30 1 1
github.com/m00nk0d3/grove/internal/domain/pr.go:51.3,52.1 1 1
github.com/m00nk0d3/grove/internal/domain/pr.go:53.2,53.22 1 1
github.com/m00nk0d3/grove/internal/domain/pr.go:54.3,55.1 1 1
github.com/m00nk0d3/grove/internal/domain/pr.go:56.2,56.22 1 1
github.com/m00nk0d3/grove/internal/domain/pr.go:57.3,58.1 1 1
github.com/m00nk0d3/grove/internal/domain/pr.go:59.2,59.16 1 1
github.com/m00nk0d3/grove/internal/domain/pr.go:64.2,65.1 1 1
github.com/m00nk0d3/grove/internal/domain/pr.go:68.2,68.16 1 1
github.com/m00nk0d3/grove/internal/domain/pr.go:69.3,70.1 1 0
github.com/m00nk0d3/grove/internal/domain/pr.go:71.2,71.44 1 1
github.com/m00nk0d3/grove/internal/domain/repository.go:14.2,20.1 1 0
github.com/m00nk0d3/grove/internal/domain/worktree.go:152.2,153.53 2 0
github.com/m00nk0d3/grove/internal/domain/worktree.go:154.3,155.1 1 0
github.com/m00nk0d3/grove/internal/domain/worktree.go:156.2,156.21 1 0
github.com/m00nk0d3/grove/internal/domain/worktree.go:161.2,162.53 2 0
github.com/m00nk0d3/grove/internal/domain/worktree.go:163.3,164.1 1 0
github.com/m00nk0d3/grove/internal/domain/worktree.go:165.2,165.21 1 0
github.com/m00nk0d3/grove/internal/domain/worktree.go:170.2,171.53 2 0
github.com/m00nk0d3/grove/internal/domain/worktree.go:172.3,173.1 1 0
github.com/m00nk0d3/grove/internal/domain/worktree.go:174.2,174.21 1 0
github.com/m00nk0d3/grove/internal/fuzzy/fuzzy.go:24.2,24.17 1 1
github.com/m00nk0d3/grove/internal/fuzzy/fuzzy.go:25.3,26.1 1 1
github.com/m00nk0d3/grove/internal/fuzzy/fuzzy.go:28.2,30.1 9 1
github.com/m00nk0d3/grove/internal/fuzzy/fuzzy.go:31.2,33.1 9 1
github.com/m00nk0d3/grove/internal/fuzzy/fuzzy.go:34.2,38.1 9 1
github.com/m00nk0d3/grove/internal/fuzzy/fuzzy.go:39.2,39.58 9 1
github.com/m00nk0d3/grove/internal/fuzzy/fuzzy.go:40.3,40.31 1 1
github.com/m00nk0d3/grove/internal/fuzzy/fuzzy.go:41.4,41.24 1 1
github.com/m00nk0d3/grove/internal/fuzzy/fuzzy.go:42.5,43.1 1 1
github.com/m00nk0d3/grove/internal/fuzzy/fuzzy.go:44.4,45.9 2 1
github.com/m00nk0d3/grove/internal/fuzzy/fuzzy.go:47.4,47.15 1 1
github.com/m00nk0d3/grove/internal/fuzzy/fuzzy.go:48.5,49.1 1 1
github.com/m00nk0d3/grove/internal/fuzzy/fuzzy.go:50.4,50.11 1 1
github.com/m00nk0d3/grove/internal/fuzzy/fuzzy.go:54.2,54.13 1 1
github.com/m00nk0d3/grove/internal/fuzzy/fuzzy.go:55.3,56.1 1 1
github.com/m00nk0d3/grove/internal/fuzzy/fuzzy.go:59.2,59.22 1 1
github.com/m00nk0d3/grove/internal/fuzzy/fuzzy.go:60.3,61.1 1 1
github.com/m00nk0d3/grove/internal/fuzzy/fuzzy.go:64.2,66.1 3 1
github.com/m00nk0d3/grove/internal/fuzzy/fuzzy.go:67.2,67.19 3 1
github.com/m00nk0d3/grove/internal/fuzzy/fuzzy.go:79.2,79.17 1 1
github.com/m00nk0d3/grove/internal/fuzzy/fuzzy.go:80.3,83.1 3 1
github.com/m00nk0d3/grove/internal/fuzzy/fuzzy.go:85.2,88.1 3 1
github.com/m00nk0d3/grove/internal/fuzzy/fuzzy.go:90.2,91.29 3 1
github.com/m00nk0d3/grove/internal/fuzzy/fuzzy.go:92.3,93.12 2 1
github.com/m00nk0d3/grove/internal/fuzzy/fuzzy.go:94.4,95.1 1 1
github.com/m00nk0d3/grove/internal/fuzzy/fuzzy.go:98.2,98.39 1 1
github.com/m00nk0d3/grove/internal/fuzzy/fuzzy.go:99.3,100.1 1 1
github.com/m00nk0d3/grove/internal/fuzzy/fuzzy.go:102.2,103.25 2 1
github.com/m00nk0d3/grove/internal/fuzzy/fuzzy.go:104.3,105.1 1 1
github.com/m00nk0d3/grove/internal/fuzzy/fuzzy.go:106.2,106.12 1 1
github.com/m00nk0d3/grove/internal/herdr/client.go:29.2,30.1 1 1
github.com/m00nk0d3/grove/internal/herdr/client.go:42.2,43.1 2 1
github.com/m00nk0d3/grove/internal/herdr/client.go:44.2,44.16 2 1
github.com/m00nk0d3/grove/internal/herdr/client.go:46.3,48.9 1 1
github.com/m00nk0d3/grove/internal/herdr/client.go:50.3,57.45 1 1
github.com/m00nk0d3/grove/internal/herdr/client.go:60.2,61.16 2 1
github.com/m00nk0d3/grove/internal/herdr/client.go:62.3,63.1 1 0
github.com/m00nk0d3/grove/internal/herdr/client.go:65.2,74.1 3 1
github.com/m00nk0d3/grove/internal/herdr/client.go:76.2,77.16 3 1
github.com/m00nk0d3/grove/internal/herdr/client.go:78.3,79.1 1 1
github.com/m00nk0d3/grove/internal/herdr/client.go:80.2,81.1 3 1
github.com/m00nk0d3/grove/internal/herdr/client.go:82.2,83.16 3 1
github.com/m00nk0d3/grove/internal/herdr/client.go:84.3,85.1 1 1
github.com/m00nk0d3/grove/internal/herdr/client.go:86.2,87.1 3 1
github.com/m00nk0d3/grove/internal/herdr/client.go:88.2,89.16 3 1
github.com/m00nk0d3/grove/internal/herdr/client.go:90.3,91.1 1 0
github.com/m00nk0d3/grove/internal/herdr/client.go:92.2,93.1 3 1
github.com/m00nk0d3/grove/internal/herdr/client.go:94.2,95.16 3 1
github.com/m00nk0d3/grove/internal/herdr/client.go:96.3,97.1 1 0
github.com/m00nk0d3/grove/internal/herdr/client.go:98.2,99.1 2 1
github.com/m00nk0d3/grove/internal/herdr/client.go:100.2,100.18 2 1
github.com/m00nk0d3/grove/internal/herdr/client.go:106.2,107.16 2 1
github.com/m00nk0d3/grove/internal/herdr/client.go:108.3,109.1 1 0
github.com/m00nk0d3/grove/internal/herdr/client.go:110.2,110.33 1 1
github.com/m00nk0d3/grove/internal/herdr/client.go:116.2,126.1 1 1
github.com/m00nk0d3/grove/internal/herdr/client.go:131.2,132.16 2 1
github.com/m00nk0d3/grove/internal/herdr/client.go:133.3,134.1 1 0
github.com/m00nk0d3/grove/internal/herdr/client.go:135.2,136.53 2 1
github.com/m00nk0d3/grove/internal/herdr/client.go:137.3,138.1 1 1
github.com/m00nk0d3/grove/internal/herdr/client.go:139.2,140.42 2 1
github.com/m00nk0d3/grove/internal/herdr/client.go:141.3,142.1 1 1
github.com/m00nk0d3/grove/internal/herdr/client.go:143.2,143.17 1 1
github.com/m00nk0d3/grove/internal/herdr/client.go:149.2,150.16 2 1
github.com/m00nk0d3/grove/internal/herdr/client.go:151.3,152.1 1 1
github.com/m00nk0d3/grove/internal/herdr/client.go:153.2,154.53 2 1
github.com/m00nk0d3/grove/internal/herdr/client.go:155.3,156.1 1 1
github.com/m00nk0d3/grove/internal/herdr/client.go:157.2,158.37 2 1
github.com/m00nk0d3/grove/internal/herdr/client.go:159.3,166.1 1 1
github.com/m00nk0d3/grove/internal/herdr/client.go:167.2,167.17 1 1
github.com/m00nk0d3/grove/internal/herdr/client.go:172.2,173.16 2 1
github.com/m00nk0d3/grove/internal/herdr/client.go:174.3,175.1 1 0
github.com/m00nk0d3/grove/internal/herdr/client.go:176.2,177.53 2 1
github.com/m00nk0d3/grove/internal/herdr/client.go:178.3,179.1 1 0
github.com/m00nk0d3/grove/internal/herdr/client.go:180.2,181.38 2 1
github.com/m00nk0d3/grove/internal/herdr/client.go:182.3,187.1 1 1
github.com/m00nk0d3/grove/internal/herdr/client.go:188.2,188.17 1 1
github.com/m00nk0d3/grove/internal/herdr/client.go:194.2,195.16 2 1
github.com/m00nk0d3/grove/internal/herdr/client.go:196.3,197.1 1 0
github.com/m00nk0d3/grove/internal/herdr/client.go:198.2,199.53 2 1
github.com/m00nk0d3/grove/internal/herdr/client.go:200.3,201.1 1 0
github.com/m00nk0d3/grove/internal/herdr/client.go:202.2,203.41 2 1
github.com/m00nk0d3/grove/internal/herdr/client.go:204.3,210.1 1 1
github.com/m00nk0d3/grove/internal/herdr/client.go:211.2,211.17 1 1
github.com/m00nk0d3/grove/internal/herdr/client.go:216.2,216.48 1 1
github.com/m00nk0d3/grove/internal/herdr/client.go:217.3,218.1 1 1
github.com/m00nk0d3/grove/internal/herdr/client.go:220.2,222.16 3 1
github.com/m00nk0d3/grove/internal/herdr/client.go:223.3,224.1 1 1
github.com/m00nk0d3/grove/internal/herdr/client.go:226.2,227.53 2 1
github.com/m00nk0d3/grove/internal/herdr/client.go:228.3,229.1 1 0
github.com/m00nk0d3/grove/internal/herdr/client.go:231.2,233.18 3 1
github.com/m00nk0d3/grove/internal/herdr/client.go:234.3,235.1 1 0
github.com/m00nk0d3/grove/internal/herdr/client.go:237.2,241.8 1 1
github.com/m00nk0d3/grove/internal/herdr/client.go:245.2,245.21 1 1
github.com/m00nk0d3/grove/internal/herdr/client.go:246.3,247.1 1 1
github.com/m00nk0d3/grove/internal/herdr/client.go:248.2,248.12 1 1
github.com/m00nk0d3/grove/internal/herdr/client.go:254.2,254.48 1 1
github.com/m00nk0d3/grove/internal/herdr/client.go:255.3,256.1 1 1
github.com/m00nk0d3/grove/internal/herdr/client.go:258.2,260.16 3 1
github.com/m00nk0d3/grove/internal/herdr/client.go:261.3,262.1 1 1
github.com/m00nk0d3/grove/internal/herdr/client.go:264.2,265.53 2 1
github.com/m00nk0d3/grove/internal/herdr/client.go:266.3,267.1 1 0
github.com/m00nk0d3/grove/internal/herdr/client.go:269.2,269.38 1 1
github.com/m00nk0d3/grove/internal/herdr/client.go:270.3,271.1 1 0
github.com/m00nk0d3/grove/internal/herdr/client.go:273.2,281.8 1 1
github.com/m00nk0d3/grove/internal/herdr/client.go:287.2,287.48 1 1
github.com/m00nk0d3/grove/internal/herdr/client.go:288.3,289.1 1 1
github.com/m00nk0d3/grove/internal/herdr/client.go:292.2,293.16 2 1
github.com/m00nk0d3/grove/internal/herdr/client.go:294.3,295.1 1 1
github.com/m00nk0d3/grove/internal/herdr/client.go:297.2,298.16 2 1
github.com/m00nk0d3/grove/internal/herdr/client.go:299.3,300.1 1 1
github.com/m00nk0d3/grove/internal/herdr/client.go:302.2,302.12 1 1
github.com/m00nk0d3/grove/internal/herdr/client.go:307.2,308.1 1 1
github.com/m00nk0d3/grove/internal/herdr/client.go:312.2,312.13 1 1
github.com/m00nk0d3/grove/internal/herdr/client.go:313.3,314.1 1 1
github.com/m00nk0d3/grove/internal/herdr/client.go:315.2,315.10 1 1
github.com/m00nk0d3/grove/internal/herdr/client.go:321.2,322.23 2 1
github.com/m00nk0d3/grove/internal/herdr/client.go:323.3,324.1 1 1
github.com/m00nk0d3/grove/internal/herdr/client.go:325.2,325.13 1 1
github.com/m00nk0d3/grove/internal/herdr/client.go:331.2,332.23 2 1
github.com/m00nk0d3/grove/internal/herdr/client.go:333.3,334.1 1 1
github.com/m00nk0d3/grove/internal/herdr/client.go:335.2,335.13 1 1
github.com/m00nk0d3/grove/internal/herdr/client.go:340.2,342.22 3 1
github.com/m00nk0d3/grove/internal/herdr/client.go:343.3,344.1 1 0
github.com/m00nk0d3/grove/internal/herdr/client.go:345.2,345.30 1 1
github.com/m00nk0d3/grove/internal/herdr/detect.go:29.2,29.34 1 1
github.com/m00nk0d3/grove/internal/herdr/detect.go:30.3,31.1 1 1
github.com/m00nk0d3/grove/internal/herdr/detect.go:33.2,38.1 2 1
github.com/m00nk0d3/grove/internal/herdr/detect.go:40.2,40.19 2 1
github.com/m00nk0d3/grove/internal/herdr/detect.go:41.3,44.1 3 1
github.com/m00nk0d3/grove/internal/herdr/detect.go:46.2,47.16 2 1
github.com/m00nk0d3/grove/internal/herdr/detect.go:48.3,50.1 2 1
github.com/m00nk0d3/grove/internal/herdr/detect.go:52.2,52.10 1 1
github.com/m00nk0d3/grove/internal/sandcastle/client.go:55.2,55.25 1 1
github.com/m00nk0d3/grove/internal/sandcastle/client.go:56.3,57.1 1 1
github.com/m00nk0d3/grove/internal/sandcastle/client.go:58.2,58.31 1 1
github.com/m00nk0d3/grove/internal/sandcastle/client.go:59.3,60.1 1 1
github.com/m00nk0d3/grove/internal/sandcastle/client.go:61.2,61.25 1 1
github.com/m00nk0d3/grove/internal/sandcastle/client.go:62.3,63.1 1 1
github.com/m00nk0d3/grove/internal/sandcastle/client.go:64.2,64.28 1 1
github.com/m00nk0d3/grove/internal/sandcastle/client.go:65.3,66.1 1 1
github.com/m00nk0d3/grove/internal/sandcastle/client.go:67.2,67.58 1 1
github.com/m00nk0d3/grove/internal/sandcastle/client.go:72.2,73.16 2 1
github.com/m00nk0d3/grove/internal/sandcastle/client.go:74.3,80.1 1 1
github.com/m00nk0d3/grove/internal/sandcastle/client.go:82.2,87.1 1 1
github.com/m00nk0d3/grove/internal/sandcastle/client.go:95.2,96.21 2 1
github.com/m00nk0d3/grove/internal/sandcastle/client.go:97.3,98.1 1 1
github.com/m00nk0d3/grove/internal/sandcastle/client.go:100.2,101.16 2 1
github.com/m00nk0d3/grove/internal/sandcastle/client.go:102.3,111.1 1 1
github.com/m00nk0d3/grove/internal/sandcastle/client.go:113.2,114.54 2 1
github.com/m00nk0d3/grove/internal/sandcastle/client.go:115.3,124.1 1 1
github.com/m00nk0d3/grove/internal/sandcastle/client.go:126.2,133.1 4 1
github.com/m00nk0d3/grove/internal/sandcastle/client.go:135.2,137.35 4 1
github.com/m00nk0d3/grove/internal/sandcastle/client.go:138.3,141.1 3 1
github.com/m00nk0d3/grove/internal/sandcastle/client.go:143.2,148.8 1 1
github.com/m00nk0d3/grove/internal/sandcastle/client.go:154.2,155.21 2 1
github.com/m00nk0d3/grove/internal/sandcastle/client.go:156.3,157.1 1 1
github.com/m00nk0d3/grove/internal/sandcastle/client.go:159.2,160.17 2 1
github.com/m00nk0d3/grove/internal/sandcastle/client.go:161.3,162.1 1 1
github.com/m00nk0d3/grove/internal/sandcastle/client.go:163.2,164.18 2 1
github.com/m00nk0d3/grove/internal/sandcastle/client.go:165.3,166.1 1 1
github.com/m00nk0d3/grove/internal/sandcastle/client.go:167.2,168.16 2 1
github.com/m00nk0d3/grove/internal/sandcastle/client.go:169.3,170.1 1 1
github.com/m00nk0d3/grove/internal/sandcastle/client.go:172.2,179.1 2 1
github.com/m00nk0d3/grove/internal/sandcastle/client.go:180.2,180.28 2 1
github.com/m00nk0d3/grove/internal/sandcastle/client.go:181.3,182.1 1 1
github.com/m00nk0d3/grove/internal/sandcastle/client.go:183.2,183.25 1 1
github.com/m00nk0d3/grove/internal/sandcastle/client.go:184.3,185.1 1 1
github.com/m00nk0d3/grove/internal/sandcastle/client.go:186.2,186.23 1 1
github.com/m00nk0d3/grove/internal/sandcastle/client.go:187.3,188.1 1 1
github.com/m00nk0d3/grove/internal/sandcastle/client.go:190.2,191.16 2 1
github.com/m00nk0d3/grove/internal/sandcastle/client.go:192.3,193.1 1 1
github.com/m00nk0d3/grove/internal/sandcastle/client.go:195.2,196.54 2 1
github.com/m00nk0d3/grove/internal/sandcastle/client.go:197.3,198.1 1 1
github.com/m00nk0d3/grove/internal/sandcastle/client.go:200.2,201.16 2 1
github.com/m00nk0d3/grove/internal/sandcastle/client.go:207.2,207.17 1 1
github.com/m00nk0d3/grove/internal/sandcastle/client.go:208.3,209.1 1 1
github.com/m00nk0d3/grove/internal/sandcastle/client.go:210.2,211.10 2 1
github.com/m00nk0d3/grove/internal/sandcastle/client.go:212.3,213.1 1 1
github.com/m00nk0d3/grove/internal/sandcastle/client.go:214.2,215.16 2 1
github.com/m00nk0d3/grove/internal/sandcastle/client.go:216.3,217.1 1 0
github.com/m00nk0d3/grove/internal/sandcastle/client.go:218.2,218.12 1 1
github.com/m00nk0d3/grove/internal/sandcastle/client.go:222.2,225.1 3 1
github.com/m00nk0d3/grove/internal/sandcastle/client.go:228.2,229.13 2 1
github.com/m00nk0d3/grove/internal/sandcastle/client.go:230.3,231.1 1 0
github.com/m00nk0d3/grove/internal/sandcastle/client.go:232.2,232.10 1 1
github.com/m00nk0d3/grove/internal/sandcastle/client.go:305.2,306.17 2 1
github.com/m00nk0d3/grove/internal/sandcastle/client.go:307.3,308.1 1 1
github.com/m00nk0d3/grove/internal/sandcastle/client.go:310.2,331.1 2 1
github.com/m00nk0d3/grove/internal/sandcastle/client.go:332.2,332.31 2 1
github.com/m00nk0d3/grove/internal/sandcastle/client.go:333.3,342.1 1 1
github.com/m00nk0d3/grove/internal/sandcastle/client.go:344.2,345.29 2 1
github.com/m00nk0d3/grove/internal/sandcastle/client.go:346.3,355.1 1 1
github.com/m00nk0d3/grove/internal/sandcastle/client.go:357.2,357.19 1 1
github.com/m00nk0d3/grove/internal/sandcastle/client.go:361.2,362.16 2 1
github.com/m00nk0d3/grove/internal/sandcastle/client.go:363.3,364.1 1 1
github.com/m00nk0d3/grove/internal/sandcastle/client.go:365.2,365.15 1 1
github.com/m00nk0d3/grove/internal/sandcastle/client.go:371.2,371.13 1 1
github.com/m00nk0d3/grove/internal/sandcastle/client.go:373.3,373.31 1 1
github.com/m00nk0d3/grove/internal/sandcastle/client.go:375.3,375.32 1 1
github.com/m00nk0d3/grove/internal/sandcastle/client.go:377.3,377.32 1 1
github.com/m00nk0d3/grove/internal/sandcastle/client.go:379.3,379.31 1 1
github.com/m00nk0d3/grove/internal/sandcastle/client.go:381.3,381.34 1 1
github.com/m00nk0d3/grove/internal/sandcastle/client.go:383.3,383.13 1 1
github.com/m00nk0d3/grove/internal/sandcastle/client.go:390.2,390.13 1 1
github.com/m00nk0d3/grove/internal/sandcastle/client.go:392.3,392.29 1 1
github.com/m00nk0d3/grove/internal/sandcastle/client.go:394.3,394.26 1 1
github.com/m00nk0d3/grove/internal/sandcastle/client.go:396.3,396.29 1 1
github.com/m00nk0d3/grove/internal/sandcastle/client.go:398.3,398.28 1 1
github.com/m00nk0d3/grove/internal/sandcastle/client.go:400.3,400.26 1 1
github.com/m00nk0d3/grove/internal/sandcastle/client.go:402.3,402.13 1 1
github.com/m00nk0d3/grove/internal/sandcastle/runner.go:22.2,28.1 6 0
github.com/m00nk0d3/grove/internal/sandcastle/runner.go:32.2,33.1 1 0
github.com/m00nk0d3/grove/internal/tui/app.go:10.2,11.1 1 1
github.com/m00nk0d3/grove/internal/tui/app.go:15.2,16.1 1 1
github.com/m00nk0d3/grove/internal/tui/markdown/markdown.go:26.2,26.39 1 1
github.com/m00nk0d3/grove/internal/tui/markdown/markdown.go:26.41,26.101 1 1
github.com/m00nk0d3/grove/internal/tui/markdown/markdown.go:27.2,32.1 1 1
github.com/m00nk0d3/grove/internal/tui/markdown/markdown.go:45.2,45.22 1 1
github.com/m00nk0d3/grove/internal/tui/markdown/markdown.go:46.3,47.1 1 1
github.com/m00nk0d3/grove/internal/tui/markdown/markdown.go:48.2,50.44 3 1
github.com/m00nk0d3/grove/internal/tui/markdown/markdown.go:61.2,62.31 2 1
github.com/m00nk0d3/grove/internal/tui/markdown/markdown.go:63.3,63.22 1 1
github.com/m00nk0d3/grove/internal/tui/markdown/markdown.go:64.4,65.1 1 0
github.com/m00nk0d3/grove/internal/tui/markdown/markdown.go:66.3,66.19 1 1
github.com/m00nk0d3/grove/internal/tui/markdown/markdown.go:67.4,68.1 1 1
github.com/m00nk0d3/grove/internal/tui/markdown/markdown.go:69.3,69.30 1 1
github.com/m00nk0d3/grove/internal/tui/markdown/markdown.go:72.2,72.30 1 1
github.com/m00nk0d3/grove/internal/tui/markdown/markdown.go:73.3,75.10 3 1
github.com/m00nk0d3/grove/internal/tui/markdown/markdown.go:77.4,77.7 1 1
github.com/m00nk0d3/grove/internal/tui/markdown/markdown.go:79.4,79.61 1 1
github.com/m00nk0d3/grove/internal/tui/markdown/markdown.go:80.5,81.1 1 1
github.com/m00nk0d3/grove/internal/tui/markdown/markdown.go:82.4,82.7 1 1
github.com/m00nk0d3/grove/internal/tui/markdown/markdown.go:84.4,88.85 5 1
github.com/m00nk0d3/grove/internal/tui/markdown/markdown.go:89.5,91.1 2 1
github.com/m00nk0d3/grove/internal/tui/markdown/markdown.go:92.4,93.33 2 1
github.com/m00nk0d3/grove/internal/tui/markdown/markdown.go:95.4,97.7 3 1
github.com/m00nk0d3/grove/internal/tui/markdown/markdown.go:99.4,100.7 2 1
github.com/m00nk0d3/grove/internal/tui/markdown/markdown.go:102.4,103.78 2 1
github.com/m00nk0d3/grove/internal/tui/markdown/markdown.go:104.5,107.1 3 1
github.com/m00nk0d3/grove/internal/tui/markdown/markdown.go:108.4,108.24 1 1
github.com/m00nk0d3/grove/internal/tui/markdown/markdown.go:110.4,111.78 2 1
github.com/m00nk0d3/grove/internal/tui/markdown/markdown.go:112.5,114.1 2 1
github.com/m00nk0d3/grove/internal/tui/markdown/markdown.go:115.4,115.23 1 1
github.com/m00nk0d3/grove/internal/tui/markdown/markdown.go:117.4,118.23 2 1
github.com/m00nk0d3/grove/internal/tui/markdown/markdown.go:119.5,121.16 3 1
github.com/m00nk0d3/grove/internal/tui/markdown/markdown.go:123.6,123.60 1 0
github.com/m00nk0d3/grove/internal/tui/markdown/markdown.go:124.7,125.15 2 0
github.com/m00nk0d3/grove/internal/tui/markdown/markdown.go:127.6,127.11 1 0
github.com/m00nk0d3/grove/internal/tui/markdown/markdown.go:129.5,129.30 1 1
github.com/m00nk0d3/grove/internal/tui/markdown/markdown.go:130.6,131.1 1 1
github.com/m00nk0d3/grove/internal/tui/markdown/markdown.go:131.12,131.49 1 1
github.com/m00nk0d3/grove/internal/tui/markdown/markdown.go:132.6,133.1 1 1
github.com/m00nk0d3/grove/internal/tui/markdown/markdown.go:134.6,134.11 1 1
github.com/m00nk0d3/grove/internal/tui/markdown/markdown.go:136.5,136.8 1 1
github.com/m00nk0d3/grove/internal/tui/markdown/markdown.go:138.4,138.23 1 1
github.com/m00nk0d3/grove/internal/tui/markdown/markdown.go:140.4,141.86 2 1
github.com/m00nk0d3/grove/internal/tui/markdown/markdown.go:142.5,144.1 2 1
github.com/m00nk0d3/grove/internal/tui/markdown/markdown.go:145.4,145.60 1 1
github.com/m00nk0d3/grove/internal/tui/markdown/markdown.go:148.2,148.12 1 1
github.com/m00nk0d3/grove/internal/tui/markdown/markdown.go:154.2,157.1 2 1
github.com/m00nk0d3/grove/internal/tui/markdown/markdown.go:160.2,160.15 1 1
github.com/m00nk0d3/grove/internal/tui/markdown/markdown.go:162.3,162.113 1 1
github.com/m00nk0d3/grove/internal/tui/markdown/markdown.go:164.3,164.112 1 1
github.com/m00nk0d3/grove/internal/tui/markdown/markdown.go:166.3,166.52 1 1
github.com/m00nk0d3/grove/internal/tui/markdown/markdown.go:168.3,168.53 1 0
github.com/m00nk0d3/grove/internal/tui/markdown/markdown.go:173.2,175.16 3 1
github.com/m00nk0d3/grove/internal/tui/markdown/markdown.go:176.3,177.1 1 1
github.com/m00nk0d3/grove/internal/tui/markdown/markdown.go:178.2,178.28 1 1
github.com/m00nk0d3/grove/internal/tui/markdown/markdown.go:179.3,181.1 2 1
github.com/m00nk0d3/grove/internal/tui/markdown/markdown.go:182.2,182.19 1 1
github.com/m00nk0d3/grove/internal/tui/markdown/markdown.go:183.3,184.1 1 0
github.com/m00nk0d3/grove/internal/tui/markdown/markdown.go:185.2,185.12 1 1
github.com/m00nk0d3/grove/internal/tui/markdown/markdown.go:189.2,192.43 4 1
github.com/m00nk0d3/grove/internal/tui/markdown/markdown.go:193.3,194.1 1 1
github.com/m00nk0d3/grove/internal/tui/markdown/markdown.go:195.2,195.12 1 1
github.com/m00nk0d3/grove/internal/tui/markdown/markdown.go:200.2,201.29 2 1
github.com/m00nk0d3/grove/internal/tui/markdown/markdown.go:202.3,207.10 6 1
github.com/m00nk0d3/grove/internal/tui/markdown/markdown.go:209.4,209.34 1 1
github.com/m00nk0d3/grove/internal/tui/markdown/markdown.go:211.4,211.34 1 1
github.com/m00nk0d3/grove/internal/tui/markdown/markdown.go:213.4,213.62 1 1
github.com/m00nk0d3/grove/internal/tui/markdown/markdown.go:215.3,217.30 3 1
github.com/m00nk0d3/grove/internal/tui/markdown/markdown.go:218.4,219.1 1 0
github.com/m00nk0d3/grove/internal/tui/markdown/markdown.go:220.3,221.59 2 1
github.com/m00nk0d3/grove/internal/tui/markdown/markdown.go:222.4,222.14 1 1
github.com/m00nk0d3/grove/internal/tui/markdown/markdown.go:223.5,224.1 1 1
github.com/m00nk0d3/grove/internal/tui/markdown/markdown.go:225.5,226.1 1 1
github.com/m00nk0d3/grove/internal/tui/markdown/markdown.go:229.2,229.12 1 1
github.com/m00nk0d3/grove/internal/tui/markdown/markdown.go:236.2,238.27 3 1
github.com/m00nk0d3/grove/internal/tui/markdown/markdown.go:239.3,240.38 2 1
github.com/m00nk0d3/grove/internal/tui/markdown/markdown.go:241.4,242.12 2 1
github.com/m00nk0d3/grove/internal/tui/markdown/markdown.go:244.3,244.29 1 1
github.com/m00nk0d3/grove/internal/tui/markdown/markdown.go:246.2,247.27 2 1
github.com/m00nk0d3/grove/internal/tui/markdown/markdown.go:248.3,249.1 1 1
github.com/m00nk0d3/grove/internal/tui/markdown/markdown.go:250.2,250.15 1 1
github.com/m00nk0d3/grove/internal/tui/markdown/markdown.go:251.3,252.1 1 0
github.com/m00nk0d3/grove/internal/tui/markdown/markdown.go:253.2,253.22 1 1
github.com/m00nk0d3/grove/internal/tui/markdown/markdown.go:254.3,254.27 1 1
github.com/m00nk0d3/grove/internal/tui/markdown/markdown.go:255.4,256.1 1 0
github.com/m00nk0d3/grove/internal/tui/markdown/markdown.go:259.2,260.24 2 1
github.com/m00nk0d3/grove/internal/tui/markdown/markdown.go:261.3,262.1 1 1
github.com/m00nk0d3/grove/internal/tui/markdown/markdown.go:264.2,265.27 2 1
github.com/m00nk0d3/grove/internal/tui/markdown/markdown.go:266.3,266.28 1 1
github.com/m00nk0d3/grove/internal/tui/markdown/markdown.go:267.4,268.1 1 1
github.com/m00nk0d3/grove/internal/tui/markdown/markdown.go:270.2,271.1 4 1
github.com/m00nk0d3/grove/internal/tui/markdown/markdown.go:272.2,274.28 4 1
github.com/m00nk0d3/grove/internal/tui/markdown/markdown.go:275.3,276.24 2 1
github.com/m00nk0d3/grove/internal/tui/markdown/markdown.go:277.4,278.1 1 1
github.com/m00nk0d3/grove/internal/tui/markdown/markdown.go:279.3,281.28 3 1
github.com/m00nk0d3/grove/internal/tui/markdown/markdown.go:282.4,284.1 2 1
github.com/m00nk0d3/grove/internal/tui/markdown/markdown.go:285.3,285.31 1 1
github.com/m00nk0d3/grove/internal/tui/markdown/markdown.go:286.4,287.23 2 1
github.com/m00nk0d3/grove/internal/tui/markdown/markdown.go:288.5,289.28 2 1
github.com/m00nk0d3/grove/internal/tui/markdown/markdown.go:290.6,291.1 1 1
github.com/m00nk0d3/grove/internal/tui/markdown/markdown.go:292.5,292.82 1 1
github.com/m00nk0d3/grove/internal/tui/markdown/markdown.go:294.4,294.71 1 1
github.com/m00nk0d3/grove/internal/tui/markdown/markdown.go:296.3,296.24 1 1
github.com/m00nk0d3/grove/internal/tui/markdown/markdown.go:297.4,298.25 2 1
github.com/m00nk0d3/grove/internal/tui/markdown/markdown.go:299.5,300.1 1 1
github.com/m00nk0d3/grove/internal/tui/markdown/markdown.go:301.4,301.73 1 1
github.com/m00nk0d3/grove/internal/tui/markdown/markdown.go:304.2,304.12 1 1
github.com/m00nk0d3/grove/internal/tui/markdown/markdown.go:308.2,310.12 3 1
github.com/m00nk0d3/grove/internal/tui/markdown/markdown.go:311.3,312.1 1 1
github.com/m00nk0d3/grove/internal/tui/markdown/markdown.go:313.2,314.27 2 1
github.com/m00nk0d3/grove/internal/tui/markdown/markdown.go:315.3,315.12 1 1
github.com/m00nk0d3/grove/internal/tui/markdown/markdown.go:316.4,317.1 1 0
github.com/m00nk0d3/grove/internal/tui/markdown/markdown.go:318.3,318.28 1 1
github.com/m00nk0d3/grove/internal/tui/markdown/markdown.go:319.4,320.59 2 1
github.com/m00nk0d3/grove/internal/tui/markdown/markdown.go:321.5,322.1 1 1
github.com/m00nk0d3/grove/internal/tui/markdown/markdown.go:323.4,323.63 1 1
github.com/m00nk0d3/grove/internal/tui/markdown/markdown.go:326.2,326.12 1 1
github.com/m00nk0d3/grove/internal/tui/markdown/markdown.go:333.2,335.28 3 1
github.com/m00nk0d3/grove/internal/tui/markdown/markdown.go:336.3,337.1 1 1
github.com/m00nk0d3/grove/internal/tui/markdown/markdown.go:338.2,338.24 1 1
github.com/m00nk0d3/grove/internal/tui/markdown/markdown.go:339.3,341.1 2 1
github.com/m00nk0d3/grove/internal/tui/markdown/markdown.go:342.2,344.22 3 1
github.com/m00nk0d3/grove/internal/tui/markdown/markdown.go:345.3,346.1 1 1
github.com/m00nk0d3/grove/internal/tui/markdown/markdown.go:347.2,347.6 1 1
github.com/m00nk0d3/grove/internal/tui/markdown/markdown.go:348.3,349.26 2 1
github.com/m00nk0d3/grove/internal/tui/markdown/markdown.go:350.4,350.9 1 1
github.com/m00nk0d3/grove/internal/tui/markdown/markdown.go:351.5,352.1 1 1
github.com/m00nk0d3/grove/internal/tui/markdown/markdown.go:354.3,354.17 1 1
github.com/m00nk0d3/grove/internal/tui/markdown/markdown.go:355.4,356.1 1 0
github.com/m00nk0d3/grove/internal/tui/markdown/markdown.go:357.3,359.26 3 1
github.com/m00nk0d3/grove/internal/tui/markdown/markdown.go:360.4,360.32 1 1
github.com/m00nk0d3/grove/internal/tui/markdown/markdown.go:361.5,365.1 4 1
github.com/m00nk0d3/grove/internal/tui/markdown/markdown.go:367.3,367.15 1 1
github.com/m00nk0d3/grove/internal/tui/markdown/markdown.go:368.4,369.27 2 1
github.com/m00nk0d3/grove/internal/tui/markdown/markdown.go:370.5,370.10 1 1
github.com/m00nk0d3/grove/internal/tui/markdown/markdown.go:371.6,372.19 2 1
github.com/m00nk0d3/grove/internal/tui/markdown/markdown.go:373.7,375.1 2 1
github.com/m00nk0d3/grove/internal/tui/markdown/markdown.go:378.4,378.17 1 1
github.com/m00nk0d3/grove/internal/tui/markdown/markdown.go:386.2,388.66 3 1
github.com/m00nk0d3/grove/internal/tui/markdown/markdown.go:389.3,390.1 1 1
github.com/m00nk0d3/grove/internal/tui/markdown/markdown.go:391.2,394.32 4 1
github.com/m00nk0d3/grove/internal/tui/markdown/markdown.go:395.3,396.10 2 1
github.com/m00nk0d3/grove/internal/tui/markdown/markdown.go:398.4,399.7 2 1
github.com/m00nk0d3/grove/internal/tui/markdown/markdown.go:401.4,402.22 2 1
github.com/m00nk0d3/grove/internal/tui/markdown/markdown.go:404.4,405.16 2 1
github.com/m00nk0d3/grove/internal/tui/markdown/markdown.go:407.4,407.22 1 1
github.com/m00nk0d3/grove/internal/tui/markdown/markdown.go:410.2,410.56 1 1
github.com/m00nk0d3/grove/internal/tui/markdown/markdown.go:414.2,414.26 1 1
github.com/m00nk0d3/grove/internal/tui/markdown/markdown.go:415.3,415.31 1 1
github.com/m00nk0d3/grove/internal/tui/markdown/markdown.go:416.4,417.1 1 0
github.com/m00nk0d3/grove/internal/tui/markdown/markdown.go:419.2,419.23 1 1
github.com/m00nk0d3/grove/internal/tui/markdown/markdown.go:441.2,444.18 4 1
github.com/m00nk0d3/grove/internal/tui/markdown/markdown.go:445.3,445.20 1 1
github.com/m00nk0d3/grove/internal/tui/markdown/markdown.go:446.4,448.1 2 1
github.com/m00nk0d3/grove/internal/tui/markdown/markdown.go:450.2,450.33 1 1
github.com/m00nk0d3/grove/internal/tui/markdown/markdown.go:451.3,452.10 2 1
github.com/m00nk0d3/grove/internal/tui/markdown/markdown.go:454.4,455.7 2 1
github.com/m00nk0d3/grove/internal/tui/markdown/markdown.go:457.4,458.52 2 1
github.com/m00nk0d3/grove/internal/tui/markdown/markdown.go:459.5,460.1 1 0
github.com/m00nk0d3/grove/internal/tui/markdown/markdown.go:461.4,463.15 3 1
github.com/m00nk0d3/grove/internal/tui/markdown/markdown.go:464.5,466.13 3 1
github.com/m00nk0d3/grove/internal/tui/markdown/markdown.go:468.4,471.32 4 1
github.com/m00nk0d3/grove/internal/tui/markdown/markdown.go:473.4,475.7 3 1
github.com/m00nk0d3/grove/internal/tui/markdown/markdown.go:477.4,478.22 2 1
github.com/m00nk0d3/grove/internal/tui/markdown/markdown.go:480.4,481.17 2 1
github.com/m00nk0d3/grove/internal/tui/markdown/markdown.go:482.5,483.13 2 0
github.com/m00nk0d3/grove/internal/tui/markdown/markdown.go:485.4,486.15 2 1
github.com/m00nk0d3/grove/internal/tui/markdown/markdown.go:487.5,488.13 2 0
github.com/m00nk0d3/grove/internal/tui/markdown/markdown.go:490.4,491.55 2 1
github.com/m00nk0d3/grove/internal/tui/markdown/markdown.go:492.5,493.1 1 1
github.com/m00nk0d3/grove/internal/tui/markdown/markdown.go:494.4,494.20 1 1
github.com/m00nk0d3/grove/internal/tui/markdown/markdown.go:496.4,496.21 1 1
github.com/m00nk0d3/grove/internal/tui/markdown/markdown.go:499.2,500.14 2 1
github.com/m00nk0d3/grove/internal/tui/markdown/markdown.go:506.2,506.10 1 1
github.com/m00nk0d3/grove/internal/tui/markdown/markdown.go:507.3,508.1 1 1
github.com/m00nk0d3/grove/internal/tui/markdown/markdown.go:509.2,509.81 1 1
github.com/m00nk0d3/grove/internal/tui/markdown/markdown.go:513.2,514.24 2 1
github.com/m00nk0d3/grove/internal/tui/markdown/markdown.go:515.3,516.1 1 1
github.com/m00nk0d3/grove/internal/tui/markdown/markdown.go:517.2,517.24 1 1
github.com/m00nk0d3/grove/internal/tui/markdown/markdown.go:518.3,519.1 1 1
github.com/m00nk0d3/grove/internal/tui/markdown/markdown.go:520.2,520.24 1 1
github.com/m00nk0d3/grove/internal/tui/markdown/markdown.go:521.3,522.1 1 1
github.com/m00nk0d3/grove/internal/tui/markdown/markdown.go:523.2,523.26 1 1
github.com/m00nk0d3/grove/internal/tui/markdown/markdown.go:524.3,525.1 1 1
github.com/m00nk0d3/grove/internal/tui/markdown/markdown.go:526.2,526.11 1 1
github.com/m00nk0d3/grove/internal/tui/markdown/markdown.go:531.2,532.38 2 1
github.com/m00nk0d3/grove/internal/tui/markdown/markdown.go:533.3,534.1 1 1
github.com/m00nk0d3/grove/internal/tui/markdown/markdown.go:535.2,535.10 1 1
github.com/m00nk0d3/grove/internal/tui/markdown/markdown.go:547.2,550.20 4 1
github.com/m00nk0d3/grove/internal/tui/markdown/markdown.go:551.3,551.20 1 1
github.com/m00nk0d3/grove/internal/tui/markdown/markdown.go:552.4,554.1 2 1
github.com/m00nk0d3/grove/internal/tui/markdown/markdown.go:556.2,556.38 1 1
github.com/m00nk0d3/grove/internal/tui/markdown/markdown.go:557.3,558.51 2 1
github.com/m00nk0d3/grove/internal/tui/markdown/markdown.go:559.4,559.13 1 1
github.com/m00nk0d3/grove/internal/tui/markdown/markdown.go:560.5,561.1 1 1
github.com/m00nk0d3/grove/internal/tui/markdown/markdown.go:562.4,562.18 1 1
github.com/m00nk0d3/grove/internal/tui/markdown/markdown.go:563.5,564.1 1 1
github.com/m00nk0d3/grove/internal/tui/markdown/markdown.go:567.2,568.1 5 1
github.com/m00nk0d3/grove/internal/tui/markdown/markdown.go:569.2,572.1 5 1
github.com/m00nk0d3/grove/internal/tui/markdown/markdown.go:574.2,574.20 5 1
github.com/m00nk0d3/grove/internal/tui/markdown/markdown.go:575.3,577.1 2 1
github.com/m00nk0d3/grove/internal/tui/markdown/markdown.go:578.2,578.26 1 1
github.com/m00nk0d3/grove/internal/tui/markdown/markdown.go:579.3,580.23 2 1
github.com/m00nk0d3/grove/internal/tui/markdown/markdown.go:581.4,582.1 1 1
github.com/m00nk0d3/grove/internal/tui/markdown/markdown.go:583.3,583.46 1 1
github.com/m00nk0d3/grove/internal/tui/markdown/markdown.go:584.4,586.1 2 1
github.com/m00nk0d3/grove/internal/tui/markdown/markdown.go:587.3,587.20 1 1
github.com/m00nk0d3/grove/internal/tui/markdown/markdown.go:588.4,590.1 2 1
github.com/m00nk0d3/grove/internal/tui/markdown/markdown.go:591.3,591.23 1 1
github.com/m00nk0d3/grove/internal/tui/markdown/markdown.go:592.4,592.64 1 1
github.com/m00nk0d3/grove/internal/tui/markdown/markdown.go:593.5,593.22 1 1
github.com/m00nk0d3/grove/internal/tui/markdown/markdown.go:594.6,595.1 1 1
github.com/m00nk0d3/grove/internal/tui/markdown/markdown.go:596.5,596.49 1 1
github.com/m00nk0d3/grove/internal/tui/markdown/markdown.go:600.2,600.38 1 1
github.com/m00nk0d3/grove/internal/tui/markdown/markdown.go:601.3,602.1 1 1
github.com/m00nk0d3/grove/internal/tui/markdown/markdown.go:603.2,603.14 1 1
github.com/m00nk0d3/grove/internal/tui/markdown/markdown.go:614.2,617.25 4 1
github.com/m00nk0d3/grove/internal/tui/markdown/markdown.go:618.3,619.46 2 1
github.com/m00nk0d3/grove/internal/tui/markdown/markdown.go:620.4,620.21 1 1
github.com/m00nk0d3/grove/internal/tui/markdown/markdown.go:621.5,623.1 2 1
github.com/m00nk0d3/grove/internal/tui/markdown/markdown.go:624.4,625.18 2 1
github.com/m00nk0d3/grove/internal/tui/markdown/markdown.go:627.3,628.19 2 1
github.com/m00nk0d3/grove/internal/tui/markdown/markdown.go:630.2,630.19 1 1
github.com/m00nk0d3/grove/internal/tui/markdown/markdown.go:631.3,632.1 1 1
github.com/m00nk0d3/grove/internal/tui/markdown/markdown.go:633.2,633.15 1 1
github.com/m00nk0d3/grove/internal/exec/context_builder.go:14.2,15.16 2 1
github.com/m00nk0d3/grove/internal/exec/context_builder.go:16.3,17.1 1 1
github.com/m00nk0d3/grove/internal/exec/context_builder.go:19.2,20.16 2 1
github.com/m00nk0d3/grove/internal/exec/context_builder.go:21.3,22.1 1 1
github.com/m00nk0d3/grove/internal/exec/context_builder.go:24.2,25.16 2 1
github.com/m00nk0d3/grove/internal/exec/context_builder.go:26.3,27.1 1 1
github.com/m00nk0d3/grove/internal/exec/context_builder.go:29.2,30.16 2 1
github.com/m00nk0d3/grove/internal/exec/context_builder.go:31.3,32.1 1 1
github.com/m00nk0d3/grove/internal/exec/context_builder.go:34.2,35.16 2 1
github.com/m00nk0d3/grove/internal/exec/context_builder.go:36.3,37.1 1 1
github.com/m00nk0d3/grove/internal/exec/context_builder.go:39.2,46.8 1 1
github.com/m00nk0d3/grove/internal/exec/git.go:39.2,40.1 1 1
github.com/m00nk0d3/grove/internal/exec/git.go:44.2,48.1 1 1
github.com/m00nk0d3/grove/internal/exec/git.go:55.2,56.16 2 1
github.com/m00nk0d3/grove/internal/exec/git.go:57.3,58.1 1 1
github.com/m00nk0d3/grove/internal/exec/git.go:60.2,61.16 2 1
github.com/m00nk0d3/grove/internal/exec/git.go:62.3,63.1 1 1
github.com/m00nk0d3/grove/internal/exec/git.go:65.2,65.27 1 1
github.com/m00nk0d3/grove/internal/exec/git.go:66.3,67.17 2 1
github.com/m00nk0d3/grove/internal/exec/git.go:68.4,69.1 1 1
github.com/m00nk0d3/grove/internal/exec/git.go:70.3,70.31 1 1
github.com/m00nk0d3/grove/internal/exec/git.go:73.2,73.23 1 1
github.com/m00nk0d3/grove/internal/exec/git.go:80.2,80.48 1 1
github.com/m00nk0d3/grove/internal/exec/git.go:81.3,82.1 1 1
github.com/m00nk0d3/grove/internal/exec/git.go:83.2,84.16 2 1
github.com/m00nk0d3/grove/internal/exec/git.go:88.3,89.60 2 1
github.com/m00nk0d3/grove/internal/exec/git.go:90.4,91.1 1 1
github.com/m00nk0d3/grove/internal/exec/git.go:92.3,92.61 1 1
github.com/m00nk0d3/grove/internal/exec/git.go:94.2,94.45 1 1
github.com/m00nk0d3/grove/internal/exec/git.go:102.2,102.56 1 1
github.com/m00nk0d3/grove/internal/exec/git.go:103.3,104.1 1 1
github.com/m00nk0d3/grove/internal/exec/git.go:105.2,105.104 1 1
github.com/m00nk0d3/grove/internal/exec/git.go:110.2,111.1 1 1
github.com/m00nk0d3/grove/internal/exec/git.go:115.2,116.1 1 1
github.com/m00nk0d3/grove/internal/exec/git.go:122.2,123.16 2 1
github.com/m00nk0d3/grove/internal/exec/git.go:124.3,125.1 1 1
github.com/m00nk0d3/grove/internal/exec/git.go:126.2,127.1 2 1
github.com/m00nk0d3/grove/internal/exec/git.go:128.2,128.48 2 1
github.com/m00nk0d3/grove/internal/exec/git.go:129.3,130.1 1 1
github.com/m00nk0d3/grove/internal/exec/git.go:131.2,131.12 1 1
github.com/m00nk0d3/grove/internal/exec/git.go:137.2,137.52 1 1
github.com/m00nk0d3/grove/internal/exec/git.go:138.3,139.1 1 1
github.com/m00nk0d3/grove/internal/exec/git.go:140.2,140.103 1 1
github.com/m00nk0d3/grove/internal/exec/git.go:145.2,146.11 2 1
github.com/m00nk0d3/grove/internal/exec/git.go:147.3,148.1 1 1
github.com/m00nk0d3/grove/internal/exec/git.go:149.2,150.1 2 1
github.com/m00nk0d3/grove/internal/exec/git.go:151.2,151.50 2 1
github.com/m00nk0d3/grove/internal/exec/git.go:157.2,157.49 1 1
github.com/m00nk0d3/grove/internal/exec/git.go:158.3,159.1 1 1
github.com/m00nk0d3/grove/internal/exec/git.go:160.2,160.53 1 1
github.com/m00nk0d3/grove/internal/exec/git.go:161.3,162.1 1 0
github.com/m00nk0d3/grove/internal/exec/git.go:163.2,163.18 1 1
github.com/m00nk0d3/grove/internal/exec/git.go:164.3,165.1 1 0
github.com/m00nk0d3/grove/internal/exec/git.go:166.2,166.53 1 1
github.com/m00nk0d3/grove/internal/exec/git.go:167.3,168.1 1 1
github.com/m00nk0d3/grove/internal/exec/git.go:169.2,169.12 1 1
github.com/m00nk0d3/grove/internal/exec/git.go:176.2,177.16 2 1
github.com/m00nk0d3/grove/internal/exec/git.go:178.3,179.1 1 1
github.com/m00nk0d3/grove/internal/exec/git.go:181.2,182.51 2 1
github.com/m00nk0d3/grove/internal/exec/git.go:183.3,184.17 2 1
github.com/m00nk0d3/grove/internal/exec/git.go:185.4,186.1 1 1
github.com/m00nk0d3/grove/internal/exec/git.go:188.2,188.19 1 1
github.com/m00nk0d3/grove/internal/exec/git.go:193.2,194.1 1 1
github.com/m00nk0d3/grove/internal/exec/git.go:198.2,199.18 2 1
github.com/m00nk0d3/grove/internal/exec/git.go:200.3,201.1 1 1
github.com/m00nk0d3/grove/internal/exec/git.go:202.2,203.1 2 1
github.com/m00nk0d3/grove/internal/exec/git.go:204.2,204.48 2 1
github.com/m00nk0d3/grove/internal/exec/git.go:209.2,210.1 1 1
github.com/m00nk0d3/grove/internal/exec/git.go:214.2,215.16 2 1
github.com/m00nk0d3/grove/internal/exec/git.go:216.3,217.1 1 1
github.com/m00nk0d3/grove/internal/exec/git.go:218.2,218.39 1 1
github.com/m00nk0d3/grove/internal/exec/git.go:223.2,224.16 2 1
github.com/m00nk0d3/grove/internal/exec/git.go:225.3,226.1 1 1
github.com/m00nk0d3/grove/internal/exec/git.go:227.2,227.39 1 1
github.com/m00nk0d3/grove/internal/exec/git.go:232.2,233.16 2 1
github.com/m00nk0d3/grove/internal/exec/git.go:234.3,235.1 1 1
github.com/m00nk0d3/grove/internal/exec/git.go:236.2,237.19 2 1
github.com/m00nk0d3/grove/internal/exec/git.go:238.3,239.1 1 1
github.com/m00nk0d3/grove/internal/exec/git.go:240.2,240.42 1 1
github.com/m00nk0d3/grove/internal/exec/git.go:245.2,246.16 2 1
github.com/m00nk0d3/grove/internal/exec/git.go:247.3,248.1 1 1
github.com/m00nk0d3/grove/internal/exec/git.go:249.2,249.39 1 1
github.com/m00nk0d3/grove/internal/exec/git.go:254.2,255.16 2 1
github.com/m00nk0d3/grove/internal/exec/git.go:256.3,257.1 1 1
github.com/m00nk0d3/grove/internal/exec/git.go:258.2,258.39 1 1
github.com/m00nk0d3/grove/internal/exec/git.go:265.2,266.16 2 1
github.com/m00nk0d3/grove/internal/exec/git.go:267.3,268.1 1 1
github.com/m00nk0d3/grove/internal/exec/git.go:270.2,271.51 2 1
github.com/m00nk0d3/grove/internal/exec/git.go:273.3,275.42 3 1
github.com/m00nk0d3/grove/internal/exec/git.go:276.4,276.12 1 1
github.com/m00nk0d3/grove/internal/exec/git.go:278.3,278.36 1 1
github.com/m00nk0d3/grove/internal/exec/git.go:280.2,280.22 1 1
github.com/m00nk0d3/grove/internal/exec/git.go:286.2,287.11 2 1
github.com/m00nk0d3/grove/internal/exec/git.go:288.3,289.1 1 1
github.com/m00nk0d3/grove/internal/exec/git.go:290.2,290.63 1 1
github.com/m00nk0d3/grove/internal/exec/git.go:294.2,295.16 2 1
github.com/m00nk0d3/grove/internal/exec/git.go:296.3,297.1 1 1
github.com/m00nk0d3/grove/internal/exec/git.go:299.2,299.20 1 1
github.com/m00nk0d3/grove/internal/exec/git.go:303.2,305.1 2 1
github.com/m00nk0d3/grove/internal/exec/git.go:308.2,310.1 5 1
github.com/m00nk0d3/grove/internal/exec/git.go:311.2,313.16 5 1
github.com/m00nk0d3/grove/internal/exec/git.go:314.3,315.26 2 1
github.com/m00nk0d3/grove/internal/exec/git.go:316.4,317.1 1 1
github.com/m00nk0d3/grove/internal/exec/git.go:319.3,319.72 1 0
github.com/m00nk0d3/grove/internal/exec/git.go:322.2,322.20 1 0
github.com/m00nk0d3/grove/internal/exec/git.go:326.2,330.1 2 1
github.com/m00nk0d3/grove/internal/exec/git.go:331.2,331.26 2 1
github.com/m00nk0d3/grove/internal/exec/git.go:332.3,332.21 1 1
github.com/m00nk0d3/grove/internal/exec/git.go:333.4,334.1 1 1
github.com/m00nk0d3/grove/internal/exec/git.go:337.2,338.29 2 1
github.com/m00nk0d3/grove/internal/exec/git.go:339.3,340.17 2 1
github.com/m00nk0d3/grove/internal/exec/git.go:341.4,341.12 1 1
github.com/m00nk0d3/grove/internal/exec/git.go:344.3,344.62 1 1
github.com/m00nk0d3/grove/internal/exec/git.go:345.4,348.1 3 1
github.com/m00nk0d3/grove/internal/exec/git.go:349.4,349.12 3 1
github.com/m00nk0d3/grove/internal/exec/git.go:352.3,352.21 1 1
github.com/m00nk0d3/grove/internal/exec/git.go:353.4,354.1 1 1
github.com/m00nk0d3/grove/internal/exec/git.go:356.3,356.10 1 1
github.com/m00nk0d3/grove/internal/exec/git.go:358.4,358.60 1 1
github.com/m00nk0d3/grove/internal/exec/git.go:360.4,361.68 2 1
github.com/m00nk0d3/grove/internal/exec/git.go:363.4,363.28 1 1
github.com/m00nk0d3/grove/internal/exec/git.go:364.5,365.1 1 1
github.com/m00nk0d3/grove/internal/exec/git.go:367.4,367.26 1 1
github.com/m00nk0d3/grove/internal/exec/git.go:369.4,369.27 1 1
github.com/m00nk0d3/grove/internal/exec/git.go:373.2,374.1 2 1
github.com/m00nk0d3/grove/internal/exec/git.go:375.2,375.23 2 1
github.com/m00nk0d3/grove/internal/exec/git.go:383.2,384.16 2 1
github.com/m00nk0d3/grove/internal/exec/git.go:385.3,386.1 1 1
github.com/m00nk0d3/grove/internal/exec/git.go:387.2,388.15 2 1
github.com/m00nk0d3/grove/internal/exec/git.go:389.3,390.1 1 1
github.com/m00nk0d3/grove/internal/exec/git.go:391.2,391.26 1 1
github.com/m00nk0d3/grove/internal/exec/git.go:392.3,393.1 1 1
github.com/m00nk0d3/grove/internal/exec/git.go:394.2,394.33 1 1
github.com/m00nk0d3/grove/internal/exec/git.go:400.2,400.59 1 1
github.com/m00nk0d3/grove/internal/exec/git.go:401.3,401.104 1 1
github.com/m00nk0d3/grove/internal/exec/git.go:402.4,403.1 1 1
github.com/m00nk0d3/grove/internal/exec/git.go:405.2,405.14 1 1
github.com/m00nk0d3/grove/internal/exec/github.go:23.2,24.1 2 1
github.com/m00nk0d3/grove/internal/exec/github.go:25.2,25.29 2 1
github.com/m00nk0d3/grove/internal/exec/github.go:26.3,26.30 1 1
github.com/m00nk0d3/grove/internal/exec/github.go:27.4,27.12 1 1
github.com/m00nk0d3/grove/internal/exec/github.go:29.3,30.15 2 1
github.com/m00nk0d3/grove/internal/exec/github.go:31.4,31.12 1 1
github.com/m00nk0d3/grove/internal/exec/github.go:33.3,34.17 2 1
github.com/m00nk0d3/grove/internal/exec/github.go:35.4,35.12 1 0
github.com/m00nk0d3/grove/internal/exec/github.go:37.3,37.40 1 1
github.com/m00nk0d3/grove/internal/exec/github.go:41.2,42.29 2 1
github.com/m00nk0d3/grove/internal/exec/github.go:43.3,44.1 1 1
github.com/m00nk0d3/grove/internal/exec/github.go:46.2,46.24 1 1
github.com/m00nk0d3/grove/internal/exec/github.go:47.3,48.36 2 1
github.com/m00nk0d3/grove/internal/exec/github.go:49.4,51.1 2 1
github.com/m00nk0d3/grove/internal/exec/github.go:56.2,57.43 2 1
github.com/m00nk0d3/grove/internal/exec/github.go:58.3,58.32 1 1
github.com/m00nk0d3/grove/internal/exec/github.go:59.4,60.1 1 1
github.com/m00nk0d3/grove/internal/exec/github.go:62.2,62.24 1 1
github.com/m00nk0d3/grove/internal/exec/github.go:63.3,64.41 2 1
github.com/m00nk0d3/grove/internal/exec/github.go:65.4,65.12 1 0
github.com/m00nk0d3/grove/internal/exec/github.go:67.3,67.65 1 1
github.com/m00nk0d3/grove/internal/exec/github.go:68.4,69.1 1 1
github.com/m00nk0d3/grove/internal/exec/github.go:81.2,82.1 1 1
github.com/m00nk0d3/grove/internal/exec/github.go:86.2,87.1 1 1
github.com/m00nk0d3/grove/internal/exec/github.go:91.2,92.16 2 1
github.com/m00nk0d3/grove/internal/exec/github.go:93.3,94.1 1 1
github.com/m00nk0d3/grove/internal/exec/github.go:96.2,97.16 2 1
github.com/m00nk0d3/grove/internal/exec/github.go:98.3,99.1 1 1
github.com/m00nk0d3/grove/internal/exec/github.go:101.2,101.20 1 1
github.com/m00nk0d3/grove/internal/exec/github.go:125.2,126.57 2 1
github.com/m00nk0d3/grove/internal/exec/github.go:127.3,128.1 1 1
github.com/m00nk0d3/grove/internal/exec/github.go:130.2,131.23 2 1
github.com/m00nk0d3/grove/internal/exec/github.go:132.3,133.30 2 1
github.com/m00nk0d3/grove/internal/exec/github.go:134.4,135.1 1 1
github.com/m00nk0d3/grove/internal/exec/github.go:136.3,137.27 2 1
github.com/m00nk0d3/grove/internal/exec/github.go:138.4,139.34 2 1
github.com/m00nk0d3/grove/internal/exec/github.go:140.5,141.1 1 1
github.com/m00nk0d3/grove/internal/exec/github.go:143.3,150.5 1 1
github.com/m00nk0d3/grove/internal/exec/github.go:153.2,153.20 1 1
github.com/m00nk0d3/grove/internal/exec/github.go:158.2,159.16 2 0
github.com/m00nk0d3/grove/internal/exec/github.go:160.3,161.1 1 0
github.com/m00nk0d3/grove/internal/exec/github.go:162.2,167.1 2 0
github.com/m00nk0d3/grove/internal/exec/github.go:168.2,168.64 2 0
github.com/m00nk0d3/grove/internal/exec/github.go:169.3,170.1 1 0
github.com/m00nk0d3/grove/internal/exec/github.go:171.2,171.45 1 0
github.com/m00nk0d3/grove/internal/exec/github.go:180.2,180.52 1 1
github.com/m00nk0d3/grove/internal/exec/github.go:182.3,182.11 1 1
github.com/m00nk0d3/grove/internal/exec/github.go:184.3,184.11 1 1
github.com/m00nk0d3/grove/internal/exec/github.go:186.3,186.11 1 0
github.com/m00nk0d3/grove/internal/exec/github.go:188.3,188.11 1 1
github.com/m00nk0d3/grove/internal/exec/github.go:190.3,190.11 1 1
github.com/m00nk0d3/grove/internal/exec/github.go:192.3,192.11 1 0
github.com/m00nk0d3/grove/internal/exec/github.go:204.2,225.16 3 1
github.com/m00nk0d3/grove/internal/exec/github.go:226.3,227.1 1 1
github.com/m00nk0d3/grove/internal/exec/github.go:228.2,245.1 2 1
github.com/m00nk0d3/grove/internal/exec/github.go:246.2,246.62 2 1
github.com/m00nk0d3/grove/internal/exec/github.go:247.3,248.1 1 0
github.com/m00nk0d3/grove/internal/exec/github.go:249.2,250.58 2 1
github.com/m00nk0d3/grove/internal/exec/github.go:251.3,252.49 2 1
github.com/m00nk0d3/grove/internal/exec/github.go:253.4,254.18 2 1
github.com/m00nk0d3/grove/internal/exec/github.go:255.5,255.13 1 0
github.com/m00nk0d3/grove/internal/exec/github.go:257.4,257.71 1 1
github.com/m00nk0d3/grove/internal/exec/github.go:258.5,259.1 1 1
github.com/m00nk0d3/grove/internal/exec/github.go:261.3,261.17 1 1
github.com/m00nk0d3/grove/internal/exec/github.go:262.4,263.1 1 1
github.com/m00nk0d3/grove/internal/exec/github.go:265.2,265.20 1 1
github.com/m00nk0d3/grove/internal/exec/github.go:272.2,290.16 3 1
github.com/m00nk0d3/grove/internal/exec/github.go:291.3,292.1 1 1
github.com/m00nk0d3/grove/internal/exec/github.go:293.2,308.1 2 1
github.com/m00nk0d3/grove/internal/exec/github.go:309.2,309.62 2 1
github.com/m00nk0d3/grove/internal/exec/github.go:310.3,311.1 1 1
github.com/m00nk0d3/grove/internal/exec/github.go:312.2,313.58 2 1
github.com/m00nk0d3/grove/internal/exec/github.go:314.3,314.37 1 1
github.com/m00nk0d3/grove/internal/exec/github.go:315.4,316.47 2 1
github.com/m00nk0d3/grove/internal/exec/github.go:317.5,318.1 1 1
github.com/m00nk0d3/grove/internal/exec/github.go:319.4,319.35 1 1
github.com/m00nk0d3/grove/internal/exec/github.go:322.2,322.20 1 1
github.com/m00nk0d3/grove/internal/exec/github.go:333.2,334.1 1 1
github.com/m00nk0d3/grove/internal/exec/github.go:338.2,339.1 1 1
github.com/m00nk0d3/grove/internal/exec/github.go:345.2,346.16 2 1
github.com/m00nk0d3/grove/internal/exec/github.go:347.3,348.1 1 1
github.com/m00nk0d3/grove/internal/exec/github.go:350.2,351.16 2 1
github.com/m00nk0d3/grove/internal/exec/github.go:352.3,353.1 1 1
github.com/m00nk0d3/grove/internal/exec/github.go:355.2,355.17 1 1
github.com/m00nk0d3/grove/internal/exec/github.go:361.2,361.19 1 1
github.com/m00nk0d3/grove/internal/exec/github.go:362.3,363.1 1 0
github.com/m00nk0d3/grove/internal/exec/github.go:365.2,366.16 2 1
github.com/m00nk0d3/grove/internal/exec/github.go:367.3,368.1 1 0
github.com/m00nk0d3/grove/internal/exec/github.go:369.2,372.1 2 1
github.com/m00nk0d3/grove/internal/exec/github.go:373.2,373.72 2 1
github.com/m00nk0d3/grove/internal/exec/github.go:374.3,375.1 1 0
github.com/m00nk0d3/grove/internal/exec/github.go:377.2,403.16 3 1
github.com/m00nk0d3/grove/internal/exec/github.go:404.3,405.1 1 0
github.com/m00nk0d3/grove/internal/exec/github.go:406.2,431.1 2 1
github.com/m00nk0d3/grove/internal/exec/github.go:432.2,432.66 2 1
github.com/m00nk0d3/grove/internal/exec/github.go:433.3,434.1 1 0
github.com/m00nk0d3/grove/internal/exec/github.go:435.2,435.30 1 1
github.com/m00nk0d3/grove/internal/exec/github.go:436.3,437.1 1 0
github.com/m00nk0d3/grove/internal/exec/github.go:439.2,444.67 3 1
github.com/m00nk0d3/grove/internal/exec/github.go:445.3,445.51 1 1
github.com/m00nk0d3/grove/internal/exec/github.go:446.4,446.26 1 1
github.com/m00nk0d3/grove/internal/exec/github.go:447.5,448.1 1 1
github.com/m00nk0d3/grove/internal/exec/github.go:450.3,451.47 2 1
github.com/m00nk0d3/grove/internal/exec/github.go:452.4,453.1 1 1
github.com/m00nk0d3/grove/internal/exec/github.go:454.3,455.51 2 1
github.com/m00nk0d3/grove/internal/exec/github.go:456.4,457.1 1 1
github.com/m00nk0d3/grove/internal/exec/github.go:458.3,461.42 1 1
github.com/m00nk0d3/grove/internal/exec/github.go:463.2,463.21 1 1
github.com/m00nk0d3/grove/internal/exec/github.go:464.3,466.58 3 1
github.com/m00nk0d3/grove/internal/exec/github.go:467.4,469.1 2 1
github.com/m00nk0d3/grove/internal/exec/github.go:472.2,480.16 2 1
github.com/m00nk0d3/grove/internal/exec/github.go:481.3,482.1 1 0
github.com/m00nk0d3/grove/internal/exec/github.go:483.2,485.1 2 1
github.com/m00nk0d3/grove/internal/exec/github.go:486.2,486.76 2 1
github.com/m00nk0d3/grove/internal/exec/github.go:487.3,488.1 1 0
github.com/m00nk0d3/grove/internal/exec/github.go:489.2,490.31 2 1
github.com/m00nk0d3/grove/internal/exec/github.go:491.3,492.1 1 1
github.com/m00nk0d3/grove/internal/exec/github.go:494.2,494.21 1 1
github.com/m00nk0d3/grove/internal/exec/github.go:495.3,496.1 1 1
github.com/m00nk0d3/grove/internal/exec/github.go:497.2,497.12 1 1
github.com/m00nk0d3/grove/internal/exec/github.go:502.2,503.16 2 1
github.com/m00nk0d3/grove/internal/exec/github.go:504.3,505.1 1 1
github.com/m00nk0d3/grove/internal/exec/github.go:507.2,508.16 2 1
github.com/m00nk0d3/grove/internal/exec/github.go:509.3,510.1 1 1
github.com/m00nk0d3/grove/internal/exec/github.go:512.2,512.16 1 1
github.com/m00nk0d3/grove/internal/exec/github.go:553.2,554.29 2 1
github.com/m00nk0d3/grove/internal/exec/github.go:555.3,556.1 1 1
github.com/m00nk0d3/grove/internal/exec/github.go:557.2,558.26 2 1
github.com/m00nk0d3/grove/internal/exec/github.go:559.3,560.33 2 1
github.com/m00nk0d3/grove/internal/exec/github.go:561.4,562.1 1 1
github.com/m00nk0d3/grove/internal/exec/github.go:564.2,565.25 2 1
github.com/m00nk0d3/grove/internal/exec/github.go:566.3,567.38 2 1
github.com/m00nk0d3/grove/internal/exec/github.go:568.4,569.1 1 1
github.com/m00nk0d3/grove/internal/exec/github.go:571.2,572.30 2 1
github.com/m00nk0d3/grove/internal/exec/github.go:573.3,574.42 2 1
github.com/m00nk0d3/grove/internal/exec/github.go:575.4,576.1 1 1
github.com/m00nk0d3/grove/internal/exec/github.go:578.2,579.44 2 1
github.com/m00nk0d3/grove/internal/exec/github.go:580.3,580.72 1 1
github.com/m00nk0d3/grove/internal/exec/github.go:582.4,582.24 1 1
github.com/m00nk0d3/grove/internal/exec/github.go:585.2,600.1 1 1
github.com/m00nk0d3/grove/internal/exec/github.go:604.2,611.1 2 1
github.com/m00nk0d3/grove/internal/exec/github.go:615.2,615.31 1 1
github.com/m00nk0d3/grove/internal/exec/github.go:616.3,616.18 1 1
github.com/m00nk0d3/grove/internal/exec/github.go:617.4,618.1 1 1
github.com/m00nk0d3/grove/internal/exec/github.go:620.2,620.11 1 0
github.com/m00nk0d3/grove/internal/exec/github.go:624.2,625.57 2 1
github.com/m00nk0d3/grove/internal/exec/github.go:626.3,627.1 1 1
github.com/m00nk0d3/grove/internal/exec/github.go:629.2,630.23 2 1
github.com/m00nk0d3/grove/internal/exec/github.go:631.3,632.1 1 1
github.com/m00nk0d3/grove/internal/exec/github.go:634.2,634.17 1 1
github.com/m00nk0d3/grove/internal/exec/github.go:638.2,639.56 2 1
github.com/m00nk0d3/grove/internal/exec/github.go:640.3,641.1 1 1
github.com/m00nk0d3/grove/internal/exec/github.go:643.2,644.17 2 1
github.com/m00nk0d3/grove/internal/exec/github.go:648.2,650.1 5 0
github.com/m00nk0d3/grove/internal/exec/github.go:651.2,653.16 5 0
github.com/m00nk0d3/grove/internal/exec/github.go:654.3,655.20 2 0
github.com/m00nk0d3/grove/internal/exec/github.go:656.4,657.1 1 0
github.com/m00nk0d3/grove/internal/exec/github.go:658.3,658.71 1 0
github.com/m00nk0d3/grove/internal/exec/github.go:661.2,661.20 1 0
github.com/m00nk0d3/grove/internal/exec/github_writer.go:23.2,24.1 1 0
github.com/m00nk0d3/grove/internal/exec/github_writer.go:29.2,30.1 1 1
github.com/m00nk0d3/grove/internal/exec/github_writer.go:35.2,36.16 2 1
github.com/m00nk0d3/grove/internal/exec/github_writer.go:37.3,38.1 1 0
github.com/m00nk0d3/grove/internal/exec/github_writer.go:39.2,40.34 2 1
github.com/m00nk0d3/grove/internal/exec/github_writer.go:41.3,42.1 1 0
github.com/m00nk0d3/grove/internal/exec/github_writer.go:43.2,43.18 1 1
github.com/m00nk0d3/grove/internal/exec/github_writer.go:50.2,50.36 1 1
github.com/m00nk0d3/grove/internal/exec/github_writer.go:51.3,52.1 1 1
github.com/m00nk0d3/grove/internal/exec/github_writer.go:53.2,54.16 2 1
github.com/m00nk0d3/grove/internal/exec/github_writer.go:55.3,56.1 1 0
github.com/m00nk0d3/grove/internal/exec/github_writer.go:57.2,60.56 4 1
github.com/m00nk0d3/grove/internal/exec/github_writer.go:61.3,62.1 1 0
github.com/m00nk0d3/grove/internal/exec/github_writer.go:64.2,65.31 2 1
github.com/m00nk0d3/grove/internal/exec/github_writer.go:66.3,67.1 1 1
github.com/m00nk0d3/grove/internal/exec/github_writer.go:68.2,69.16 2 1
github.com/m00nk0d3/grove/internal/exec/github_writer.go:70.3,71.1 1 1
github.com/m00nk0d3/grove/internal/exec/github_writer.go:72.2,73.18 2 1
github.com/m00nk0d3/grove/internal/exec/github_writer.go:74.3,75.1 1 1
github.com/m00nk0d3/grove/internal/exec/github_writer.go:76.2,77.30 2 1
github.com/m00nk0d3/grove/internal/exec/github_writer.go:90.36,90.84 1 1
github.com/m00nk0d3/grove/internal/exec/github_writer.go:94.2,96.52 3 1
github.com/m00nk0d3/grove/internal/exec/github_writer.go:97.3,98.1 1 1
github.com/m00nk0d3/grove/internal/exec/github_writer.go:99.2,99.22 1 1
github.com/m00nk0d3/grove/internal/exec/github_writer.go:117.2,118.9 2 1
github.com/m00nk0d3/grove/internal/exec/github_writer.go:119.3,120.1 1 0
github.com/m00nk0d3/grove/internal/exec/github_writer.go:121.2,122.16 2 1
github.com/m00nk0d3/grove/internal/exec/github_writer.go:123.3,124.1 1 0
github.com/m00nk0d3/grove/internal/exec/github_writer.go:125.2,140.1 2 1
github.com/m00nk0d3/grove/internal/exec/github_writer.go:141.2,141.59 2 1
github.com/m00nk0d3/grove/internal/exec/github_writer.go:142.3,143.1 1 0
github.com/m00nk0d3/grove/internal/exec/github_writer.go:144.2,145.58 2 1
github.com/m00nk0d3/grove/internal/exec/github_writer.go:146.3,147.1 1 1
github.com/m00nk0d3/grove/internal/exec/github_writer.go:148.2,148.22 1 1
github.com/m00nk0d3/grove/internal/exec/github_writer.go:153.2,154.16 2 1
github.com/m00nk0d3/grove/internal/exec/github_writer.go:155.3,156.1 1 0
github.com/m00nk0d3/grove/internal/exec/github_writer.go:157.2,161.1 2 1
github.com/m00nk0d3/grove/internal/exec/github_writer.go:162.2,162.59 2 1
github.com/m00nk0d3/grove/internal/exec/github_writer.go:163.3,164.1 1 0
github.com/m00nk0d3/grove/internal/exec/github_writer.go:165.2,165.86 1 1
github.com/m00nk0d3/grove/internal/exec/github_writer.go:172.2,174.16 3 1
github.com/m00nk0d3/grove/internal/exec/github_writer.go:175.3,176.1 1 0
github.com/m00nk0d3/grove/internal/exec/github_writer.go:177.2,179.1 2 1
github.com/m00nk0d3/grove/internal/exec/github_writer.go:180.2,180.76 2 1
github.com/m00nk0d3/grove/internal/exec/github_writer.go:181.3,182.1 1 0
github.com/m00nk0d3/grove/internal/exec/github_writer.go:184.2,185.16 2 1
github.com/m00nk0d3/grove/internal/exec/github_writer.go:186.3,187.1 1 0
github.com/m00nk0d3/grove/internal/exec/github_writer.go:188.2,197.1 2 1
github.com/m00nk0d3/grove/internal/exec/github_writer.go:198.2,198.61 2 1
github.com/m00nk0d3/grove/internal/exec/github_writer.go:199.3,200.1 1 0
github.com/m00nk0d3/grove/internal/exec/github_writer.go:201.2,202.34 2 1
github.com/m00nk0d3/grove/internal/exec/github_writer.go:203.3,203.43 1 1
github.com/m00nk0d3/grove/internal/exec/github_writer.go:204.4,204.12 1 1
github.com/m00nk0d3/grove/internal/exec/github_writer.go:206.3,207.31 2 1
github.com/m00nk0d3/grove/internal/exec/github_writer.go:208.4,208.41 1 1
github.com/m00nk0d3/grove/internal/exec/github_writer.go:209.5,210.1 1 1
github.com/m00nk0d3/grove/internal/exec/github_writer.go:213.2,213.19 1 1
github.com/m00nk0d3/grove/internal/exec/github_writer.go:214.3,215.1 1 0
github.com/m00nk0d3/grove/internal/exec/github_writer.go:216.2,216.20 1 1
github.com/m00nk0d3/grove/internal/exec/github_writer.go:217.3,218.1 1 1
github.com/m00nk0d3/grove/internal/exec/github_writer.go:220.2,221.77 1 1
github.com/m00nk0d3/grove/internal/exec/github_writer.go:222.3,223.1 1 0
github.com/m00nk0d3/grove/internal/exec/github_writer.go:224.2,224.12 1 1
github.com/m00nk0d3/grove/internal/exec/github_writer.go:238.2,239.16 2 1
github.com/m00nk0d3/grove/internal/exec/github_writer.go:240.3,241.1 1 0
github.com/m00nk0d3/grove/internal/exec/github_writer.go:242.2,244.1 2 1
github.com/m00nk0d3/grove/internal/exec/github_writer.go:245.2,245.63 2 1
github.com/m00nk0d3/grove/internal/exec/github_writer.go:246.3,247.1 1 0
github.com/m00nk0d3/grove/internal/exec/github_writer.go:248.2,249.29 2 1
github.com/m00nk0d3/grove/internal/exec/github_writer.go:250.3,251.1 1 1
github.com/m00nk0d3/grove/internal/exec/github_writer.go:252.2,252.31 1 1
github.com/m00nk0d3/grove/internal/exec/github_writer.go:253.3,253.35 1 1
github.com/m00nk0d3/grove/internal/exec/github_writer.go:254.4,254.12 1 1
github.com/m00nk0d3/grove/internal/exec/github_writer.go:256.3,257.45 2 1
github.com/m00nk0d3/grove/internal/exec/github_writer.go:258.4,259.1 1 1
github.com/m00nk0d3/grove/internal/exec/github_writer.go:260.3,260.58 1 1
github.com/m00nk0d3/grove/internal/exec/github_writer.go:261.4,262.1 1 0
github.com/m00nk0d3/grove/internal/exec/github_writer.go:264.2,264.12 1 1
github.com/m00nk0d3/grove/internal/exec/github_writer.go:270.2,271.16 2 1
github.com/m00nk0d3/grove/internal/exec/github_writer.go:272.3,273.1 1 0
github.com/m00nk0d3/grove/internal/exec/github_writer.go:274.2,275.27 2 1
github.com/m00nk0d3/grove/internal/exec/github_writer.go:276.3,277.1 1 1
github.com/m00nk0d3/grove/internal/exec/github_writer.go:278.2,278.16 1 1
github.com/m00nk0d3/grove/internal/exec/github_writer.go:284.2,285.16 2 1
github.com/m00nk0d3/grove/internal/exec/github_writer.go:286.3,287.1 1 1
github.com/m00nk0d3/grove/internal/exec/github_writer.go:288.2,289.57 1 1
github.com/m00nk0d3/grove/internal/exec/github_writer.go:290.3,291.1 1 0
github.com/m00nk0d3/grove/internal/exec/github_writer.go:292.2,292.12 1 1
github.com/m00nk0d3/grove/internal/exec/github_writer.go:298.2,299.16 2 1
github.com/m00nk0d3/grove/internal/exec/github_writer.go:300.3,301.1 1 0
github.com/m00nk0d3/grove/internal/exec/github_writer.go:302.2,303.53 1 1
github.com/m00nk0d3/grove/internal/exec/github_writer.go:304.3,305.1 1 0
github.com/m00nk0d3/grove/internal/exec/github_writer.go:306.2,306.12 1 1
github.com/m00nk0d3/grove/internal/mission/control.go:34.2,37.1 6 1
github.com/m00nk0d3/grove/internal/mission/control.go:38.2,65.1 6 1
github.com/m00nk0d3/grove/internal/mission/control.go:67.2,68.1 6 1
github.com/m00nk0d3/grove/internal/mission/control.go:70.2,70.67 6 1
github.com/m00nk0d3/grove/internal/mission/control.go:71.3,71.45 1 1
github.com/m00nk0d3/grove/internal/mission/control.go:72.4,72.53 1 1
github.com/m00nk0d3/grove/internal/mission/control.go:73.5,74.40 2 1
github.com/m00nk0d3/grove/internal/mission/control.go:75.6,75.24 1 1
github.com/m00nk0d3/grove/internal/mission/control.go:76.7,77.12 2 1
github.com/m00nk0d3/grove/internal/mission/control.go:80.5,80.18 1 1
github.com/m00nk0d3/grove/internal/mission/control.go:81.6,82.1 1 1
github.com/m00nk0d3/grove/internal/mission/control.go:85.3,85.48 1 1
github.com/m00nk0d3/grove/internal/mission/control.go:86.4,87.1 1 1
github.com/m00nk0d3/grove/internal/mission/control.go:91.2,91.37 1 1
github.com/m00nk0d3/grove/internal/mission/control.go:92.3,93.33 2 1
github.com/m00nk0d3/grove/internal/mission/control.go:94.4,95.1 1 1
github.com/m00nk0d3/grove/internal/mission/control.go:96.3,99.5 1 1
github.com/m00nk0d3/grove/internal/mission/control.go:100.9,100.61 1 1
github.com/m00nk0d3/grove/internal/mission/control.go:101.3,105.1 1 1
github.com/m00nk0d3/grove/internal/mission/control.go:108.2,109.37 2 1
github.com/m00nk0d3/grove/internal/mission/control.go:110.3,111.1 1 1
github.com/m00nk0d3/grove/internal/mission/control.go:112.2,112.33 1 1
github.com/m00nk0d3/grove/internal/mission/control.go:113.3,114.1 2 1
github.com/m00nk0d3/grove/internal/mission/control.go:115.3,115.25 2 1
github.com/m00nk0d3/grove/internal/mission/control.go:116.4,116.39 1 1
github.com/m00nk0d3/grove/internal/mission/control.go:117.5,117.43 1 1
github.com/m00nk0d3/grove/internal/mission/control.go:118.6,119.11 2 1
github.com/m00nk0d3/grove/internal/mission/control.go:123.3,124.17 2 1
github.com/m00nk0d3/grove/internal/mission/control.go:125.4,126.1 1 1
github.com/m00nk0d3/grove/internal/mission/control.go:127.3,127.25 1 1
github.com/m00nk0d3/grove/internal/mission/control.go:128.4,129.1 1 1
github.com/m00nk0d3/grove/internal/mission/control.go:130.3,130.28 1 1
github.com/m00nk0d3/grove/internal/mission/control.go:131.4,132.1 1 1
github.com/m00nk0d3/grove/internal/mission/control.go:136.2,137.1 2 1
github.com/m00nk0d3/grove/internal/mission/control.go:139.2,139.49 2 1
github.com/m00nk0d3/grove/internal/mission/control.go:140.3,144.1 1 1
github.com/m00nk0d3/grove/internal/mission/control.go:147.2,147.85 1 1
github.com/m00nk0d3/grove/internal/mission/control.go:148.3,149.1 1 1
github.com/m00nk0d3/grove/internal/mission/control.go:151.2,151.14 1 1
github.com/m00nk0d3/grove/internal/mission/control.go:155.2,155.23 1 1
github.com/m00nk0d3/grove/internal/mission/control.go:156.3,159.1 3 1
github.com/m00nk0d3/grove/internal/mission/control.go:161.2,162.21 2 1
github.com/m00nk0d3/grove/internal/mission/control.go:163.3,164.1 1 0
github.com/m00nk0d3/grove/internal/mission/control.go:165.2,172.1 1 1
github.com/m00nk0d3/grove/internal/mission/control.go:177.2,177.21 1 1
github.com/m00nk0d3/grove/internal/mission/control.go:178.3,178.18 1 1
github.com/m00nk0d3/grove/internal/mission/control.go:179.4,182.1 1 1
github.com/m00nk0d3/grove/internal/mission/control.go:184.3,184.30 1 1
github.com/m00nk0d3/grove/internal/mission/control.go:187.2,190.1 2 1
github.com/m00nk0d3/grove/internal/mission/control.go:192.2,192.28 2 1
github.com/m00nk0d3/grove/internal/mission/control.go:193.3,196.1 3 1
github.com/m00nk0d3/grove/internal/mission/control.go:197.3,199.1 2 0
github.com/m00nk0d3/grove/internal/mission/control.go:201.2,201.20 1 1
github.com/m00nk0d3/grove/internal/mission/control.go:207.2,207.21 1 1
github.com/m00nk0d3/grove/internal/mission/control.go:208.3,209.1 1 1
github.com/m00nk0d3/grove/internal/mission/control.go:211.2,212.28 2 1
github.com/m00nk0d3/grove/internal/mission/control.go:213.3,214.1 1 1
github.com/m00nk0d3/grove/internal/mission/control.go:215.2,215.20 1 1
github.com/m00nk0d3/grove/internal/mission/control.go:219.2,220.1 1 1
github.com/m00nk0d3/grove/internal/mission/control.go:225.2,225.17 1 1
github.com/m00nk0d3/grove/internal/mission/control.go:226.3,227.1 1 1
github.com/m00nk0d3/grove/internal/mission/control.go:228.2,228.23 1 1
github.com/m00nk0d3/grove/internal/mission/control.go:233.2,233.17 1 1
github.com/m00nk0d3/grove/internal/mission/control.go:234.3,235.1 1 1
github.com/m00nk0d3/grove/internal/mission/control.go:236.2,236.20 1 1
github.com/m00nk0d3/grove/internal/mission/control.go:241.2,241.17 1 1
github.com/m00nk0d3/grove/internal/mission/control.go:242.3,243.1 1 1
github.com/m00nk0d3/grove/internal/mission/control.go:244.2,244.19 1 1
github.com/m00nk0d3/grove/internal/mission/control.go:251.2,251.26 1 1
github.com/m00nk0d3/grove/internal/mission/control.go:252.3,253.1 1 1
github.com/m00nk0d3/grove/internal/mission/control.go:254.2,255.40 2 1
github.com/m00nk0d3/grove/internal/mission/control.go:256.3,257.1 1 1
github.com/m00nk0d3/grove/internal/mission/control.go:258.2,258.33 1 1
github.com/m00nk0d3/grove/internal/mission/control.go:259.3,259.40 1 1
github.com/m00nk0d3/grove/internal/mission/control.go:260.4,260.12 1 1
github.com/m00nk0d3/grove/internal/mission/control.go:262.3,262.68 1 1
github.com/m00nk0d3/grove/internal/mission/control.go:263.4,265.1 2 1
github.com/m00nk0d3/grove/internal/mission/control.go:270.2,273.1 3 1
github.com/m00nk0d3/grove/internal/mission/control.go:276.2,277.24 2 1
github.com/m00nk0d3/grove/internal/mission/control.go:278.3,278.31 1 1
github.com/m00nk0d3/grove/internal/mission/control.go:279.4,281.1 2 1
github.com/m00nk0d3/grove/internal/mission/control.go:283.2,283.15 1 1
github.com/m00nk0d3/grove/internal/mission/control.go:287.2,288.24 2 1
github.com/m00nk0d3/grove/internal/mission/control.go:289.3,293.1 4 1
github.com/m00nk0d3/grove/internal/mission/control.go:294.2,294.15 1 1
github.com/m00nk0d3/grove/internal/mission/control.go:298.2,299.24 2 1
github.com/m00nk0d3/grove/internal/mission/control.go:300.3,301.1 1 1
github.com/m00nk0d3/grove/internal/mission/control.go:302.2,302.15 1 1
github.com/m00nk0d3/grove/internal/mission/control.go:306.2,311.1 5 1
github.com/m00nk0d3/grove/internal/mission/control.go:314.2,315.24 2 1
github.com/m00nk0d3/grove/internal/mission/control.go:316.3,324.1 8 0
github.com/m00nk0d3/grove/internal/mission/control.go:325.2,325.15 1 1
github.com/m00nk0d3/grove/internal/mission/control.go:329.2,329.18 1 1
github.com/m00nk0d3/grove/internal/mission/control.go:330.3,331.1 1 1
github.com/m00nk0d3/grove/internal/mission/control.go:332.2,333.16 2 0
github.com/m00nk0d3/grove/internal/mission/control.go:342.2,343.1 2 0
github.com/m00nk0d3/grove/internal/mission/control.go:344.2,344.37 2 0
github.com/m00nk0d3/grove/internal/mission/control.go:345.3,345.59 1 0
github.com/m00nk0d3/grove/internal/mission/control.go:346.4,351.1 3 0
github.com/m00nk0d3/grove/internal/mission/control.go:352.4,353.12 3 0
github.com/m00nk0d3/grove/internal/mission/control.go:356.3,356.59 1 0
github.com/m00nk0d3/grove/internal/mission/control.go:357.4,362.1 3 0
github.com/m00nk0d3/grove/internal/mission/control.go:363.4,364.12 3 0
github.com/m00nk0d3/grove/internal/mission/control.go:367.3,367.38 1 0
github.com/m00nk0d3/grove/internal/mission/control.go:368.4,369.33 2 0
github.com/m00nk0d3/grove/internal/mission/control.go:370.5,370.33 1 0
github.com/m00nk0d3/grove/internal/mission/control.go:371.6,372.11 2 0
github.com/m00nk0d3/grove/internal/mission/control.go:375.4,375.17 1 0
github.com/m00nk0d3/grove/internal/mission/control.go:376.5,380.1 2 0
github.com/m00nk0d3/grove/internal/mission/control.go:381.5,382.1 2 0
github.com/m00nk0d3/grove/internal/mission/control.go:386.2,386.18 1 0
github.com/m00nk0d3/grove/internal/mission/control.go:391.2,391.25 1 0
github.com/m00nk0d3/grove/internal/mission/control.go:392.3,392.34 1 0
github.com/m00nk0d3/grove/internal/mission/control.go:393.4,394.1 1 0
github.com/m00nk0d3/grove/internal/mission/control.go:396.2,396.36 1 0
github.com/m00nk0d3/grove/internal/mission/control.go:401.2,401.25 1 0
github.com/m00nk0d3/grove/internal/mission/control.go:402.3,402.50 1 0
github.com/m00nk0d3/grove/internal/mission/control.go:403.4,404.1 1 0
github.com/m00nk0d3/grove/internal/mission/control.go:406.2,406.36 1 0
github.com/m00nk0d3/grove/internal/mission/correlation.go:30.2,31.1 3 1
github.com/m00nk0d3/grove/internal/mission/correlation.go:34.2,35.27 3 1
github.com/m00nk0d3/grove/internal/mission/correlation.go:36.3,39.1 5 1
github.com/m00nk0d3/grove/internal/mission/correlation.go:42.3,43.1 5 1
github.com/m00nk0d3/grove/internal/mission/correlation.go:45.3,46.1 5 1
github.com/m00nk0d3/grove/internal/mission/correlation.go:47.3,47.30 5 1
github.com/m00nk0d3/grove/internal/mission/correlation.go:48.4,49.1 1 1
github.com/m00nk0d3/grove/internal/mission/correlation.go:51.3,51.36 1 1
github.com/m00nk0d3/grove/internal/mission/correlation.go:55.2,55.31 1 1
github.com/m00nk0d3/grove/internal/mission/correlation.go:56.3,57.16 2 1
github.com/m00nk0d3/grove/internal/mission/correlation.go:58.4,58.12 1 0
github.com/m00nk0d3/grove/internal/mission/correlation.go:60.3,61.10 2 1
github.com/m00nk0d3/grove/internal/mission/correlation.go:62.4,62.12 1 0
github.com/m00nk0d3/grove/internal/mission/correlation.go:64.3,64.58 1 1
github.com/m00nk0d3/grove/internal/mission/correlation.go:68.2,69.31 2 1
github.com/m00nk0d3/grove/internal/mission/correlation.go:70.3,71.16 2 1
github.com/m00nk0d3/grove/internal/mission/correlation.go:72.4,73.1 1 1
github.com/m00nk0d3/grove/internal/mission/correlation.go:75.2,75.31 1 1
github.com/m00nk0d3/grove/internal/mission/correlation.go:76.3,77.10 2 1
github.com/m00nk0d3/grove/internal/mission/correlation.go:78.4,78.12 1 0
github.com/m00nk0d3/grove/internal/mission/correlation.go:80.3,81.10 2 1
github.com/m00nk0d3/grove/internal/mission/correlation.go:82.4,82.12 1 0
github.com/m00nk0d3/grove/internal/mission/correlation.go:84.3,84.55 1 1
github.com/m00nk0d3/grove/internal/mission/correlation.go:88.2,89.44 2 1
github.com/m00nk0d3/grove/internal/mission/correlation.go:90.3,90.43 1 1
github.com/m00nk0d3/grove/internal/mission/correlation.go:91.4,92.1 1 1
github.com/m00nk0d3/grove/internal/mission/correlation.go:94.2,94.29 1 1
github.com/m00nk0d3/grove/internal/mission/correlation.go:95.3,96.19 2 1
github.com/m00nk0d3/grove/internal/mission/correlation.go:97.4,97.12 1 1
github.com/m00nk0d3/grove/internal/mission/correlation.go:99.3,100.10 2 1
github.com/m00nk0d3/grove/internal/mission/correlation.go:101.4,101.12 1 0
github.com/m00nk0d3/grove/internal/mission/correlation.go:103.3,103.52 1 1
github.com/m00nk0d3/grove/internal/mission/correlation.go:107.2,109.31 3 1
github.com/m00nk0d3/grove/internal/mission/correlation.go:110.3,110.49 1 1
github.com/m00nk0d3/grove/internal/mission/correlation.go:113.4,113.75 1 1
github.com/m00nk0d3/grove/internal/mission/correlation.go:114.5,114.13 1 1
github.com/m00nk0d3/grove/internal/mission/correlation.go:116.4,116.34 1 1
github.com/m00nk0d3/grove/internal/mission/correlation.go:122.2,122.25 1 1
github.com/m00nk0d3/grove/internal/mission/correlation.go:123.3,123.32 1 1
github.com/m00nk0d3/grove/internal/mission/correlation.go:124.4,130.1 2 1
github.com/m00nk0d3/grove/internal/mission/correlation.go:131.3,131.26 1 1
github.com/m00nk0d3/grove/internal/mission/correlation.go:132.4,138.1 2 1
github.com/m00nk0d3/grove/internal/mission/correlation.go:142.2,142.24 1 1
github.com/m00nk0d3/grove/internal/mission/correlation.go:143.3,144.66 2 1
github.com/m00nk0d3/grove/internal/mission/correlation.go:146.4,146.37 1 1
github.com/m00nk0d3/grove/internal/mission/correlation.go:147.5,148.22 2 1
github.com/m00nk0d3/grove/internal/mission/correlation.go:150.6,150.48 1 1
github.com/m00nk0d3/grove/internal/mission/correlation.go:152.6,152.47 1 0
github.com/m00nk0d3/grove/internal/mission/correlation.go:154.6,154.50 1 0
github.com/m00nk0d3/grove/internal/mission/correlation.go:156.11,156.41 1 0
github.com/m00nk0d3/grove/internal/mission/correlation.go:157.5,158.25 2 0
github.com/m00nk0d3/grove/internal/mission/correlation.go:160.6,160.48 1 0
github.com/m00nk0d3/grove/internal/mission/correlation.go:162.6,162.47 1 0
github.com/m00nk0d3/grove/internal/mission/correlation.go:164.11,164.28 1 0
github.com/m00nk0d3/grove/internal/mission/correlation.go:165.5,166.1 1 0
github.com/m00nk0d3/grove/internal/mission/correlation.go:167.5,168.1 1 0
github.com/m00nk0d3/grove/internal/mission/correlation.go:169.10,169.27 1 1
github.com/m00nk0d3/grove/internal/mission/correlation.go:170.4,171.1 1 0
github.com/m00nk0d3/grove/internal/mission/correlation.go:172.4,173.1 1 1
github.com/m00nk0d3/grove/internal/mission/correlation.go:176.2,176.15 1 1
github.com/m00nk0d3/grove/internal/mission/correlation.go:186.2,186.59 1 1
github.com/m00nk0d3/grove/internal/mission/correlation.go:187.3,188.1 1 1
github.com/m00nk0d3/grove/internal/mission/correlation.go:191.2,191.59 1 1
github.com/m00nk0d3/grove/internal/mission/correlation.go:192.3,193.1 1 1
github.com/m00nk0d3/grove/internal/mission/correlation.go:196.2,196.51 1 1
github.com/m00nk0d3/grove/internal/mission/correlation.go:197.3,198.1 1 1
github.com/m00nk0d3/grove/internal/mission/correlation.go:201.2,201.49 1 1
github.com/m00nk0d3/grove/internal/mission/correlation.go:202.3,203.1 1 1
github.com/m00nk0d3/grove/internal/mission/correlation.go:205.2,205.12 1 1
github.com/m00nk0d3/grove/internal/mission/correlation.go:210.2,211.21 2 1
github.com/m00nk0d3/grove/internal/mission/correlation.go:212.3,212.38 1 1
github.com/m00nk0d3/grove/internal/mission/correlation.go:213.4,213.50 1 1
github.com/m00nk0d3/grove/internal/mission/correlation.go:214.5,215.1 1 1
github.com/m00nk0d3/grove/internal/mission/correlation.go:218.2,218.13 1 1
github.com/m00nk0d3/grove/internal/mission/correlation.go:224.2,225.21 2 1
github.com/m00nk0d3/grove/internal/mission/correlation.go:226.3,226.61 1 1
github.com/m00nk0d3/grove/internal/mission/correlation.go:227.4,227.12 1 0
github.com/m00nk0d3/grove/internal/mission/correlation.go:229.3,229.54 1 1
github.com/m00nk0d3/grove/internal/mission/correlation.go:230.4,230.50 1 1
github.com/m00nk0d3/grove/internal/mission/correlation.go:231.5,232.1 1 1
github.com/m00nk0d3/grove/internal/mission/correlation.go:235.2,235.13 1 1
github.com/m00nk0d3/grove/internal/mission/correlation.go:240.2,240.24 1 1
github.com/m00nk0d3/grove/internal/mission/correlation.go:241.3,242.1 1 1
github.com/m00nk0d3/grove/internal/mission/correlation.go:243.2,244.21 2 1
github.com/m00nk0d3/grove/internal/mission/correlation.go:245.3,245.42 1 1
github.com/m00nk0d3/grove/internal/mission/correlation.go:246.4,246.50 1 1
github.com/m00nk0d3/grove/internal/mission/correlation.go:247.5,248.1 1 1
github.com/m00nk0d3/grove/internal/mission/correlation.go:251.2,251.13 1 1
github.com/m00nk0d3/grove/internal/mission/correlation.go:256.2,258.21 3 1
github.com/m00nk0d3/grove/internal/mission/correlation.go:259.3,259.66 1 1
github.com/m00nk0d3/grove/internal/mission/correlation.go:260.4,260.50 1 1
github.com/m00nk0d3/grove/internal/mission/correlation.go:261.5,262.1 1 1
github.com/m00nk0d3/grove/internal/mission/correlation.go:265.2,265.13 1 1
github.com/m00nk0d3/grove/internal/mission/correlation.go:275.2,275.56 1 1
github.com/m00nk0d3/grove/internal/mission/correlation.go:276.3,277.1 1 1
github.com/m00nk0d3/grove/internal/mission/correlation.go:280.2,280.61 1 1
github.com/m00nk0d3/grove/internal/mission/correlation.go:281.3,282.1 1 1
github.com/m00nk0d3/grove/internal/mission/correlation.go:285.2,285.63 1 1
github.com/m00nk0d3/grove/internal/mission/correlation.go:286.3,287.1 1 1
github.com/m00nk0d3/grove/internal/mission/correlation.go:290.2,290.75 1 1
github.com/m00nk0d3/grove/internal/mission/correlation.go:291.3,292.1 1 1
github.com/m00nk0d3/grove/internal/mission/correlation.go:294.2,294.12 1 1
github.com/m00nk0d3/grove/internal/mission/correlation.go:299.2,299.27 1 1
github.com/m00nk0d3/grove/internal/mission/correlation.go:300.3,301.1 1 1
github.com/m00nk0d3/grove/internal/mission/correlation.go:302.2,302.24 1 1
github.com/m00nk0d3/grove/internal/mission/correlation.go:303.3,303.48 1 1
github.com/m00nk0d3/grove/internal/mission/correlation.go:304.4,305.1 1 1
github.com/m00nk0d3/grove/internal/mission/correlation.go:307.2,307.12 1 0
github.com/m00nk0d3/grove/internal/mission/correlation.go:312.2,312.21 1 1
github.com/m00nk0d3/grove/internal/mission/correlation.go:313.3,314.1 1 0
github.com/m00nk0d3/grove/internal/mission/correlation.go:315.2,316.18 2 1
github.com/m00nk0d3/grove/internal/mission/correlation.go:317.3,318.1 1 1
github.com/m00nk0d3/grove/internal/mission/correlation.go:319.2,321.24 3 1
github.com/m00nk0d3/grove/internal/mission/correlation.go:322.3,322.30 1 1
github.com/m00nk0d3/grove/internal/mission/correlation.go:323.4,324.1 1 1
github.com/m00nk0d3/grove/internal/mission/correlation.go:326.2,326.12 1 0
github.com/m00nk0d3/grove/internal/mission/correlation.go:331.2,331.32 1 1
github.com/m00nk0d3/grove/internal/mission/correlation.go:332.3,333.1 1 1
github.com/m00nk0d3/grove/internal/mission/correlation.go:334.2,335.18 2 1
github.com/m00nk0d3/grove/internal/mission/correlation.go:336.3,337.1 1 0
github.com/m00nk0d3/grove/internal/mission/correlation.go:338.2,340.24 3 1
github.com/m00nk0d3/grove/internal/mission/correlation.go:341.3,341.30 1 1
github.com/m00nk0d3/grove/internal/mission/correlation.go:342.4,343.1 1 1
github.com/m00nk0d3/grove/internal/mission/correlation.go:345.2,345.12 1 0
github.com/m00nk0d3/grove/internal/mission/correlation.go:350.2,350.31 1 1
github.com/m00nk0d3/grove/internal/mission/correlation.go:351.3,351.28 1 1
github.com/m00nk0d3/grove/internal/mission/correlation.go:352.4,352.12 1 1
github.com/m00nk0d3/grove/internal/mission/correlation.go:355.3,355.58 1 1
github.com/m00nk0d3/grove/internal/mission/correlation.go:356.4,357.1 1 1
github.com/m00nk0d3/grove/internal/mission/correlation.go:358.3,358.48 1 0
github.com/m00nk0d3/grove/internal/mission/correlation.go:359.4,360.1 1 0
github.com/m00nk0d3/grove/internal/mission/correlation.go:362.2,362.12 1 1
github.com/m00nk0d3/grove/internal/mission/correlation.go:366.2,366.24 1 1
github.com/m00nk0d3/grove/internal/mission/correlation.go:367.3,367.30 1 1
github.com/m00nk0d3/grove/internal/mission/correlation.go:368.4,369.1 1 1
github.com/m00nk0d3/grove/internal/mission/correlation.go:371.2,371.12 1 0
github.com/m00nk0d3/grove/internal/mission/correlation.go:387.2,387.27 1 1
github.com/m00nk0d3/grove/internal/mission/correlation.go:388.3,388.28 1 1
github.com/m00nk0d3/grove/internal/mission/correlation.go:389.4,389.44 1 1
github.com/m00nk0d3/grove/internal/mission/correlation.go:390.5,391.1 1 1
github.com/m00nk0d3/grove/internal/mission/correlation.go:396.2,396.21 1 1
github.com/m00nk0d3/grove/internal/mission/correlation.go:397.3,397.28 1 1
github.com/m00nk0d3/grove/internal/mission/correlation.go:398.4,398.40 1 1
github.com/m00nk0d3/grove/internal/mission/correlation.go:399.5,400.1 1 1
github.com/m00nk0d3/grove/internal/mission/correlation.go:405.2,405.27 1 1
github.com/m00nk0d3/grove/internal/mission/correlation.go:406.3,406.28 1 1
github.com/m00nk0d3/grove/internal/mission/correlation.go:407.4,408.67 2 1
github.com/m00nk0d3/grove/internal/mission/correlation.go:409.5,410.1 1 1
github.com/m00nk0d3/grove/internal/mission/correlation.go:413.2,413.24 1 0
github.com/m00nk0d3/grove/internal/mission/correlation.go:414.3,414.28 1 0
github.com/m00nk0d3/grove/internal/mission/correlation.go:415.4,415.84 1 0
github.com/m00nk0d3/grove/internal/mission/correlation.go:416.5,417.1 1 0
github.com/m00nk0d3/grove/internal/mission/correlation.go:422.2,422.24 1 0
github.com/m00nk0d3/grove/internal/mission/correlation.go:423.3,423.28 1 0
github.com/m00nk0d3/grove/internal/mission/correlation.go:424.4,424.62 1 0
github.com/m00nk0d3/grove/internal/mission/correlation.go:425.5,426.1 1 0
github.com/m00nk0d3/grove/internal/mission/correlation.go:430.2,430.12 1 0
github.com/m00nk0d3/grove/internal/mission/correlation.go:434.2,435.27 2 0
github.com/m00nk0d3/grove/internal/mission/correlation.go:436.3,436.56 1 0
github.com/m00nk0d3/grove/internal/mission/correlation.go:437.4,438.1 1 0
github.com/m00nk0d3/grove/internal/mission/correlation.go:440.2,440.14 1 0
github.com/m00nk0d3/grove/internal/mission/correlation.go:454.2,454.24 1 1
github.com/m00nk0d3/grove/internal/mission/correlation.go:455.3,455.54 1 1
github.com/m00nk0d3/grove/internal/mission/correlation.go:456.4,457.1 1 1
github.com/m00nk0d3/grove/internal/mission/correlation.go:461.2,461.20 1 1
github.com/m00nk0d3/grove/internal/mission/correlation.go:462.3,462.32 1 1
github.com/m00nk0d3/grove/internal/mission/correlation.go:463.4,463.27 1 1
github.com/m00nk0d3/grove/internal/mission/correlation.go:464.5,465.1 1 1
github.com/m00nk0d3/grove/internal/mission/correlation.go:469.2,469.11 1 1
github.com/m00nk0d3/grove/internal/mission/reports.go:35.2,35.23 1 1
github.com/m00nk0d3/grove/internal/mission/reports.go:37.3,37.34 1 1
github.com/m00nk0d3/grove/internal/mission/reports.go:38.4,39.1 1 1
github.com/m00nk0d3/grove/internal/mission/reports.go:40.3,44.1 2 1
github.com/m00nk0d3/grove/internal/mission/reports.go:46.3,46.31 1 1
github.com/m00nk0d3/grove/internal/mission/reports.go:47.4,48.1 1 0
github.com/m00nk0d3/grove/internal/mission/reports.go:49.3,51.1 1 1
github.com/m00nk0d3/grove/internal/mission/reports.go:53.3,53.31 1 1
github.com/m00nk0d3/grove/internal/mission/reports.go:54.4,55.1 1 0
github.com/m00nk0d3/grove/internal/mission/reports.go:56.3,58.1 1 1
github.com/m00nk0d3/grove/internal/mission/reports.go:60.2,60.12 1 1
github.com/m00nk0d3/grove/internal/mission/reports.go:66.2,67.1 1 1
github.com/m00nk0d3/grove/internal/mission/reports.go:73.2,74.45 2 1
github.com/m00nk0d3/grove/internal/mission/reports.go:75.3,76.17 2 1
github.com/m00nk0d3/grove/internal/mission/reports.go:77.4,78.1 1 0
github.com/m00nk0d3/grove/internal/mission/reports.go:79.3,80.32 2 1
github.com/m00nk0d3/grove/internal/mission/reports.go:81.4,82.18 2 1
github.com/m00nk0d3/grove/internal/mission/reports.go:83.5,84.1 1 0
github.com/m00nk0d3/grove/internal/mission/reports.go:85.4,85.33 1 1
github.com/m00nk0d3/grove/internal/mission/reports.go:87.3,87.47 1 1
github.com/m00nk0d3/grove/internal/mission/reports.go:87.49,87.98 1 1
github.com/m00nk0d3/grove/internal/mission/reports.go:88.3,88.21 1 1
github.com/m00nk0d3/grove/internal/mission/reports.go:89.4,89.25 1 1
github.com/m00nk0d3/grove/internal/mission/reports.go:90.5,91.1 1 1
github.com/m00nk0d3/grove/internal/mission/reports.go:93.3,93.38 1 1
github.com/m00nk0d3/grove/internal/mission/reports.go:95.2,95.21 1 1
github.com/m00nk0d3/grove/internal/mission/reports.go:99.2,100.16 2 1
github.com/m00nk0d3/grove/internal/mission/reports.go:101.3,102.1 1 0
github.com/m00nk0d3/grove/internal/mission/reports.go:103.2,105.16 3 1
github.com/m00nk0d3/grove/internal/mission/reports.go:106.3,107.1 1 0
github.com/m00nk0d3/grove/internal/mission/reports.go:108.2,110.56 3 1
github.com/m00nk0d3/grove/internal/mission/reports.go:111.3,112.1 1 0
github.com/m00nk0d3/grove/internal/mission/reports.go:113.2,114.34 2 1
github.com/m00nk0d3/grove/internal/mission/reports.go:115.3,116.1 1 1
github.com/m00nk0d3/grove/internal/mission/reports.go:117.2,122.8 1 1
github.com/m00nk0d3/grove/internal/tui/styles/theme.go:57.2,58.28 2 1
github.com/m00nk0d3/grove/internal/tui/styles/theme.go:59.3,60.1 1 1
github.com/m00nk0d3/grove/internal/tui/styles/theme.go:61.2,61.14 1 1
github.com/m00nk0d3/grove/internal/tui/styles/theme.go:66.2,66.28 1 1
github.com/m00nk0d3/grove/internal/tui/styles/theme.go:67.3,67.21 1 1
github.com/m00nk0d3/grove/internal/tui/styles/theme.go:68.4,69.1 1 1
github.com/m00nk0d3/grove/internal/tui/styles/theme.go:71.2,71.19 1 1
github.com/m00nk0d3/grove/internal/tui/styles/theme.go:75.33,75.49 1 1
github.com/m00nk0d3/grove/internal/tui/styles/theme.go:78.33,78.49 1 1
github.com/m00nk0d3/grove/internal/tui/styles/theme.go:83.2,83.19 1 1
github.com/m00nk0d3/grove/internal/tui/styles/theme.go:85.3,89.17 1 1
github.com/m00nk0d3/grove/internal/tui/styles/theme.go:91.3,96.17 1 1
github.com/m00nk0d3/grove/internal/tui/styles/theme.go:98.3,103.17 1 1
github.com/m00nk0d3/grove/internal/tui/styles/theme.go:105.3,108.14 1 1
github.com/m00nk0d3/grove/internal/tui/styles/theme.go:110.3,112.39 1 1
github.com/m00nk0d3/grove/internal/tui/styles/theme.go:114.3,116.46 1 1
github.com/m00nk0d3/grove/internal/tui/styles/theme.go:118.3,119.40 1 1
github.com/m00nk0d3/grove/internal/tui/styles/theme.go:121.3,122.41 1 1
github.com/m00nk0d3/grove/internal/tui/styles/theme.go:124.3,129.17 1 1
github.com/m00nk0d3/grove/internal/tui/styles/theme.go:131.3,133.14 1 1
github.com/m00nk0d3/grove/internal/tui/styles/theme.go:135.3,137.36 1 1
github.com/m00nk0d3/grove/internal/tui/styles/theme.go:145.2,146.33 2 0
github.com/m00nk0d3/grove/internal/tui/styles/theme.go:148.3,148.81 1 0
github.com/m00nk0d3/grove/internal/tui/styles/theme.go:150.3,150.81 1 0
github.com/m00nk0d3/grove/internal/tui/styles/theme.go:152.3,152.82 1 0
github.com/m00nk0d3/grove/internal/tui/styles/theme.go:154.3,154.82 1 0
github.com/m00nk0d3/grove/internal/tui/styles/theme.go:156.3,156.81 1 0
github.com/m00nk0d3/grove/internal/tui/styles/theme.go:158.3,158.93 1 0
github.com/m00nk0d3/grove/internal/tui/styles/theme.go:160.3,160.80 1 0
github.com/m00nk0d3/grove/internal/tui/styles/theme.go:162.3,162.80 1 0
github.com/m00nk0d3/grove/internal/tui/styles/theme.go:178.2,178.73 1 1
github.com/m00nk0d3/grove/internal/tui/styles/theme.go:179.3,180.1 1 1
github.com/m00nk0d3/grove/internal/tui/styles/theme.go:181.2,184.25 4 1
github.com/m00nk0d3/grove/internal/tui/styles/theme.go:185.3,186.1 1 1
github.com/m00nk0d3/grove/internal/tui/styles/theme.go:187.2,188.29 2 1
github.com/m00nk0d3/grove/internal/tui/styles/theme.go:189.3,190.1 1 1
github.com/m00nk0d3/grove/internal/tui/styles/theme.go:191.2,191.34 1 1
github.com/m00nk0d3/grove/internal/tui/styles/theme.go:198.2,200.1 2 0
github.com/m00nk0d3/grove/internal/tui/styles/theme.go:206.2,207.1 1 0
github.com/m00nk0d3/grove/internal/tui/styles/theme.go:210.34,210.51 1 1
github.com/m00nk0d3/grove/internal/tui/styles/theme.go:213.33,213.49 1 1
github.com/m00nk0d3/grove/internal/tui/styles/theme.go:216.30,216.43 1 1
github.com/m00nk0d3/grove/internal/tui/styles/theme.go:219.30,219.43 1 1
github.com/m00nk0d3/grove/internal/tui/styles/theme.go:222.35,222.53 1 1
github.com/m00nk0d3/grove/internal/tui/styles/theme.go:225.35,225.53 1 1
github.com/m00nk0d3/grove/internal/tui/styles/theme.go:228.34,228.51 1 1
github.com/m00nk0d3/grove/internal/tui/styles/theme.go:231.35,231.53 1 1
github.com/m00nk0d3/grove/internal/tui/styles/theme.go:237.2,238.1 1 0
github.com/m00nk0d3/grove/internal/tui/styles/theme.go:243.2,247.1 2 1
github.com/m00nk0d3/grove/internal/tui/styles/theme.go:248.2,248.15 2 1
github.com/m00nk0d3/grove/internal/tui/styles/theme.go:249.3,250.1 1 0
github.com/m00nk0d3/grove/internal/tui/styles/theme.go:251.2,251.17 1 1
github.com/m00nk0d3/grove/internal/tui/styles/theme.go:252.3,253.1 1 1
github.com/m00nk0d3/grove/internal/tui/styles/theme.go:254.2,254.30 1 1
github.com/m00nk0d3/grove/internal/tui/styles/theme.go:260.2,266.15 2 0
github.com/m00nk0d3/grove/internal/tui/styles/theme.go:267.3,268.1 1 0
github.com/m00nk0d3/grove/internal/tui/styles/theme.go:269.2,269.16 1 0
github.com/m00nk0d3/grove/internal/tui/styles/theme.go:270.3,271.1 1 0
github.com/m00nk0d3/grove/internal/tui/styles/theme.go:272.2,272.17 1 0
github.com/m00nk0d3/grove/internal/tui/styles/theme.go:273.3,277.1 2 0
github.com/m00nk0d3/grove/internal/tui/styles/theme.go:278.2,278.38 1 0
github.com/m00nk0d3/grove/internal/tui/styles/theme.go:283.2,287.1 4 1
github.com/m00nk0d3/grove/internal/tui/styles/theme.go:288.2,289.28 4 1
github.com/m00nk0d3/grove/internal/tui/styles/theme.go:290.3,291.1 1 1
github.com/m00nk0d3/grove/internal/tui/styles/theme.go:292.2,292.27 1 1
github.com/m00nk0d3/grove/internal/tui/styles/theme.go:293.3,293.28 1 1
github.com/m00nk0d3/grove/internal/tui/styles/theme.go:294.4,294.54 1 1
github.com/m00nk0d3/grove/internal/tui/styles/theme.go:295.5,296.1 1 1
github.com/m00nk0d3/grove/internal/tui/styles/theme.go:300.2,300.28 1 1
github.com/m00nk0d3/grove/internal/tui/styles/theme.go:301.3,302.25 2 1
github.com/m00nk0d3/grove/internal/tui/styles/theme.go:303.4,304.1 1 1
github.com/m00nk0d3/grove/internal/tui/styles/theme.go:306.2,307.1 2 1
github.com/m00nk0d3/grove/internal/tui/styles/theme.go:308.2,308.27 2 1
github.com/m00nk0d3/grove/internal/tui/styles/theme.go:309.3,309.28 1 1
github.com/m00nk0d3/grove/internal/tui/styles/theme.go:310.4,310.26 1 1
github.com/m00nk0d3/grove/internal/tui/styles/theme.go:311.5,312.23 2 1
github.com/m00nk0d3/grove/internal/tui/styles/theme.go:313.6,314.1 1 1
github.com/m00nk0d3/grove/internal/tui/styles/theme.go:317.3,317.22 1 1
github.com/m00nk0d3/grove/internal/tui/styles/theme.go:319.2,319.19 1 1
github.com/m00nk0d3/grove/internal/logging/logger.go:18.2,18.63 1 1
github.com/m00nk0d3/grove/internal/logging/logger.go:19.3,20.1 1 0
github.com/m00nk0d3/grove/internal/logging/logger.go:21.2,21.45 1 1
github.com/m00nk0d3/grove/internal/logging/logger.go:22.3,23.1 1 0
github.com/m00nk0d3/grove/internal/logging/logger.go:24.2,25.16 2 1
github.com/m00nk0d3/grove/internal/logging/logger.go:26.3,27.1 1 0
github.com/m00nk0d3/grove/internal/logging/logger.go:28.2,29.34 2 1
github.com/m00nk0d3/grove/internal/logging/logger.go:35.2,36.16 2 0
github.com/m00nk0d3/grove/internal/logging/logger.go:37.3,38.1 1 0
github.com/m00nk0d3/grove/internal/logging/logger.go:39.2,39.59 1 0
github.com/m00nk0d3/grove/internal/logging/logger.go:47.2,48.24 2 1
github.com/m00nk0d3/grove/internal/logging/logger.go:49.3,50.1 1 1
github.com/m00nk0d3/grove/internal/logging/logger.go:51.2,51.16 1 1
github.com/m00nk0d3/grove/internal/logging/logger.go:52.3,53.1 1 0
github.com/m00nk0d3/grove/internal/logging/logger.go:54.2,54.30 1 1
github.com/m00nk0d3/grove/internal/logging/logger.go:55.3,56.1 1 1
github.com/m00nk0d3/grove/internal/logging/logger.go:57.2,58.1 3 1
github.com/m00nk0d3/grove/internal/logging/logger.go:59.2,60.33 3 1
github.com/m00nk0d3/grove/internal/data/cache.go:22.2,24.88 3 1
github.com/m00nk0d3/grove/internal/data/cache.go:25.3,26.1 1 0
github.com/m00nk0d3/grove/internal/data/cache.go:27.2,27.36 1 1
github.com/m00nk0d3/grove/internal/data/cache.go:28.3,29.1 1 1
github.com/m00nk0d3/grove/internal/data/cache.go:30.2,31.16 2 1
github.com/m00nk0d3/grove/internal/data/cache.go:32.3,33.1 1 0
github.com/m00nk0d3/grove/internal/data/cache.go:34.2,34.33 1 1
github.com/m00nk0d3/grove/internal/data/config.go:15.2,16.16 2 0
github.com/m00nk0d3/grove/internal/data/config.go:17.3,18.1 1 0
github.com/m00nk0d3/grove/internal/data/config.go:19.2,19.53 1 0
github.com/m00nk0d3/grove/internal/data/config.go:25.2,26.16 2 1
github.com/m00nk0d3/grove/internal/data/config.go:27.3,27.25 1 1
github.com/m00nk0d3/grove/internal/data/config.go:28.4,29.1 1 1
github.com/m00nk0d3/grove/internal/data/config.go:30.3,30.49 1 0
github.com/m00nk0d3/grove/internal/data/config.go:33.2,34.49 2 1
github.com/m00nk0d3/grove/internal/data/config.go:35.3,36.1 1 1
github.com/m00nk0d3/grove/internal/data/config.go:38.2,38.17 1 1
github.com/m00nk0d3/grove/internal/data/config.go:45.2,45.63 1 1
github.com/m00nk0d3/grove/internal/data/config.go:46.3,47.1 1 0
github.com/m00nk0d3/grove/internal/data/config.go:49.2,50.16 2 1
github.com/m00nk0d3/grove/internal/data/config.go:51.3,52.1 1 0
github.com/m00nk0d3/grove/internal/data/config.go:54.2,55.52 2 1
github.com/m00nk0d3/grove/internal/data/config.go:56.3,57.1 1 0
github.com/m00nk0d3/grove/internal/data/config.go:59.2,59.45 1 1
github.com/m00nk0d3/grove/internal/data/config.go:60.3,61.1 1 0
github.com/m00nk0d3/grove/internal/data/config.go:63.2,63.12 1 1
github.com/m00nk0d3/grove/internal/data/context_snapshot.go:13.2,23.16 3 1
github.com/m00nk0d3/grove/internal/data/context_snapshot.go:24.3,25.1 1 1
github.com/m00nk0d3/grove/internal/data/context_snapshot.go:26.2,26.12 1 1
github.com/m00nk0d3/grove/internal/data/db.go:24.2,25.16 2 1
github.com/m00nk0d3/grove/internal/data/db.go:26.3,27.1 1 0
github.com/m00nk0d3/grove/internal/data/db.go:29.2,29.66 1 1
github.com/m00nk0d3/grove/internal/data/db.go:30.3,32.1 2 0
github.com/m00nk0d3/grove/internal/data/db.go:33.2,34.37 2 1
github.com/m00nk0d3/grove/internal/data/db.go:35.3,37.1 2 0
github.com/m00nk0d3/grove/internal/data/db.go:38.2,38.16 1 1
github.com/m00nk0d3/grove/internal/data/db.go:43.2,44.1 1 1
github.com/m00nk0d3/grove/internal/data/db.go:51.2,54.18 1 1
github.com/m00nk0d3/grove/internal/data/db.go:55.3,56.1 1 0
github.com/m00nk0d3/grove/internal/data/db.go:58.2,59.16 2 1
github.com/m00nk0d3/grove/internal/data/db.go:60.3,61.1 1 0
github.com/m00nk0d3/grove/internal/data/db.go:62.2,62.32 1 1
github.com/m00nk0d3/grove/internal/data/db.go:63.3,63.20 1 1
github.com/m00nk0d3/grove/internal/data/db.go:64.4,64.12 1 0
github.com/m00nk0d3/grove/internal/data/db.go:66.3,67.1 4 1
github.com/m00nk0d3/grove/internal/data/db.go:68.3,70.17 4 1
github.com/m00nk0d3/grove/internal/data/db.go:71.4,71.12 1 1
github.com/m00nk0d3/grove/internal/data/db.go:73.3,73.27 1 1
github.com/m00nk0d3/grove/internal/data/db.go:74.4,75.1 1 0
github.com/m00nk0d3/grove/internal/data/db.go:77.3,78.17 2 1
github.com/m00nk0d3/grove/internal/data/db.go:79.4,80.1 1 0
github.com/m00nk0d3/grove/internal/data/db.go:81.3,81.66 1 1
github.com/m00nk0d3/grove/internal/data/db.go:82.4,83.1 1 0
github.com/m00nk0d3/grove/internal/data/db.go:85.2,85.12 1 1
github.com/m00nk0d3/grove/internal/data/db.go:92.2,93.16 2 1
github.com/m00nk0d3/grove/internal/data/db.go:94.3,95.1 1 0
github.com/m00nk0d3/grove/internal/data/db.go:96.2,96.44 1 1
github.com/m00nk0d3/grove/internal/data/db.go:97.3,99.1 2 0
github.com/m00nk0d3/grove/internal/data/db.go:100.2,100.96 1 1
github.com/m00nk0d3/grove/internal/data/db.go:101.3,103.1 2 0
github.com/m00nk0d3/grove/internal/data/db.go:104.2,104.36 1 1
github.com/m00nk0d3/grove/internal/data/db.go:105.3,106.1 1 0
github.com/m00nk0d3/grove/internal/data/db.go:107.2,107.12 1 1
github.com/m00nk0d3/grove/internal/data/db.go:114.2,115.16 2 0
github.com/m00nk0d3/grove/internal/data/db.go:116.3,117.1 1 0
github.com/m00nk0d3/grove/internal/data/db.go:118.2,118.50 1 0
github.com/m00nk0d3/grove/internal/data/github_repo.go:18.2,18.20 1 1
github.com/m00nk0d3/grove/internal/data/github_repo.go:19.3,20.1 1 0
github.com/m00nk0d3/grove/internal/data/github_repo.go:21.2,21.53 1 1
github.com/m00nk0d3/grove/internal/data/github_repo.go:35.2,36.1 1 1
github.com/m00nk0d3/grove/internal/data/github_repo.go:40.2,40.25 1 1
github.com/m00nk0d3/grove/internal/data/github_repo.go:41.3,42.17 2 1
github.com/m00nk0d3/grove/internal/data/github_repo.go:43.4,44.1 1 0
github.com/m00nk0d3/grove/internal/data/github_repo.go:45.3,46.17 2 1
github.com/m00nk0d3/grove/internal/data/github_repo.go:47.4,48.1 1 0
github.com/m00nk0d3/grove/internal/data/github_repo.go:49.3,50.17 2 1
github.com/m00nk0d3/grove/internal/data/github_repo.go:51.4,52.1 1 0
github.com/m00nk0d3/grove/internal/data/github_repo.go:53.3,54.17 2 1
github.com/m00nk0d3/grove/internal/data/github_repo.go:55.4,56.1 1 0
github.com/m00nk0d3/grove/internal/data/github_repo.go:58.3,87.17 2 1
github.com/m00nk0d3/grove/internal/data/github_repo.go:88.4,89.1 1 0
github.com/m00nk0d3/grove/internal/data/github_repo.go:91.2,91.12 1 1
github.com/m00nk0d3/grove/internal/data/github_repo.go:96.2,104.16 2 1
github.com/m00nk0d3/grove/internal/data/github_repo.go:105.3,106.1 1 0
github.com/m00nk0d3/grove/internal/data/github_repo.go:107.2,108.1 3 1
github.com/m00nk0d3/grove/internal/data/github_repo.go:109.2,110.18 3 1
github.com/m00nk0d3/grove/internal/data/github_repo.go:111.3,121.1 11 1
github.com/m00nk0d3/grove/internal/data/github_repo.go:122.3,127.17 11 1
github.com/m00nk0d3/grove/internal/data/github_repo.go:128.4,129.1 1 0
github.com/m00nk0d3/grove/internal/data/github_repo.go:131.3,136.1 6 1
github.com/m00nk0d3/grove/internal/data/github_repo.go:137.3,137.72 6 1
github.com/m00nk0d3/grove/internal/data/github_repo.go:138.4,139.1 1 0
github.com/m00nk0d3/grove/internal/data/github_repo.go:140.3,140.78 1 1
github.com/m00nk0d3/grove/internal/data/github_repo.go:141.4,142.1 1 0
github.com/m00nk0d3/grove/internal/data/github_repo.go:143.3,143.76 1 1
github.com/m00nk0d3/grove/internal/data/github_repo.go:144.4,145.1 1 0
github.com/m00nk0d3/grove/internal/data/github_repo.go:146.3,146.74 1 1
github.com/m00nk0d3/grove/internal/data/github_repo.go:147.4,148.1 1 0
github.com/m00nk0d3/grove/internal/data/github_repo.go:150.3,150.24 1 1
github.com/m00nk0d3/grove/internal/data/github_repo.go:152.2,152.35 1 1
github.com/m00nk0d3/grove/internal/data/github_repo.go:153.3,154.1 1 0
github.com/m00nk0d3/grove/internal/data/github_repo.go:156.2,156.16 1 1
github.com/m00nk0d3/grove/internal/data/github_repo.go:157.3,158.1 1 1
github.com/m00nk0d3/grove/internal/data/github_repo.go:159.2,159.17 1 1
github.com/m00nk0d3/grove/internal/data/github_repo.go:164.2,164.31 1 1
github.com/m00nk0d3/grove/internal/data/github_repo.go:165.3,166.17 2 1
github.com/m00nk0d3/grove/internal/data/github_repo.go:167.4,168.1 1 0
github.com/m00nk0d3/grove/internal/data/github_repo.go:170.3,171.28 2 1
github.com/m00nk0d3/grove/internal/data/github_repo.go:172.4,173.1 1 1
github.com/m00nk0d3/grove/internal/data/github_repo.go:174.3,175.17 2 1
github.com/m00nk0d3/grove/internal/data/github_repo.go:176.4,177.1 1 0
github.com/m00nk0d3/grove/internal/data/github_repo.go:179.3,180.21 2 1
github.com/m00nk0d3/grove/internal/data/github_repo.go:181.4,182.1 1 1
github.com/m00nk0d3/grove/internal/data/github_repo.go:183.3,184.17 2 1
github.com/m00nk0d3/grove/internal/data/github_repo.go:185.4,186.1 1 0
github.com/m00nk0d3/grove/internal/data/github_repo.go:188.3,189.32 2 1
github.com/m00nk0d3/grove/internal/data/github_repo.go:190.4,191.1 1 1
github.com/m00nk0d3/grove/internal/data/github_repo.go:193.3,207.17 2 1
github.com/m00nk0d3/grove/internal/data/github_repo.go:208.4,209.1 1 0
github.com/m00nk0d3/grove/internal/data/github_repo.go:211.2,211.12 1 1
github.com/m00nk0d3/grove/internal/data/github_repo.go:216.2,222.16 2 1
github.com/m00nk0d3/grove/internal/data/github_repo.go:223.3,224.1 1 0
github.com/m00nk0d3/grove/internal/data/github_repo.go:225.2,226.1 3 1
github.com/m00nk0d3/grove/internal/data/github_repo.go:227.2,228.18 3 1
github.com/m00nk0d3/grove/internal/data/github_repo.go:229.3,234.1 6 1
github.com/m00nk0d3/grove/internal/data/github_repo.go:235.3,235.150 6 1
github.com/m00nk0d3/grove/internal/data/github_repo.go:236.4,237.1 1 0
github.com/m00nk0d3/grove/internal/data/github_repo.go:239.3,242.1 4 1
github.com/m00nk0d3/grove/internal/data/github_repo.go:243.3,243.75 4 1
github.com/m00nk0d3/grove/internal/data/github_repo.go:244.4,245.1 1 0
github.com/m00nk0d3/grove/internal/data/github_repo.go:247.3,247.56 1 1
github.com/m00nk0d3/grove/internal/data/github_repo.go:248.4,249.80 2 1
github.com/m00nk0d3/grove/internal/data/github_repo.go:250.5,251.1 1 0
github.com/m00nk0d3/grove/internal/data/github_repo.go:252.4,252.23 1 1
github.com/m00nk0d3/grove/internal/data/github_repo.go:253.5,254.1 1 1
github.com/m00nk0d3/grove/internal/data/github_repo.go:257.3,257.22 1 1
github.com/m00nk0d3/grove/internal/data/github_repo.go:258.4,260.1 2 1
github.com/m00nk0d3/grove/internal/data/github_repo.go:262.3,263.91 2 1
github.com/m00nk0d3/grove/internal/data/github_repo.go:264.4,265.1 1 1
github.com/m00nk0d3/grove/internal/data/github_repo.go:267.3,267.33 1 1
github.com/m00nk0d3/grove/internal/data/github_repo.go:269.2,269.35 1 1
github.com/m00nk0d3/grove/internal/data/github_repo.go:270.3,271.1 1 0
github.com/m00nk0d3/grove/internal/data/github_repo.go:273.2,273.19 1 1
github.com/m00nk0d3/grove/internal/data/github_repo.go:274.3,275.1 1 1
github.com/m00nk0d3/grove/internal/data/github_repo.go:276.2,276.20 1 1
github.com/m00nk0d3/grove/internal/data/github_repo.go:282.2,283.16 2 1
github.com/m00nk0d3/grove/internal/data/github_repo.go:284.3,285.1 1 1
github.com/m00nk0d3/grove/internal/data/github_repo.go:286.2,286.25 1 1
github.com/m00nk0d3/grove/internal/data/github_repo.go:292.2,293.16 2 1
github.com/m00nk0d3/grove/internal/data/github_repo.go:294.3,295.1 1 1
github.com/m00nk0d3/grove/internal/data/github_repo.go:296.2,296.31 1 1
github.com/m00nk0d3/grove/internal/data/lab_documents.go:21.2,23.1 4 1
github.com/m00nk0d3/grove/internal/data/lab_documents.go:25.2,27.61 4 1
github.com/m00nk0d3/grove/internal/data/lab_documents.go:28.3,29.1 1 1
github.com/m00nk0d3/grove/internal/data/lab_documents.go:30.2,31.38 2 1
github.com/m00nk0d3/grove/internal/data/lab_documents.go:32.3,33.1 1 1
github.com/m00nk0d3/grove/internal/data/lab_documents.go:34.2,34.44 1 1
github.com/m00nk0d3/grove/internal/data/lab_documents.go:44.2,45.16 2 1
github.com/m00nk0d3/grove/internal/data/lab_documents.go:46.3,47.1 1 0
github.com/m00nk0d3/grove/internal/data/lab_documents.go:48.2,49.9 2 1
github.com/m00nk0d3/grove/internal/data/lab_documents.go:50.38,50.38 0 1
github.com/m00nk0d3/grove/internal/data/lab_documents.go:52.3,52.52 1 0
github.com/m00nk0d3/grove/internal/data/lab_documents.go:54.3,55.24 2 1
github.com/m00nk0d3/grove/internal/data/lab_documents.go:56.4,57.1 1 0
github.com/m00nk0d3/grove/internal/data/lab_documents.go:58.3,58.65 1 1
github.com/m00nk0d3/grove/internal/data/lab_documents.go:59.4,60.1 1 1
github.com/m00nk0d3/grove/internal/data/lab_documents.go:62.2,62.65 1 1
github.com/m00nk0d3/grove/internal/data/lab_documents.go:63.3,64.1 1 0
github.com/m00nk0d3/grove/internal/data/lab_documents.go:65.2,65.64 1 1
github.com/m00nk0d3/grove/internal/data/lab_documents.go:66.3,67.1 1 0
github.com/m00nk0d3/grove/internal/data/lab_documents.go:68.2,68.20 1 1
github.com/m00nk0d3/grove/internal/data/lab_documents.go:73.2,74.50 2 1
github.com/m00nk0d3/grove/internal/data/lab_documents.go:75.3,76.1 1 1
github.com/m00nk0d3/grove/internal/data/lab_documents.go:77.2,78.53 2 1
github.com/m00nk0d3/grove/internal/data/lab_documents.go:79.3,79.74 1 1
github.com/m00nk0d3/grove/internal/data/lab_documents.go:80.4,81.1 1 1
github.com/m00nk0d3/grove/internal/data/lab_documents.go:83.2,83.16 1 1
github.com/m00nk0d3/grove/internal/data/labstore.go:45.2,46.1 1 1
github.com/m00nk0d3/grove/internal/data/labstore.go:49.35,49.49 1 1
github.com/m00nk0d3/grove/internal/data/labstore.go:52.49,52.82 1 1
github.com/m00nk0d3/grove/internal/data/labstore.go:62.2,63.36 2 1
github.com/m00nk0d3/grove/internal/data/labstore.go:64.3,65.1 1 1
github.com/m00nk0d3/grove/internal/data/labstore.go:66.2,66.16 1 1
github.com/m00nk0d3/grove/internal/data/labstore.go:67.3,68.1 1 0
github.com/m00nk0d3/grove/internal/data/labstore.go:69.2,70.52 2 1
github.com/m00nk0d3/grove/internal/data/labstore.go:71.3,72.1 1 0
github.com/m00nk0d3/grove/internal/data/labstore.go:73.2,73.37 1 1
github.com/m00nk0d3/grove/internal/data/labstore.go:74.3,75.1 1 1
github.com/m00nk0d3/grove/internal/data/labstore.go:76.2,76.27 1 1
github.com/m00nk0d3/grove/internal/data/labstore.go:81.2,81.16 1 1
github.com/m00nk0d3/grove/internal/data/labstore.go:82.3,83.1 1 1
github.com/m00nk0d3/grove/internal/data/labstore.go:84.2,84.68 1 1
github.com/m00nk0d3/grove/internal/data/labstore.go:85.3,85.26 1 1
github.com/m00nk0d3/grove/internal/data/labstore.go:86.4,86.29 1 1
github.com/m00nk0d3/grove/internal/data/labstore.go:87.5,89.1 2 1
github.com/m00nk0d3/grove/internal/data/labstore.go:91.3,91.28 1 1
github.com/m00nk0d3/grove/internal/data/labstore.go:98.2,98.14 1 1
github.com/m00nk0d3/grove/internal/data/labstore.go:99.3,100.1 1 0
github.com/m00nk0d3/grove/internal/data/labstore.go:101.2,101.71 1 1
github.com/m00nk0d3/grove/internal/data/labstore.go:102.3,103.29 2 1
github.com/m00nk0d3/grove/internal/data/labstore.go:104.4,104.18 1 1
github.com/m00nk0d3/grove/internal/data/labstore.go:105.5,106.1 1 1
github.com/m00nk0d3/grove/internal/data/labstore.go:108.3,108.14 1 1
github.com/m00nk0d3/grove/internal/data/labstore.go:110.3,111.1 1 0
github.com/m00nk0d3/grove/internal/data/labstore.go:112.2,112.53 1 1
github.com/m00nk0d3/grove/internal/data/labstore.go:113.3,114.1 1 0
github.com/m00nk0d3/grove/internal/data/labstore.go:115.2,115.12 1 1
github.com/m00nk0d3/grove/internal/data/labstore.go:121.2,122.1 1 1
github.com/m00nk0d3/grove/internal/data/labstore.go:132.2,134.82 3 1
github.com/m00nk0d3/grove/internal/data/labstore.go:135.3,135.17 1 1
github.com/m00nk0d3/grove/internal/data/labstore.go:136.4,136.54 1 1
github.com/m00nk0d3/grove/internal/data/labstore.go:137.5,138.1 1 1
github.com/m00nk0d3/grove/internal/data/labstore.go:139.4,139.14 1 0
github.com/m00nk0d3/grove/internal/data/labstore.go:141.3,141.52 1 1
github.com/m00nk0d3/grove/internal/data/labstore.go:142.4,143.1 1 1
github.com/m00nk0d3/grove/internal/data/labstore.go:144.3,145.17 2 1
github.com/m00nk0d3/grove/internal/data/labstore.go:146.4,147.1 1 0
github.com/m00nk0d3/grove/internal/data/labstore.go:148.3,149.17 2 1
github.com/m00nk0d3/grove/internal/data/labstore.go:150.4,151.1 1 0
github.com/m00nk0d3/grove/internal/data/labstore.go:152.3,154.17 3 1
github.com/m00nk0d3/grove/internal/data/labstore.go:155.4,156.1 1 0
github.com/m00nk0d3/grove/internal/data/labstore.go:157.3,158.17 2 1
github.com/m00nk0d3/grove/internal/data/labstore.go:159.4,160.1 1 0
github.com/m00nk0d3/grove/internal/data/labstore.go:161.3,166.13 2 1
github.com/m00nk0d3/grove/internal/data/labstore.go:168.2,168.16 1 1
github.com/m00nk0d3/grove/internal/data/labstore.go:169.3,170.1 1 0
github.com/m00nk0d3/grove/internal/data/labstore.go:171.2,171.50 1 1
github.com/m00nk0d3/grove/internal/data/labstore.go:172.3,173.15 2 1
github.com/m00nk0d3/grove/internal/data/labstore.go:174.4,175.1 1 1
github.com/m00nk0d3/grove/internal/data/labstore.go:176.3,176.47 1 1
github.com/m00nk0d3/grove/internal/data/labstore.go:178.2,178.23 1 1
github.com/m00nk0d3/grove/internal/data/labstore.go:185.2,185.9 1 1
github.com/m00nk0d3/grove/internal/data/labstore.go:187.3,187.11 1 1
github.com/m00nk0d3/grove/internal/data/labstore.go:189.3,189.11 1 1
github.com/m00nk0d3/grove/internal/data/labstore.go:191.3,191.11 1 1
github.com/m00nk0d3/grove/internal/data/labstore.go:193.3,193.11 1 1
github.com/m00nk0d3/grove/internal/data/labstore.go:195.3,195.11 1 0
github.com/m00nk0d3/grove/internal/data/labstore.go:197.3,197.11 1 1
github.com/m00nk0d3/grove/internal/data/labstore.go:205.2,205.50 1 1
github.com/m00nk0d3/grove/internal/data/labstore.go:206.3,207.1 1 0
github.com/m00nk0d3/grove/internal/data/labstore.go:208.2,209.16 2 1
github.com/m00nk0d3/grove/internal/data/labstore.go:210.3,211.1 1 1
github.com/m00nk0d3/grove/internal/data/labstore.go:212.2,213.1 3 1
github.com/m00nk0d3/grove/internal/data/labstore.go:214.2,215.16 3 1
github.com/m00nk0d3/grove/internal/data/labstore.go:216.3,217.1 1 0
github.com/m00nk0d3/grove/internal/data/labstore.go:218.2,219.16 2 1
github.com/m00nk0d3/grove/internal/data/labstore.go:220.3,221.1 1 0
github.com/m00nk0d3/grove/internal/data/labstore.go:222.2,222.79 1 1
github.com/m00nk0d3/grove/internal/data/labstore.go:228.2,230.6 3 1
github.com/m00nk0d3/grove/internal/data/labstore.go:231.3,232.17 2 1
github.com/m00nk0d3/grove/internal/data/labstore.go:233.4,235.18 3 1
github.com/m00nk0d3/grove/internal/data/labstore.go:235.20,235.41 1 1
github.com/m00nk0d3/grove/internal/data/labstore.go:237.3,237.35 1 1
github.com/m00nk0d3/grove/internal/data/labstore.go:238.4,239.1 1 0
github.com/m00nk0d3/grove/internal/data/labstore.go:240.3,240.98 1 1
github.com/m00nk0d3/grove/internal/data/labstore.go:241.4,242.12 2 1
github.com/m00nk0d3/grove/internal/data/labstore.go:244.3,244.33 1 1
github.com/m00nk0d3/grove/internal/data/labstore.go:245.4,246.1 1 1
github.com/m00nk0d3/grove/internal/data/labstore.go:247.3,247.26 1 1
github.com/m00nk0d3/grove/internal/data/labstore.go:254.2,255.16 2 1
github.com/m00nk0d3/grove/internal/data/labstore.go:256.3,257.1 1 0
github.com/m00nk0d3/grove/internal/data/labstore.go:258.2,259.43 2 1
github.com/m00nk0d3/grove/internal/data/labstore.go:260.3,263.1 3 0
github.com/m00nk0d3/grove/internal/data/labstore.go:264.2,264.36 1 1
github.com/m00nk0d3/grove/internal/data/labstore.go:265.3,267.1 2 0
github.com/m00nk0d3/grove/internal/data/labstore.go:270.2,271.44 2 1
github.com/m00nk0d3/grove/internal/data/labstore.go:272.3,272.61 1 1
github.com/m00nk0d3/grove/internal/data/labstore.go:273.4,274.1 1 1
github.com/m00nk0d3/grove/internal/data/labstore.go:275.3,275.26 1 0
github.com/m00nk0d3/grove/internal/data/labstore.go:277.2,278.67 2 0
github.com/m00nk0d3/grove/internal/data/labstore_lock.go:28.2,29.1 1 1
github.com/m00nk0d3/grove/internal/data/labstore_lock.go:37.2,37.14 1 1
github.com/m00nk0d3/grove/internal/data/labstore_lock.go:38.3,39.1 1 0
github.com/m00nk0d3/grove/internal/data/labstore_lock.go:40.2,41.48 2 1
github.com/m00nk0d3/grove/internal/data/labstore_lock.go:42.3,43.1 1 0
github.com/m00nk0d3/grove/internal/data/labstore_lock.go:44.2,48.16 5 1
github.com/m00nk0d3/grove/internal/data/labstore_lock.go:49.3,50.1 1 0
github.com/m00nk0d3/grove/internal/data/labstore_lock.go:52.2,52.43 1 1
github.com/m00nk0d3/grove/internal/data/labstore_lock.go:53.3,54.17 2 1
github.com/m00nk0d3/grove/internal/data/labstore_lock.go:55.4,57.42 3 1
github.com/m00nk0d3/grove/internal/data/labstore_lock.go:58.5,60.1 2 0
github.com/m00nk0d3/grove/internal/data/labstore_lock.go:61.4,61.18 1 1
github.com/m00nk0d3/grove/internal/data/labstore_lock.go:61.20,61.41 1 1
github.com/m00nk0d3/grove/internal/data/labstore_lock.go:63.3,63.35 1 1
github.com/m00nk0d3/grove/internal/data/labstore_lock.go:64.4,65.1 1 0
github.com/m00nk0d3/grove/internal/data/labstore_lock.go:66.3,67.21 2 1
github.com/m00nk0d3/grove/internal/data/labstore_lock.go:69.4,70.12 2 1
github.com/m00nk0d3/grove/internal/data/labstore_lock.go:72.3,72.73 1 1
github.com/m00nk0d3/grove/internal/data/labstore_lock.go:73.4,74.12 2 1
github.com/m00nk0d3/grove/internal/data/labstore_lock.go:76.3,76.45 1 1
github.com/m00nk0d3/grove/internal/data/labstore_lock.go:78.2,78.96 1 0
github.com/m00nk0d3/grove/internal/data/labstore_lock.go:84.2,85.51 2 1
github.com/m00nk0d3/grove/internal/data/labstore_lock.go:86.3,87.1 1 0
github.com/m00nk0d3/grove/internal/data/labstore_lock.go:88.2,88.12 1 1
github.com/m00nk0d3/grove/internal/data/labstore_lock.go:92.2,93.16 2 1
github.com/m00nk0d3/grove/internal/data/labstore_lock.go:94.3,95.1 1 1
github.com/m00nk0d3/grove/internal/data/labstore_lock.go:96.2,97.52 2 1
github.com/m00nk0d3/grove/internal/data/labstore_lock.go:98.3,99.1 1 1
github.com/m00nk0d3/grove/internal/data/labstore_lock.go:100.2,100.19 1 1
github.com/m00nk0d3/grove/internal/data/labstore_lock.go:108.2,108.38 1 1
github.com/m00nk0d3/grove/internal/data/labstore_lock.go:109.3,110.1 1 1
github.com/m00nk0d3/grove/internal/data/labstore_lock.go:111.2,112.48 2 1
github.com/m00nk0d3/grove/internal/data/labstore_lock.go:113.3,114.1 1 0
github.com/m00nk0d3/grove/internal/data/labstore_lock.go:115.2,116.1 2 1
github.com/m00nk0d3/grove/internal/data/labstore_lock.go:118.2,118.48 2 1
github.com/m00nk0d3/grove/internal/data/labstore_lock.go:119.3,120.1 1 0
github.com/m00nk0d3/grove/internal/data/labstore_lock.go:121.2,121.107 1 1
github.com/m00nk0d3/grove/internal/data/labstore_lock.go:122.3,123.1 1 0
github.com/m00nk0d3/grove/internal/data/labstore_lock.go:124.2,124.12 1 1
github.com/m00nk0d3/grove/internal/data/labstore_lock.go:134.2,135.36 2 1
github.com/m00nk0d3/grove/internal/data/labstore_lock.go:136.3,137.1 1 1
github.com/m00nk0d3/grove/internal/data/labstore_lock.go:138.2,138.16 1 1
github.com/m00nk0d3/grove/internal/data/labstore_lock.go:139.3,140.1 1 0
github.com/m00nk0d3/grove/internal/data/labstore_lock.go:141.2,142.25 2 1
github.com/m00nk0d3/grove/internal/data/labstore_lock.go:143.3,143.17 1 1
github.com/m00nk0d3/grove/internal/data/labstore_lock.go:144.4,144.12 1 0
github.com/m00nk0d3/grove/internal/data/labstore_lock.go:146.3,147.17 2 1
github.com/m00nk0d3/grove/internal/data/labstore_lock.go:148.4,149.1 1 1
github.com/m00nk0d3/grove/internal/data/labstore_lock.go:151.2,151.19 1 1
github.com/m00nk0d3/grove/internal/data/link.go:15.2,16.1 3 1
github.com/m00nk0d3/grove/internal/data/link.go:17.2,18.16 3 1
github.com/m00nk0d3/grove/internal/data/link.go:19.3,20.1 1 0
github.com/m00nk0d3/grove/internal/data/link.go:22.2,22.28 1 1
github.com/m00nk0d3/grove/internal/data/link.go:24.3,25.25 2 1
github.com/m00nk0d3/grove/internal/data/link.go:26.4,27.1 1 1
github.com/m00nk0d3/grove/internal/data/link.go:28.3,31.17 1 1
github.com/m00nk0d3/grove/internal/data/link.go:32.4,34.1 2 0
github.com/m00nk0d3/grove/internal/data/link.go:37.2,37.36 1 1
github.com/m00nk0d3/grove/internal/data/link.go:38.3,39.1 1 0
github.com/m00nk0d3/grove/internal/data/link.go:41.2,41.20 1 1
github.com/m00nk0d3/grove/internal/data/link.go:46.2,47.25 2 1
github.com/m00nk0d3/grove/internal/data/link.go:48.3,48.80 1 1
github.com/m00nk0d3/grove/internal/data/link.go:49.4,50.1 1 1
github.com/m00nk0d3/grove/internal/data/link.go:52.2,53.31 2 1
github.com/m00nk0d3/grove/internal/data/link.go:54.3,54.42 1 1
github.com/m00nk0d3/grove/internal/data/link.go:55.4,57.1 2 1
github.com/m00nk0d3/grove/internal/data/link.go:58.3,58.17 1 1
github.com/m00nk0d3/grove/internal/data/link.go:60.2,60.15 1 1
github.com/m00nk0d3/grove/internal/data/session.go:15.2,16.27 2 1
github.com/m00nk0d3/grove/internal/data/session.go:19.3,20.1 1 1
github.com/m00nk0d3/grove/internal/data/session.go:21.2,22.1 3 1
github.com/m00nk0d3/grove/internal/data/session.go:23.2,24.19 3 1
github.com/m00nk0d3/grove/internal/data/session.go:25.3,26.1 1 1
github.com/m00nk0d3/grove/internal/data/session.go:28.2,49.16 2 1
github.com/m00nk0d3/grove/internal/data/session.go:50.3,51.1 1 1
github.com/m00nk0d3/grove/internal/data/session.go:52.2,53.16 2 1
github.com/m00nk0d3/grove/internal/data/session.go:54.3,55.1 1 0
github.com/m00nk0d3/grove/internal/data/session.go:56.2,56.16 1 1
github.com/m00nk0d3/grove/internal/data/session.go:62.2,69.16 2 1
github.com/m00nk0d3/grove/internal/data/session.go:70.3,71.1 1 1
github.com/m00nk0d3/grove/internal/data/session.go:72.2,73.1 3 1
github.com/m00nk0d3/grove/internal/data/session.go:74.2,75.18 3 1
github.com/m00nk0d3/grove/internal/data/session.go:76.3,77.17 2 1
github.com/m00nk0d3/grove/internal/data/session.go:78.4,79.1 1 0
github.com/m00nk0d3/grove/internal/data/session.go:80.3,80.33 1 1
github.com/m00nk0d3/grove/internal/data/session.go:82.2,82.35 1 1
github.com/m00nk0d3/grove/internal/data/session.go:83.3,84.1 1 0
github.com/m00nk0d3/grove/internal/data/session.go:85.2,85.21 1 1
github.com/m00nk0d3/grove/internal/data/session.go:86.3,87.1 1 1
github.com/m00nk0d3/grove/internal/data/session.go:88.2,88.22 1 1
github.com/m00nk0d3/grove/internal/data/session.go:94.2,103.26 3 1
github.com/m00nk0d3/grove/internal/data/session.go:104.3,105.1 1 1
github.com/m00nk0d3/grove/internal/data/session.go:106.2,106.16 1 1
github.com/m00nk0d3/grove/internal/data/session.go:107.3,108.1 1 1
github.com/m00nk0d3/grove/internal/data/session.go:109.2,109.16 1 1
github.com/m00nk0d3/grove/internal/data/session.go:114.2,115.16 2 1
github.com/m00nk0d3/grove/internal/data/session.go:116.3,117.1 1 1
github.com/m00nk0d3/grove/internal/data/session.go:118.2,118.12 1 1
github.com/m00nk0d3/grove/internal/data/session.go:127.2,128.16 2 1
github.com/m00nk0d3/grove/internal/data/session.go:129.3,130.1 1 1
github.com/m00nk0d3/grove/internal/data/session.go:131.2,131.12 1 1
github.com/m00nk0d3/grove/internal/data/session.go:143.2,175.16 3 1
github.com/m00nk0d3/grove/internal/data/session.go:176.3,177.1 1 1
github.com/m00nk0d3/grove/internal/data/session.go:179.2,179.43 1 1
github.com/m00nk0d3/grove/internal/data/session.go:180.3,181.1 1 1
github.com/m00nk0d3/grove/internal/data/session.go:182.3,183.1 1 0
github.com/m00nk0d3/grove/internal/data/session.go:184.2,184.21 1 1
github.com/m00nk0d3/grove/internal/data/session.go:185.3,186.1 1 1
github.com/m00nk0d3/grove/internal/data/session.go:187.2,187.20 1 1
github.com/m00nk0d3/grove/internal/data/session.go:188.3,190.1 2 1
github.com/m00nk0d3/grove/internal/data/session.go:191.2,191.21 1 1
github.com/m00nk0d3/grove/internal/data/session.go:192.3,193.1 1 1
github.com/m00nk0d3/grove/internal/data/session.go:194.2,194.25 1 1
github.com/m00nk0d3/grove/internal/data/session.go:195.3,196.1 1 1
github.com/m00nk0d3/grove/internal/data/session.go:197.2,197.23 1 1
github.com/m00nk0d3/grove/internal/data/session.go:198.3,199.1 1 1
github.com/m00nk0d3/grove/internal/data/session.go:200.2,200.17 1 1
github.com/m00nk0d3/grove/internal/data/session.go:201.3,202.1 1 1
github.com/m00nk0d3/grove/internal/data/session.go:203.2,203.18 1 1
github.com/m00nk0d3/grove/internal/data/session.go:204.3,205.1 1 1
github.com/m00nk0d3/grove/internal/data/session.go:206.2,206.18 1 1
github.com/m00nk0d3/grove/internal/data/session.go:207.3,208.1 1 1
github.com/m00nk0d3/grove/internal/data/session.go:209.2,209.26 1 1
github.com/m00nk0d3/grove/internal/data/session.go:210.3,211.1 1 1
github.com/m00nk0d3/grove/internal/data/session.go:212.2,212.47 1 1
github.com/m00nk0d3/grove/internal/data/session.go:213.3,214.17 2 1
github.com/m00nk0d3/grove/internal/data/session.go:215.4,216.1 1 0
github.com/m00nk0d3/grove/internal/data/session.go:217.3,217.21 1 1
github.com/m00nk0d3/grove/internal/data/session.go:219.2,219.47 1 1
github.com/m00nk0d3/grove/internal/data/session.go:220.3,221.17 2 1
github.com/m00nk0d3/grove/internal/data/session.go:222.4,223.1 1 0
github.com/m00nk0d3/grove/internal/data/session.go:224.3,224.21 1 1
github.com/m00nk0d3/grove/internal/data/session.go:226.2,226.18 1 1
github.com/m00nk0d3/grove/internal/data/session.go:234.2,234.71 1 1
github.com/m00nk0d3/grove/internal/data/session.go:235.3,235.70 1 1
github.com/m00nk0d3/grove/internal/data/session.go:236.4,237.1 1 1
github.com/m00nk0d3/grove/internal/data/session.go:239.2,239.71 1 0
github.com/m00nk0d3/grove/internal/data/sqlite.go:10.2,11.1 1 1
github.com/m00nk0d3/grove/cmd/grove/app.go:38.2,39.24 2 1
github.com/m00nk0d3/grove/cmd/grove/app.go:40.3,40.23 1 1
github.com/m00nk0d3/grove/cmd/grove/app.go:41.4,42.1 1 0
github.com/m00nk0d3/grove/cmd/grove/app.go:43.3,45.77 3 1
github.com/m00nk0d3/grove/cmd/grove/app.go:147.2,147.59 1 1
github.com/m00nk0d3/grove/cmd/grove/app.go:148.3,149.1 1 0
github.com/m00nk0d3/grove/cmd/grove/app.go:154.2,154.24 1 1
github.com/m00nk0d3/grove/cmd/grove/app.go:155.3,156.1 1 0
github.com/m00nk0d3/grove/cmd/grove/app.go:160.2,161.24 2 1
github.com/m00nk0d3/grove/cmd/grove/app.go:162.3,164.1 2 1
github.com/m00nk0d3/grove/cmd/grove/app.go:165.2,165.71 1 1
github.com/m00nk0d3/grove/cmd/grove/app.go:166.3,167.1 1 0
github.com/m00nk0d3/grove/cmd/grove/app.go:168.2,169.33 2 1
github.com/m00nk0d3/grove/cmd/grove/app.go:173.2,173.80 1 0
github.com/m00nk0d3/grove/cmd/grove/app.go:174.3,174.94 1 0
github.com/m00nk0d3/grove/cmd/grove/app.go:175.4,175.79 1 0
github.com/m00nk0d3/grove/cmd/grove/app.go:176.5,179.1 3 0
github.com/m00nk0d3/grove/cmd/grove/app.go:182.2,183.27 2 0
github.com/m00nk0d3/grove/cmd/grove/app.go:187.2,188.17 2 1
github.com/m00nk0d3/grove/cmd/grove/app.go:189.3,190.1 1 0
github.com/m00nk0d3/grove/cmd/grove/app.go:191.2,191.65 1 1
github.com/m00nk0d3/grove/cmd/grove/app.go:192.3,192.25 1 1
github.com/m00nk0d3/grove/cmd/grove/app.go:193.4,194.19 2 1
github.com/m00nk0d3/grove/cmd/grove/app.go:195.5,196.1 1 0
github.com/m00nk0d3/grove/cmd/grove/app.go:197.4,197.49 1 1
github.com/m00nk0d3/grove/cmd/grove/app.go:200.2,200.26 1 1
github.com/m00nk0d3/grove/cmd/grove/app.go:201.3,202.1 1 1
github.com/m00nk0d3/grove/cmd/grove/app.go:203.2,203.37 1 1
github.com/m00nk0d3/grove/cmd/grove/app.go:204.3,204.91 1 1
github.com/m00nk0d3/grove/cmd/grove/app.go:205.4,206.1 1 1
github.com/m00nk0d3/grove/cmd/grove/app.go:208.2,208.76 1 1
github.com/m00nk0d3/grove/cmd/grove/app.go:209.3,210.1 1 0
github.com/m00nk0d3/grove/cmd/grove/app.go:211.2,212.27 2 1
github.com/m00nk0d3/grove/cmd/grove/app.go:216.2,217.24 2 1
github.com/m00nk0d3/grove/cmd/grove/app.go:218.3,220.1 2 0
github.com/m00nk0d3/grove/cmd/grove/app.go:221.2,221.71 1 1
github.com/m00nk0d3/grove/cmd/grove/app.go:222.3,223.1 1 0
github.com/m00nk0d3/grove/cmd/grove/app.go:224.2,225.55 2 1
github.com/m00nk0d3/grove/cmd/grove/app.go:226.3,228.1 2 0
github.com/m00nk0d3/grove/cmd/grove/app.go:229.2,230.17 2 1
github.com/m00nk0d3/grove/cmd/grove/app.go:231.3,232.1 1 0
github.com/m00nk0d3/grove/cmd/grove/app.go:233.2,234.15 2 1
github.com/m00nk0d3/grove/cmd/grove/app.go:238.2,239.24 2 0
github.com/m00nk0d3/grove/cmd/grove/app.go:240.3,242.1 2 0
github.com/m00nk0d3/grove/cmd/grove/app.go:243.2,243.71 1 0
github.com/m00nk0d3/grove/cmd/grove/app.go:244.3,245.1 1 0
github.com/m00nk0d3/grove/cmd/grove/app.go:246.2,247.76 2 0
github.com/m00nk0d3/grove/cmd/grove/app.go:248.3,250.1 2 0
github.com/m00nk0d3/grove/cmd/grove/app.go:251.2,252.17 2 0
github.com/m00nk0d3/grove/cmd/grove/app.go:253.3,254.1 1 0
github.com/m00nk0d3/grove/cmd/grove/app.go:255.2,255.17 1 0
github.com/m00nk0d3/grove/cmd/grove/app.go:256.3,258.1 2 0
github.com/m00nk0d3/grove/cmd/grove/app.go:259.2,260.69 2 0
github.com/m00nk0d3/grove/cmd/grove/app.go:261.3,263.1 2 0
github.com/m00nk0d3/grove/cmd/grove/app.go:264.2,265.1 3 0
github.com/m00nk0d3/grove/cmd/grove/app.go:266.2,267.46 3 0
github.com/m00nk0d3/grove/cmd/grove/app.go:268.3,269.1 1 0
github.com/m00nk0d3/grove/cmd/grove/app.go:270.2,270.25 1 0
github.com/m00nk0d3/grove/cmd/grove/app.go:274.2,275.24 2 1
github.com/m00nk0d3/grove/cmd/grove/app.go:276.3,278.1 2 0
github.com/m00nk0d3/grove/cmd/grove/app.go:279.2,279.71 1 1
github.com/m00nk0d3/grove/cmd/grove/app.go:280.3,281.1 1 0
github.com/m00nk0d3/grove/cmd/grove/app.go:282.2,283.55 2 1
github.com/m00nk0d3/grove/cmd/grove/app.go:284.3,286.1 2 0
github.com/m00nk0d3/grove/cmd/grove/app.go:287.2,288.15 2 1
github.com/m00nk0d3/grove/cmd/grove/app.go:292.2,293.24 2 1
github.com/m00nk0d3/grove/cmd/grove/app.go:294.3,296.1 2 0
github.com/m00nk0d3/grove/cmd/grove/app.go:297.2,297.71 1 1
github.com/m00nk0d3/grove/cmd/grove/app.go:298.3,299.1 1 0
github.com/m00nk0d3/grove/cmd/grove/app.go:300.2,301.34 2 1
github.com/m00nk0d3/grove/cmd/grove/app.go:305.2,306.9 2 0
github.com/m00nk0d3/grove/cmd/grove/app.go:307.3,309.1 2 0
github.com/m00nk0d3/grove/cmd/grove/app.go:310.2,310.34 1 0
github.com/m00nk0d3/grove/cmd/grove/app.go:314.2,314.64 1 1
github.com/m00nk0d3/grove/cmd/grove/app.go:315.3,317.1 2 0
github.com/m00nk0d3/grove/cmd/grove/app.go:318.2,318.25 1 1
github.com/m00nk0d3/grove/cmd/grove/app.go:319.3,321.1 2 0
github.com/m00nk0d3/grove/cmd/grove/app.go:322.2,322.34 1 1
github.com/m00nk0d3/grove/cmd/grove/app.go:323.3,325.1 2 0
github.com/m00nk0d3/grove/cmd/grove/app.go:326.2,326.30 1 1
github.com/m00nk0d3/grove/cmd/grove/app.go:327.3,329.1 2 0
github.com/m00nk0d3/grove/cmd/grove/app.go:330.2,336.1 3 1
github.com/m00nk0d3/grove/cmd/grove/app.go:337.2,338.49 3 1
github.com/m00nk0d3/grove/cmd/grove/app.go:342.2,342.18 1 1
github.com/m00nk0d3/grove/cmd/grove/app.go:343.3,344.1 1 0
github.com/m00nk0d3/grove/cmd/grove/app.go:345.2,345.46 1 1
github.com/m00nk0d3/grove/cmd/grove/app.go:346.3,346.62 1 1
github.com/m00nk0d3/grove/cmd/grove/app.go:347.4,348.1 1 1
github.com/m00nk0d3/grove/cmd/grove/app.go:350.2,350.39 1 0
github.com/m00nk0d3/grove/cmd/grove/app.go:351.3,351.49 1 0
github.com/m00nk0d3/grove/cmd/grove/app.go:352.4,352.63 1 0
github.com/m00nk0d3/grove/cmd/grove/app.go:353.5,354.1 1 0
github.com/m00nk0d3/grove/cmd/grove/app.go:357.2,357.39 1 0
github.com/m00nk0d3/grove/cmd/grove/app.go:361.2,361.18 1 1
github.com/m00nk0d3/grove/cmd/grove/app.go:362.3,363.1 1 1
github.com/m00nk0d3/grove/cmd/grove/app.go:364.2,366.45 3 1
github.com/m00nk0d3/grove/cmd/grove/app.go:367.3,367.35 1 1
github.com/m00nk0d3/grove/cmd/grove/app.go:368.4,369.1 1 1
github.com/m00nk0d3/grove/cmd/grove/app.go:370.3,370.39 1 1
github.com/m00nk0d3/grove/cmd/grove/app.go:371.4,372.1 1 0
github.com/m00nk0d3/grove/cmd/grove/app.go:373.3,374.33 2 1
github.com/m00nk0d3/grove/cmd/grove/app.go:376.2,376.37 1 1
github.com/m00nk0d3/grove/cmd/grove/app.go:377.3,378.1 1 1
github.com/m00nk0d3/grove/cmd/grove/app.go:379.2,379.39 1 1
github.com/m00nk0d3/grove/cmd/grove/app.go:380.3,380.43 1 0
github.com/m00nk0d3/grove/cmd/grove/app.go:381.4,382.1 1 0
github.com/m00nk0d3/grove/cmd/grove/app.go:384.2,384.15 1 1
github.com/m00nk0d3/grove/cmd/grove/app.go:388.2,388.18 1 1
github.com/m00nk0d3/grove/cmd/grove/app.go:389.3,390.1 1 1
github.com/m00nk0d3/grove/cmd/grove/app.go:391.2,395.46 5 1
github.com/m00nk0d3/grove/cmd/grove/app.go:396.3,397.43 2 1
github.com/m00nk0d3/grove/cmd/grove/app.go:399.4,399.16 1 1
github.com/m00nk0d3/grove/cmd/grove/app.go:401.4,401.16 1 0
github.com/m00nk0d3/grove/cmd/grove/app.go:403.4,403.16 1 0
github.com/m00nk0d3/grove/cmd/grove/app.go:405.4,405.16 1 1
github.com/m00nk0d3/grove/cmd/grove/app.go:407.4,407.12 1 1
github.com/m00nk0d3/grove/cmd/grove/app.go:409.3,409.25 1 1
github.com/m00nk0d3/grove/cmd/grove/app.go:410.4,410.12 1 0
github.com/m00nk0d3/grove/cmd/grove/app.go:412.3,412.104 1 1
github.com/m00nk0d3/grove/cmd/grove/app.go:413.4,413.12 1 0
github.com/m00nk0d3/grove/cmd/grove/app.go:415.3,416.18 2 1
github.com/m00nk0d3/grove/cmd/grove/app.go:417.4,418.1 1 0
github.com/m00nk0d3/grove/cmd/grove/app.go:419.3,419.57 1 1
github.com/m00nk0d3/grove/cmd/grove/app.go:420.4,420.26 1 1
github.com/m00nk0d3/grove/cmd/grove/app.go:421.5,422.20 2 1
github.com/m00nk0d3/grove/cmd/grove/app.go:423.6,424.1 1 0
github.com/m00nk0d3/grove/cmd/grove/app.go:425.5,425.20 1 1
github.com/m00nk0d3/grove/cmd/grove/app.go:426.6,427.1 1 0
github.com/m00nk0d3/grove/cmd/grove/app.go:428.5,432.10 5 1
github.com/m00nk0d3/grove/cmd/grove/app.go:436.2,436.28 1 1
github.com/m00nk0d3/grove/cmd/grove/app.go:440.2,440.79 1 1
github.com/m00nk0d3/grove/cmd/grove/app.go:441.3,442.1 1 1
github.com/m00nk0d3/grove/cmd/grove/app.go:446.2,446.79 1 1
github.com/m00nk0d3/grove/cmd/grove/app.go:447.3,448.1 1 1
github.com/m00nk0d3/grove/cmd/grove/app.go:453.2,453.59 1 1
github.com/m00nk0d3/grove/cmd/grove/app.go:454.3,455.1 1 0
github.com/m00nk0d3/grove/cmd/grove/app.go:460.2,461.19 2 1
github.com/m00nk0d3/grove/cmd/grove/app.go:462.3,463.1 1 1
github.com/m00nk0d3/grove/cmd/grove/app.go:464.2,464.54 1 1
github.com/m00nk0d3/grove/cmd/grove/app.go:465.3,466.1 1 0
github.com/m00nk0d3/grove/cmd/grove/app.go:471.2,471.24 1 1
github.com/m00nk0d3/grove/cmd/grove/app.go:472.3,474.1 2 0
github.com/m00nk0d3/grove/cmd/grove/app.go:479.2,479.24 1 1
github.com/m00nk0d3/grove/cmd/grove/app.go:480.3,484.1 4 0
github.com/m00nk0d3/grove/cmd/grove/app.go:491.2,492.34 2 1
github.com/m00nk0d3/grove/cmd/grove/app.go:493.3,494.17 2 1
github.com/m00nk0d3/grove/cmd/grove/app.go:495.4,496.29 2 1
github.com/m00nk0d3/grove/cmd/grove/app.go:497.5,498.1 1 1
github.com/m00nk0d3/grove/cmd/grove/app.go:500.3,500.37 1 1
github.com/m00nk0d3/grove/cmd/grove/app.go:502.2,502.10 1 1
github.com/m00nk0d3/grove/cmd/grove/app.go:509.2,510.17 2 0
github.com/m00nk0d3/grove/cmd/grove/app.go:511.3,512.1 1 0
github.com/m00nk0d3/grove/cmd/grove/app.go:513.2,513.73 1 0
github.com/m00nk0d3/grove/cmd/grove/app.go:556.2,556.68 1 1
github.com/m00nk0d3/grove/cmd/grove/app.go:557.3,558.1 1 0
github.com/m00nk0d3/grove/cmd/grove/app.go:564.2,565.16 2 1
github.com/m00nk0d3/grove/cmd/grove/app.go:566.3,567.1 1 0
github.com/m00nk0d3/grove/cmd/grove/app.go:568.2,568.62 1 1
github.com/m00nk0d3/grove/cmd/grove/app.go:572.2,573.16 2 1
github.com/m00nk0d3/grove/cmd/grove/app.go:574.3,575.1 1 0
github.com/m00nk0d3/grove/cmd/grove/app.go:576.2,577.51 2 1
github.com/m00nk0d3/grove/cmd/grove/app.go:578.3,579.1 1 0
github.com/m00nk0d3/grove/cmd/grove/app.go:580.2,581.25 2 1
github.com/m00nk0d3/grove/cmd/grove/app.go:582.3,583.1 1 1
github.com/m00nk0d3/grove/cmd/grove/app.go:584.2,584.10 1 1
github.com/m00nk0d3/grove/cmd/grove/app.go:588.2,589.28 2 0
github.com/m00nk0d3/grove/cmd/grove/app.go:590.3,591.1 1 0
github.com/m00nk0d3/grove/cmd/grove/app.go:592.2,593.16 2 0
github.com/m00nk0d3/grove/cmd/grove/app.go:594.3,595.1 1 0
github.com/m00nk0d3/grove/cmd/grove/app.go:596.2,597.63 2 0
github.com/m00nk0d3/grove/cmd/grove/app.go:598.3,599.1 1 0
github.com/m00nk0d3/grove/cmd/grove/app.go:600.2,600.40 1 0
github.com/m00nk0d3/grove/cmd/grove/app.go:605.2,605.51 1 1
github.com/m00nk0d3/grove/cmd/grove/app.go:606.3,607.1 1 0
github.com/m00nk0d3/grove/cmd/grove/app.go:613.2,613.66 1 1
github.com/m00nk0d3/grove/cmd/grove/app.go:614.3,615.1 1 0
github.com/m00nk0d3/grove/cmd/grove/app.go:621.2,621.29 1 1
github.com/m00nk0d3/grove/cmd/grove/app.go:622.3,623.1 1 1
github.com/m00nk0d3/grove/cmd/grove/app.go:624.2,624.46 1 1
github.com/m00nk0d3/grove/cmd/grove/app.go:625.3,626.1 1 1
github.com/m00nk0d3/grove/cmd/grove/app.go:627.2,627.12 1 1
github.com/m00nk0d3/grove/cmd/grove/app.go:758.2,759.1 3 1
github.com/m00nk0d3/grove/cmd/grove/app.go:760.2,761.16 3 1
github.com/m00nk0d3/grove/cmd/grove/app.go:762.3,764.1 2 0
github.com/m00nk0d3/grove/cmd/grove/app.go:766.2,767.37 2 1
github.com/m00nk0d3/grove/cmd/grove/app.go:768.3,768.35 1 1
github.com/m00nk0d3/grove/cmd/grove/app.go:769.4,770.9 2 1
github.com/m00nk0d3/grove/cmd/grove/app.go:774.2,781.38 1 1
github.com/m00nk0d3/grove/cmd/grove/app.go:782.4,785.1 3 1
github.com/m00nk0d3/grove/cmd/grove/app.go:792.2,793.1 3 1
github.com/m00nk0d3/grove/cmd/grove/app.go:795.2,801.1 3 1
github.com/m00nk0d3/grove/cmd/grove/app.go:802.2,802.28 3 1
github.com/m00nk0d3/grove/cmd/grove/app.go:803.3,803.29 1 0
github.com/m00nk0d3/grove/cmd/grove/app.go:804.4,805.1 1 0
github.com/m00nk0d3/grove/cmd/grove/app.go:806.3,806.34 1 0
github.com/m00nk0d3/grove/cmd/grove/app.go:807.4,808.1 1 0
github.com/m00nk0d3/grove/cmd/grove/app.go:810.2,810.27 1 1
github.com/m00nk0d3/grove/cmd/grove/app.go:821.2,821.26 1 1
github.com/m00nk0d3/grove/cmd/grove/app.go:822.3,824.10 1 0
github.com/m00nk0d3/grove/cmd/grove/app.go:825.4,826.45 2 0
github.com/m00nk0d3/grove/cmd/grove/app.go:827.5,828.1 1 0
github.com/m00nk0d3/grove/cmd/grove/app.go:829.4,829.17 1 0
github.com/m00nk0d3/grove/cmd/grove/app.go:831.3,831.16 1 0
github.com/m00nk0d3/grove/cmd/grove/app.go:834.2,834.19 1 1
github.com/m00nk0d3/grove/cmd/grove/app.go:835.3,835.21 1 0
github.com/m00nk0d3/grove/cmd/grove/app.go:837.4,837.25 1 0
github.com/m00nk0d3/grove/cmd/grove/app.go:838.5,839.1 1 0
github.com/m00nk0d3/grove/cmd/grove/app.go:841.4,841.45 1 0
github.com/m00nk0d3/grove/cmd/grove/app.go:842.5,843.1 1 0
github.com/m00nk0d3/grove/cmd/grove/app.go:845.3,845.16 1 0
github.com/m00nk0d3/grove/cmd/grove/app.go:848.2,849.60 2 1
github.com/m00nk0d3/grove/cmd/grove/app.go:850.3,851.1 1 0
github.com/m00nk0d3/grove/cmd/grove/app.go:853.2,853.20 1 1
github.com/m00nk0d3/grove/cmd/grove/app.go:855.3,855.10 1 1
github.com/m00nk0d3/grove/cmd/grove/app.go:857.4,857.24 1 0
github.com/m00nk0d3/grove/cmd/grove/app.go:859.4,859.25 1 1
github.com/m00nk0d3/grove/cmd/grove/app.go:861.4,862.44 2 1
github.com/m00nk0d3/grove/cmd/grove/app.go:863.5,863.30 1 1
github.com/m00nk0d3/grove/cmd/grove/app.go:864.6,865.1 1 1
github.com/m00nk0d3/grove/cmd/grove/app.go:867.5,868.1 1 1
github.com/m00nk0d3/grove/cmd/grove/app.go:869.4,869.17 1 1
github.com/m00nk0d3/grove/cmd/grove/app.go:871.3,871.43 1 1
github.com/m00nk0d3/grove/cmd/grove/app.go:872.4,873.1 1 0
github.com/m00nk0d3/grove/cmd/grove/app.go:874.4,875.1 1 1
github.com/m00nk0d3/grove/cmd/grove/app.go:876.3,876.33 1 1
github.com/m00nk0d3/grove/cmd/grove/app.go:878.3,878.41 1 1
github.com/m00nk0d3/grove/cmd/grove/app.go:879.4,880.1 1 0
github.com/m00nk0d3/grove/cmd/grove/app.go:882.3,882.16 1 0
github.com/m00nk0d3/grove/cmd/grove/app.go:885.2,888.1 3 1
github.com/m00nk0d3/grove/cmd/grove/app.go:889.2,889.9 3 1
github.com/m00nk0d3/grove/cmd/grove/app.go:891.3,891.39 1 1
github.com/m00nk0d3/grove/cmd/grove/app.go:893.3,893.53 1 1
github.com/m00nk0d3/grove/cmd/grove/app.go:895.3,895.43 1 1
github.com/m00nk0d3/grove/cmd/grove/app.go:900.2,905.44 6 1
github.com/m00nk0d3/grove/cmd/grove/app.go:906.3,907.1 1 0
github.com/m00nk0d3/grove/cmd/grove/app.go:908.2,913.1 1 1
github.com/m00nk0d3/grove/cmd/grove/app.go:917.2,917.17 1 1
github.com/m00nk0d3/grove/cmd/grove/app.go:918.3,919.1 1 1
github.com/m00nk0d3/grove/cmd/grove/app.go:920.2,920.25 1 0
github.com/m00nk0d3/grove/cmd/grove/app.go:924.2,924.18 1 1
github.com/m00nk0d3/grove/cmd/grove/app.go:925.3,926.1 1 1
github.com/m00nk0d3/grove/cmd/grove/app.go:927.2,927.11 1 0
github.com/m00nk0d3/grove/cmd/grove/app.go:931.2,932.51 2 1
github.com/m00nk0d3/grove/cmd/grove/app.go:933.3,934.1 1 1
github.com/m00nk0d3/grove/cmd/grove/app.go:935.2,937.29 3 1
github.com/m00nk0d3/grove/cmd/grove/app.go:938.3,939.1 1 0
github.com/m00nk0d3/grove/cmd/grove/app.go:940.2,942.28 3 1
github.com/m00nk0d3/grove/cmd/grove/app.go:943.3,945.1 2 1
github.com/m00nk0d3/grove/cmd/grove/app.go:946.2,949.15 4 1
github.com/m00nk0d3/grove/cmd/grove/app.go:953.2,955.20 3 1
github.com/m00nk0d3/grove/cmd/grove/app.go:956.3,957.1 1 0
github.com/m00nk0d3/grove/cmd/grove/app.go:959.2,959.16 1 1
github.com/m00nk0d3/grove/cmd/grove/app.go:965.3,969.36 5 1
github.com/m00nk0d3/grove/cmd/grove/app.go:970.4,971.23 2 1
github.com/m00nk0d3/grove/cmd/grove/app.go:972.5,973.1 1 1
github.com/m00nk0d3/grove/cmd/grove/app.go:974.5,975.1 1 0
github.com/m00nk0d3/grove/cmd/grove/app.go:976.4,977.17 2 1
github.com/m00nk0d3/grove/cmd/grove/app.go:979.3,979.44 1 0
github.com/m00nk0d3/grove/cmd/grove/app.go:980.4,981.1 1 0
github.com/m00nk0d3/grove/cmd/grove/app.go:982.3,984.1 5 0
github.com/m00nk0d3/grove/cmd/grove/app.go:987.3,989.38 5 0
github.com/m00nk0d3/grove/cmd/grove/app.go:990.4,991.1 1 0
github.com/m00nk0d3/grove/cmd/grove/app.go:992.3,993.18 2 0
github.com/m00nk0d3/grove/cmd/grove/app.go:994.4,995.1 1 0
github.com/m00nk0d3/grove/cmd/grove/app.go:997.3,1000.37 4 1
github.com/m00nk0d3/grove/cmd/grove/app.go:1001.4,1001.49 1 1
github.com/m00nk0d3/grove/cmd/grove/app.go:1002.5,1003.10 2 1
github.com/m00nk0d3/grove/cmd/grove/app.go:1006.3,1007.30 2 1
github.com/m00nk0d3/grove/cmd/grove/app.go:1008.4,1009.1 1 0
github.com/m00nk0d3/grove/cmd/grove/app.go:1010.3,1011.30 2 1
github.com/m00nk0d3/grove/cmd/grove/app.go:1012.4,1013.19 2 1
github.com/m00nk0d3/grove/cmd/grove/app.go:1014.5,1015.1 1 1
github.com/m00nk0d3/grove/cmd/grove/app.go:1018.3,1020.30 3 0
github.com/m00nk0d3/grove/cmd/grove/app.go:1021.4,1022.1 1 0
github.com/m00nk0d3/grove/cmd/grove/app.go:1023.3,1024.24 2 0
github.com/m00nk0d3/grove/cmd/grove/app.go:1025.4,1026.1 1 0
github.com/m00nk0d3/grove/cmd/grove/app.go:1027.3,1028.18 2 0
github.com/m00nk0d3/grove/cmd/grove/app.go:1029.4,1030.1 1 0
github.com/m00nk0d3/grove/cmd/grove/app.go:1032.3,1035.41 4 0
github.com/m00nk0d3/grove/cmd/grove/app.go:1036.4,1037.1 1 0
github.com/m00nk0d3/grove/cmd/grove/app.go:1038.3,1039.18 2 0
github.com/m00nk0d3/grove/cmd/grove/app.go:1040.4,1041.1 1 0
github.com/m00nk0d3/grove/cmd/grove/app.go:1043.2,1043.15 1 1
github.com/m00nk0d3/grove/cmd/grove/app.go:1047.2,1048.27 2 1
github.com/m00nk0d3/grove/cmd/grove/app.go:1049.3,1051.1 2 0
github.com/m00nk0d3/grove/cmd/grove/app.go:1052.2,1053.48 2 1
github.com/m00nk0d3/grove/cmd/grove/app.go:1054.3,1056.1 2 0
github.com/m00nk0d3/grove/cmd/grove/app.go:1057.2,1059.37 3 1
github.com/m00nk0d3/grove/cmd/grove/app.go:1064.2,1064.44 1 1
github.com/m00nk0d3/grove/cmd/grove/app.go:1065.3,1066.1 1 1
github.com/m00nk0d3/grove/cmd/grove/app.go:1069.2,1069.26 1 1
github.com/m00nk0d3/grove/cmd/grove/app.go:1070.3,1070.28 1 1
github.com/m00nk0d3/grove/cmd/grove/app.go:1072.4,1073.68 2 0
github.com/m00nk0d3/grove/cmd/grove/app.go:1078.4,1079.33 2 0
github.com/m00nk0d3/grove/cmd/grove/app.go:1080.5,1080.39 1 0
github.com/m00nk0d3/grove/cmd/grove/app.go:1081.6,1084.11 4 0
github.com/m00nk0d3/grove/cmd/grove/app.go:1087.4,1087.17 1 0
github.com/m00nk0d3/grove/cmd/grove/app.go:1089.4,1090.59 2 0
github.com/m00nk0d3/grove/cmd/grove/app.go:1092.4,1093.55 2 0
github.com/m00nk0d3/grove/cmd/grove/app.go:1095.4,1096.62 2 0
github.com/m00nk0d3/grove/cmd/grove/app.go:1098.4,1100.47 3 0
github.com/m00nk0d3/grove/cmd/grove/app.go:1102.4,1103.40 2 0
github.com/m00nk0d3/grove/cmd/grove/app.go:1105.4,1106.30 2 0
github.com/m00nk0d3/grove/cmd/grove/app.go:1107.5,1107.31 1 0
github.com/m00nk0d3/grove/cmd/grove/app.go:1108.6,1109.1 1 0
github.com/m00nk0d3/grove/cmd/grove/app.go:1110.5,1110.36 1 0
github.com/m00nk0d3/grove/cmd/grove/app.go:1111.6,1112.1 1 0
github.com/m00nk0d3/grove/cmd/grove/app.go:1114.4,1114.32 1 0
github.com/m00nk0d3/grove/cmd/grove/app.go:1116.4,1116.58 1 1
github.com/m00nk0d3/grove/cmd/grove/app.go:1118.4,1118.69 1 1
github.com/m00nk0d3/grove/cmd/grove/app.go:1119.5,1120.1 1 1
github.com/m00nk0d3/grove/cmd/grove/app.go:1121.4,1121.17 1 1
github.com/m00nk0d3/grove/cmd/grove/app.go:1123.4,1124.38 2 0
github.com/m00nk0d3/grove/cmd/grove/app.go:1126.4,1126.41 1 0
github.com/m00nk0d3/grove/cmd/grove/app.go:1128.4,1129.11 2 0
github.com/m00nk0d3/grove/cmd/grove/app.go:1130.5,1131.1 1 0
github.com/m00nk0d3/grove/cmd/grove/app.go:1132.4,1133.33 2 0
github.com/m00nk0d3/grove/cmd/grove/app.go:1135.4,1135.33 1 0
github.com/m00nk0d3/grove/cmd/grove/app.go:1137.4,1137.52 1 1
github.com/m00nk0d3/grove/cmd/grove/app.go:1141.4,1141.98 1 1
github.com/m00nk0d3/grove/cmd/grove/app.go:1142.5,1143.1 1 1
github.com/m00nk0d3/grove/cmd/grove/app.go:1144.4,1144.17 1 1
github.com/m00nk0d3/grove/cmd/grove/app.go:1146.4,1147.44 2 0
github.com/m00nk0d3/grove/cmd/grove/app.go:1149.4,1150.11 2 0
github.com/m00nk0d3/grove/cmd/grove/app.go:1151.5,1154.1 3 0
github.com/m00nk0d3/grove/cmd/grove/app.go:1155.4,1156.17 2 0
github.com/m00nk0d3/grove/cmd/grove/app.go:1158.4,1160.54 3 1
github.com/m00nk0d3/grove/cmd/grove/app.go:1162.4,1164.17 3 0
github.com/m00nk0d3/grove/cmd/grove/app.go:1166.4,1166.43 1 1
github.com/m00nk0d3/grove/cmd/grove/app.go:1168.4,1168.43 1 1
github.com/m00nk0d3/grove/cmd/grove/app.go:1170.4,1170.42 1 1
github.com/m00nk0d3/grove/cmd/grove/app.go:1172.4,1173.1 2 1
github.com/m00nk0d3/grove/cmd/grove/app.go:1174.4,1174.39 2 1
github.com/m00nk0d3/grove/cmd/grove/app.go:1175.5,1175.44 1 1
github.com/m00nk0d3/grove/cmd/grove/app.go:1176.6,1177.11 2 1
github.com/m00nk0d3/grove/cmd/grove/app.go:1183.4,1185.88 2 1
github.com/m00nk0d3/grove/cmd/grove/app.go:1186.5,1187.1 1 1
github.com/m00nk0d3/grove/cmd/grove/app.go:1189.4,1190.45 2 1
github.com/m00nk0d3/grove/cmd/grove/app.go:1191.5,1192.1 1 1
github.com/m00nk0d3/grove/cmd/grove/app.go:1193.4,1193.34 1 1
github.com/m00nk0d3/grove/cmd/grove/app.go:1200.4,1200.64 1 1
github.com/m00nk0d3/grove/cmd/grove/app.go:1201.5,1202.46 2 1
github.com/m00nk0d3/grove/cmd/grove/app.go:1203.6,1204.1 1 1
github.com/m00nk0d3/grove/cmd/grove/app.go:1205.5,1205.18 1 1
github.com/m00nk0d3/grove/cmd/grove/app.go:1213.2,1213.19 1 1
github.com/m00nk0d3/grove/cmd/grove/app.go:1214.3,1214.41 1 0
github.com/m00nk0d3/grove/cmd/grove/app.go:1215.4,1215.23 1 0
github.com/m00nk0d3/grove/cmd/grove/app.go:1217.5,1221.18 5 0
github.com/m00nk0d3/grove/cmd/grove/app.go:1223.5,1228.18 6 0
github.com/m00nk0d3/grove/cmd/grove/app.go:1230.5,1230.26 1 0
github.com/m00nk0d3/grove/cmd/grove/app.go:1231.6,1232.1 1 0
github.com/m00nk0d3/grove/cmd/grove/app.go:1233.5,1233.18 1 0
github.com/m00nk0d3/grove/cmd/grove/app.go:1235.5,1235.46 1 0
github.com/m00nk0d3/grove/cmd/grove/app.go:1236.6,1237.1 1 0
github.com/m00nk0d3/grove/cmd/grove/app.go:1238.5,1238.18 1 0
github.com/m00nk0d3/grove/cmd/grove/app.go:1240.5,1245.23 6 0
github.com/m00nk0d3/grove/cmd/grove/app.go:1251.2,1251.27 1 1
github.com/m00nk0d3/grove/cmd/grove/app.go:1254.3,1255.19 2 1
github.com/m00nk0d3/grove/cmd/grove/app.go:1257.4,1258.29 2 1
github.com/m00nk0d3/grove/cmd/grove/app.go:1259.5,1260.1 1 1
github.com/m00nk0d3/grove/cmd/grove/app.go:1261.4,1261.17 1 1
github.com/m00nk0d3/grove/cmd/grove/app.go:1263.4,1263.29 1 1
github.com/m00nk0d3/grove/cmd/grove/app.go:1264.5,1265.1 1 1
github.com/m00nk0d3/grove/cmd/grove/app.go:1266.4,1266.35 1 1
github.com/m00nk0d3/grove/cmd/grove/app.go:1268.4,1268.22 1 0
github.com/m00nk0d3/grove/cmd/grove/app.go:1270.4,1270.22 1 1
github.com/m00nk0d3/grove/cmd/grove/app.go:1272.4,1273.17 2 1
github.com/m00nk0d3/grove/cmd/grove/app.go:1275.4,1275.30 1 1
github.com/m00nk0d3/grove/cmd/grove/app.go:1277.4,1278.34 2 1
github.com/m00nk0d3/grove/cmd/grove/app.go:1280.4,1281.34 2 1
github.com/m00nk0d3/grove/cmd/grove/app.go:1283.4,1283.29 1 0
github.com/m00nk0d3/grove/cmd/grove/app.go:1284.5,1286.1 2 0
github.com/m00nk0d3/grove/cmd/grove/app.go:1287.4,1288.17 2 0
github.com/m00nk0d3/grove/cmd/grove/app.go:1290.4,1290.29 1 1
github.com/m00nk0d3/grove/cmd/grove/app.go:1291.5,1291.30 1 1
github.com/m00nk0d3/grove/cmd/grove/app.go:1292.6,1293.1 1 1
github.com/m00nk0d3/grove/cmd/grove/app.go:1294.5,1294.18 1 1
github.com/m00nk0d3/grove/cmd/grove/app.go:1296.4,1297.17 2 1
github.com/m00nk0d3/grove/cmd/grove/app.go:1299.4,1299.24 1 1
github.com/m00nk0d3/grove/cmd/grove/app.go:1301.5,1301.23 1 1
github.com/m00nk0d3/grove/cmd/grove/app.go:1303.5,1304.18 2 1
github.com/m00nk0d3/grove/cmd/grove/app.go:1306.5,1307.35 2 1
github.com/m00nk0d3/grove/cmd/grove/app.go:1309.5,1310.35 2 1
github.com/m00nk0d3/grove/cmd/grove/app.go:1312.5,1312.30 1 1
github.com/m00nk0d3/grove/cmd/grove/app.go:1313.6,1315.1 2 1
github.com/m00nk0d3/grove/cmd/grove/app.go:1316.5,1317.35 2 0
github.com/m00nk0d3/grove/cmd/grove/app.go:1319.5,1319.30 1 0
github.com/m00nk0d3/grove/cmd/grove/app.go:1320.6,1320.31 1 0
github.com/m00nk0d3/grove/cmd/grove/app.go:1321.7,1322.1 1 0
github.com/m00nk0d3/grove/cmd/grove/app.go:1323.6,1323.19 1 0
github.com/m00nk0d3/grove/cmd/grove/app.go:1325.5,1326.35 2 0
github.com/m00nk0d3/grove/cmd/grove/app.go:1328.5,1328.79 1 1
github.com/m00nk0d3/grove/cmd/grove/app.go:1330.5,1332.18 3 1
github.com/m00nk0d3/grove/cmd/grove/app.go:1334.5,1336.27 3 0
github.com/m00nk0d3/grove/cmd/grove/app.go:1338.5,1338.32 1 1
github.com/m00nk0d3/grove/cmd/grove/app.go:1339.6,1340.1 1 1
github.com/m00nk0d3/grove/cmd/grove/app.go:1341.5,1341.26 1 1
github.com/m00nk0d3/grove/cmd/grove/app.go:1342.6,1343.1 1 1
github.com/m00nk0d3/grove/cmd/grove/app.go:1345.5,1345.32 1 1
github.com/m00nk0d3/grove/cmd/grove/app.go:1346.6,1347.1 1 1
github.com/m00nk0d3/grove/cmd/grove/app.go:1349.5,1349.72 1 0
github.com/m00nk0d3/grove/cmd/grove/app.go:1350.6,1351.1 1 0
github.com/m00nk0d3/grove/cmd/grove/app.go:1353.5,1353.32 1 1
github.com/m00nk0d3/grove/cmd/grove/app.go:1354.6,1354.29 1 1
github.com/m00nk0d3/grove/cmd/grove/app.go:1355.7,1356.1 1 0
github.com/m00nk0d3/grove/cmd/grove/app.go:1357.7,1358.1 1 1
github.com/m00nk0d3/grove/cmd/grove/app.go:1359.6,1360.19 2 1
github.com/m00nk0d3/grove/cmd/grove/app.go:1362.5,1362.26 1 1
github.com/m00nk0d3/grove/cmd/grove/app.go:1363.6,1363.29 1 1
github.com/m00nk0d3/grove/cmd/grove/app.go:1364.7,1365.1 1 1
github.com/m00nk0d3/grove/cmd/grove/app.go:1366.7,1367.1 1 1
github.com/m00nk0d3/grove/cmd/grove/app.go:1368.6,1370.19 3 1
github.com/m00nk0d3/grove/cmd/grove/app.go:1373.5,1375.27 3 1
github.com/m00nk0d3/grove/cmd/grove/app.go:1377.5,1379.27 3 1
github.com/m00nk0d3/grove/cmd/grove/app.go:1381.5,1383.27 3 1
github.com/m00nk0d3/grove/cmd/grove/app.go:1385.5,1385.18 1 1
github.com/m00nk0d3/grove/cmd/grove/app.go:1386.6,1387.1 1 1
github.com/m00nk0d3/grove/cmd/grove/app.go:1388.5,1390.31 3 1
github.com/m00nk0d3/grove/cmd/grove/app.go:1391.6,1391.32 1 0
github.com/m00nk0d3/grove/cmd/grove/app.go:1392.7,1393.1 1 0
github.com/m00nk0d3/grove/cmd/grove/app.go:1394.6,1394.37 1 0
github.com/m00nk0d3/grove/cmd/grove/app.go:1395.7,1396.1 1 0
github.com/m00nk0d3/grove/cmd/grove/app.go:1398.5,1398.19 1 1
github.com/m00nk0d3/grove/cmd/grove/app.go:1400.5,1403.27 4 1
github.com/m00nk0d3/grove/cmd/grove/app.go:1405.5,1406.18 2 1
github.com/m00nk0d3/grove/cmd/grove/app.go:1409.5,1409.31 1 1
github.com/m00nk0d3/grove/cmd/grove/app.go:1411.5,1411.26 1 1
github.com/m00nk0d3/grove/cmd/grove/app.go:1412.6,1416.1 4 1
github.com/m00nk0d3/grove/cmd/grove/app.go:1418.5,1418.26 1 1
github.com/m00nk0d3/grove/cmd/grove/app.go:1419.6,1420.1 1 1
github.com/m00nk0d3/grove/cmd/grove/app.go:1427.3,1427.21 1 1
github.com/m00nk0d3/grove/cmd/grove/app.go:1428.4,1430.1 2 1
github.com/m00nk0d3/grove/cmd/grove/app.go:1431.3,1431.36 1 0
github.com/m00nk0d3/grove/cmd/grove/app.go:1434.3,1434.21 1 1
github.com/m00nk0d3/grove/cmd/grove/app.go:1435.4,1437.1 2 1
github.com/m00nk0d3/grove/cmd/grove/app.go:1438.3,1439.1 2 0
github.com/m00nk0d3/grove/cmd/grove/app.go:1440.3,1440.36 2 0
github.com/m00nk0d3/grove/cmd/grove/app.go:1443.3,1443.21 1 1
github.com/m00nk0d3/grove/cmd/grove/app.go:1444.4,1444.35 1 1
github.com/m00nk0d3/grove/cmd/grove/app.go:1446.5,1448.1 2 1
github.com/m00nk0d3/grove/cmd/grove/app.go:1449.4,1450.29 2 1
github.com/m00nk0d3/grove/cmd/grove/app.go:1454.3,1455.29 2 1
github.com/m00nk0d3/grove/cmd/grove/app.go:1456.4,1456.72 1 0
github.com/m00nk0d3/grove/cmd/grove/app.go:1457.5,1459.10 3 0
github.com/m00nk0d3/grove/cmd/grove/app.go:1462.3,1462.13 1 1
github.com/m00nk0d3/grove/cmd/grove/app.go:1463.4,1464.1 1 1
github.com/m00nk0d3/grove/cmd/grove/app.go:1465.3,1466.34 2 1
github.com/m00nk0d3/grove/cmd/grove/app.go:1467.4,1468.1 1 1
github.com/m00nk0d3/grove/cmd/grove/app.go:1469.3,1470.26 2 1
github.com/m00nk0d3/grove/cmd/grove/app.go:1473.3,1473.33 1 1
github.com/m00nk0d3/grove/cmd/grove/app.go:1476.3,1476.40 1 1
github.com/m00nk0d3/grove/cmd/grove/app.go:1479.3,1479.37 1 1
github.com/m00nk0d3/grove/cmd/grove/app.go:1482.3,1482.35 1 1
github.com/m00nk0d3/grove/cmd/grove/app.go:1485.3,1485.21 1 0
github.com/m00nk0d3/grove/cmd/grove/app.go:1486.4,1488.1 2 0
github.com/m00nk0d3/grove/cmd/grove/app.go:1489.3,1489.57 1 0
github.com/m00nk0d3/grove/cmd/grove/app.go:1492.3,1492.21 1 1
github.com/m00nk0d3/grove/cmd/grove/app.go:1493.4,1495.26 3 1
github.com/m00nk0d3/grove/cmd/grove/app.go:1496.5,1497.1 1 1
github.com/m00nk0d3/grove/cmd/grove/app.go:1498.5,1501.1 3 1
github.com/m00nk0d3/grove/cmd/grove/app.go:1504.4,1504.30 1 1
github.com/m00nk0d3/grove/cmd/grove/app.go:1505.5,1506.1 1 1
github.com/m00nk0d3/grove/cmd/grove/app.go:1508.4,1510.1 2 0
github.com/m00nk0d3/grove/cmd/grove/app.go:1513.3,1513.21 1 1
github.com/m00nk0d3/grove/cmd/grove/app.go:1514.4,1516.1 2 1
github.com/m00nk0d3/grove/cmd/grove/app.go:1520.3,1521.55 2 1
github.com/m00nk0d3/grove/cmd/grove/app.go:1524.3,1524.27 1 1
github.com/m00nk0d3/grove/cmd/grove/app.go:1525.4,1529.26 5 1
github.com/m00nk0d3/grove/cmd/grove/app.go:1530.5,1530.52 1 1
github.com/m00nk0d3/grove/cmd/grove/app.go:1531.6,1532.1 1 1
github.com/m00nk0d3/grove/cmd/grove/app.go:1533.6,1534.1 1 1
github.com/m00nk0d3/grove/cmd/grove/app.go:1536.4,1538.18 3 1
github.com/m00nk0d3/grove/cmd/grove/app.go:1539.5,1541.1 2 1
github.com/m00nk0d3/grove/cmd/grove/app.go:1542.4,1542.21 1 1
github.com/m00nk0d3/grove/cmd/grove/app.go:1543.5,1546.1 3 1
github.com/m00nk0d3/grove/cmd/grove/app.go:1547.4,1547.35 1 1
github.com/m00nk0d3/grove/cmd/grove/app.go:1548.5,1549.1 1 1
github.com/m00nk0d3/grove/cmd/grove/app.go:1550.4,1550.18 1 1
github.com/m00nk0d3/grove/cmd/grove/app.go:1551.5,1551.20 1 1
github.com/m00nk0d3/grove/cmd/grove/app.go:1552.6,1552.86 1 0
github.com/m00nk0d3/grove/cmd/grove/app.go:1553.7,1554.1 1 0
github.com/m00nk0d3/grove/cmd/grove/app.go:1556.6,1557.1 1 1
github.com/m00nk0d3/grove/cmd/grove/app.go:1559.4,1560.26 2 1
github.com/m00nk0d3/grove/cmd/grove/app.go:1561.5,1562.1 1 1
github.com/m00nk0d3/grove/cmd/grove/app.go:1563.4,1563.61 1 1
github.com/m00nk0d3/grove/cmd/grove/app.go:1570.3,1570.10 1 0
github.com/m00nk0d3/grove/cmd/grove/app.go:1573.3,1573.19 1 1
github.com/m00nk0d3/grove/cmd/grove/app.go:1576.3,1576.19 1 0
github.com/m00nk0d3/grove/cmd/grove/app.go:1579.3,1579.60 1 1
github.com/m00nk0d3/grove/cmd/grove/app.go:1580.4,1581.1 1 1
github.com/m00nk0d3/grove/cmd/grove/app.go:1582.3,1583.35 2 1
github.com/m00nk0d3/grove/cmd/grove/app.go:1586.3,1586.33 1 1
github.com/m00nk0d3/grove/cmd/grove/app.go:1589.3,1590.34 2 1
github.com/m00nk0d3/grove/cmd/grove/app.go:1591.4,1591.37 1 1
github.com/m00nk0d3/grove/cmd/grove/app.go:1592.5,1593.1 1 1
github.com/m00nk0d3/grove/cmd/grove/app.go:1595.3,1595.18 1 1
github.com/m00nk0d3/grove/cmd/grove/app.go:1596.4,1597.1 1 1
github.com/m00nk0d3/grove/cmd/grove/app.go:1598.3,1599.29 2 1
github.com/m00nk0d3/grove/cmd/grove/app.go:1602.3,1603.55 2 1
github.com/m00nk0d3/grove/cmd/grove/app.go:1604.4,1605.1 1 1
github.com/m00nk0d3/grove/cmd/grove/app.go:1606.3,1606.60 1 1
github.com/m00nk0d3/grove/cmd/grove/app.go:1607.4,1608.1 1 1
github.com/m00nk0d3/grove/cmd/grove/app.go:1609.3,1610.31 2 1
github.com/m00nk0d3/grove/cmd/grove/app.go:1613.3,1613.21 1 1
github.com/m00nk0d3/grove/cmd/grove/app.go:1614.4,1616.1 2 1
github.com/m00nk0d3/grove/cmd/grove/app.go:1617.3,1617.39 1 1
github.com/m00nk0d3/grove/cmd/grove/app.go:1620.3,1620.21 1 0
github.com/m00nk0d3/grove/cmd/grove/app.go:1621.4,1624.1 3 0
github.com/m00nk0d3/grove/cmd/grove/app.go:1625.3,1625.34 1 0
github.com/m00nk0d3/grove/cmd/grove/app.go:1626.4,1633.1 1 0
github.com/m00nk0d3/grove/cmd/grove/app.go:1635.3,1638.29 4 0
github.com/m00nk0d3/grove/cmd/grove/app.go:1639.4,1640.1 1 0
github.com/m00nk0d3/grove/cmd/grove/app.go:1641.3,1641.31 1 0
github.com/m00nk0d3/grove/cmd/grove/app.go:1644.3,1644.21 1 1
github.com/m00nk0d3/grove/cmd/grove/app.go:1645.4,1647.1 2 1
github.com/m00nk0d3/grove/cmd/grove/app.go:1650.4,1650.35 1 1
github.com/m00nk0d3/grove/cmd/grove/app.go:1651.5,1654.1 3 1
github.com/m00nk0d3/grove/cmd/grove/app.go:1655.4,1655.40 1 1
github.com/m00nk0d3/grove/cmd/grove/app.go:1657.3,1657.39 1 1
github.com/m00nk0d3/grove/cmd/grove/app.go:1660.3,1664.25 5 1
github.com/m00nk0d3/grove/cmd/grove/app.go:1665.4,1666.1 1 1
github.com/m00nk0d3/grove/cmd/grove/app.go:1666.10,1666.51 1 1
github.com/m00nk0d3/grove/cmd/grove/app.go:1667.4,1668.1 1 1
github.com/m00nk0d3/grove/cmd/grove/app.go:1669.3,1669.63 1 1
github.com/m00nk0d3/grove/cmd/grove/app.go:1670.4,1670.84 1 1
github.com/m00nk0d3/grove/cmd/grove/app.go:1671.5,1672.1 1 1
github.com/m00nk0d3/grove/cmd/grove/app.go:1674.3,1674.35 1 1
github.com/m00nk0d3/grove/cmd/grove/app.go:1678.3,1678.21 1 1
github.com/m00nk0d3/grove/cmd/grove/app.go:1679.4,1680.1 1 1
github.com/m00nk0d3/grove/cmd/grove/app.go:1681.4,1682.1 1 1
github.com/m00nk0d3/grove/cmd/grove/app.go:1683.3,1683.26 1 1
github.com/m00nk0d3/grove/cmd/grove/app.go:1686.3,1686.21 1 0
github.com/m00nk0d3/grove/cmd/grove/app.go:1687.4,1689.1 2 0
github.com/m00nk0d3/grove/cmd/grove/app.go:1690.3,1691.26 2 0
github.com/m00nk0d3/grove/cmd/grove/app.go:1694.3,1694.21 1 1
github.com/m00nk0d3/grove/cmd/grove/app.go:1695.4,1698.1 3 0
github.com/m00nk0d3/grove/cmd/grove/app.go:1699.3,1699.34 1 1
github.com/m00nk0d3/grove/cmd/grove/app.go:1700.4,1701.60 2 0
github.com/m00nk0d3/grove/cmd/grove/app.go:1702.5,1702.72 1 0
github.com/m00nk0d3/grove/cmd/grove/app.go:1703.6,1704.1 1 0
github.com/m00nk0d3/grove/cmd/grove/app.go:1706.4,1708.54 3 0
github.com/m00nk0d3/grove/cmd/grove/app.go:1709.5,1709.41 1 0
github.com/m00nk0d3/grove/cmd/grove/app.go:1710.6,1711.1 1 0
github.com/m00nk0d3/grove/cmd/grove/app.go:1713.4,1713.48 1 0
github.com/m00nk0d3/grove/cmd/grove/app.go:1715.3,1715.15 1 1
github.com/m00nk0d3/grove/cmd/grove/app.go:1716.4,1717.1 1 1
github.com/m00nk0d3/grove/cmd/grove/app.go:1718.4,1719.1 1 0
github.com/m00nk0d3/grove/cmd/grove/app.go:1720.3,1720.65 1 1
github.com/m00nk0d3/grove/cmd/grove/app.go:1723.3,1723.21 1 0
github.com/m00nk0d3/grove/cmd/grove/app.go:1724.4,1726.1 2 0
github.com/m00nk0d3/grove/cmd/grove/app.go:1727.3,1728.29 2 0
github.com/m00nk0d3/grove/cmd/grove/app.go:1729.4,1729.72 1 0
github.com/m00nk0d3/grove/cmd/grove/app.go:1730.5,1732.10 3 0
github.com/m00nk0d3/grove/cmd/grove/app.go:1735.3,1735.13 1 0
github.com/m00nk0d3/grove/cmd/grove/app.go:1736.4,1737.1 1 0
github.com/m00nk0d3/grove/cmd/grove/app.go:1738.3,1739.26 2 0
github.com/m00nk0d3/grove/cmd/grove/app.go:1742.3,1742.21 1 1
github.com/m00nk0d3/grove/cmd/grove/app.go:1743.4,1745.1 2 1
github.com/m00nk0d3/grove/cmd/grove/app.go:1746.3,1747.32 2 1
github.com/m00nk0d3/grove/cmd/grove/app.go:1748.4,1748.53 1 1
github.com/m00nk0d3/grove/cmd/grove/app.go:1749.5,1750.1 1 1
github.com/m00nk0d3/grove/cmd/grove/app.go:1752.3,1752.21 1 1
github.com/m00nk0d3/grove/cmd/grove/app.go:1753.4,1754.1 1 0
github.com/m00nk0d3/grove/cmd/grove/app.go:1755.3,1756.16 2 1
github.com/m00nk0d3/grove/cmd/grove/app.go:1759.3,1760.24 2 1
github.com/m00nk0d3/grove/cmd/grove/app.go:1763.3,1763.21 1 0
github.com/m00nk0d3/grove/cmd/grove/app.go:1764.4,1766.1 2 0
github.com/m00nk0d3/grove/cmd/grove/app.go:1768.3,1768.16 1 0
github.com/m00nk0d3/grove/cmd/grove/app.go:1771.3,1771.21 1 0
github.com/m00nk0d3/grove/cmd/grove/app.go:1772.4,1774.1 2 0
github.com/m00nk0d3/grove/cmd/grove/app.go:1775.3,1776.16 2 0
github.com/m00nk0d3/grove/cmd/grove/app.go:1779.3,1779.21 1 0
github.com/m00nk0d3/grove/cmd/grove/app.go:1780.4,1782.1 2 0
github.com/m00nk0d3/grove/cmd/grove/app.go:1783.3,1784.62 2 0
github.com/m00nk0d3/grove/cmd/grove/app.go:1787.3,1787.36 1 1
github.com/m00nk0d3/grove/cmd/grove/app.go:1790.3,1791.1 3 1
github.com/m00nk0d3/grove/cmd/grove/app.go:1794.3,1795.1 3 1
github.com/m00nk0d3/grove/cmd/grove/app.go:1796.3,1796.20 3 1
github.com/m00nk0d3/grove/cmd/grove/app.go:1797.4,1800.1 3 0
github.com/m00nk0d3/grove/cmd/grove/app.go:1803.2,1803.15 1 1
github.com/m00nk0d3/grove/cmd/grove/app.go:1810.2,1811.31 2 1
github.com/m00nk0d3/grove/cmd/grove/app.go:1812.3,1814.1 2 1
github.com/m00nk0d3/grove/cmd/grove/app.go:1815.2,1817.52 3 1
github.com/m00nk0d3/grove/cmd/grove/app.go:1817.54,1817.84 1 0
github.com/m00nk0d3/grove/cmd/grove/app.go:1823.2,1824.1 1 1
github.com/m00nk0d3/grove/cmd/grove/app.go:1828.2,1830.31 3 1
github.com/m00nk0d3/grove/cmd/grove/app.go:1831.3,1832.1 1 0
github.com/m00nk0d3/grove/cmd/grove/app.go:1833.2,1833.278 1 1
github.com/m00nk0d3/grove/cmd/grove/app.go:1834.3,1834.29 1 1
github.com/m00nk0d3/grove/cmd/grove/app.go:1835.4,1836.1 1 0
github.com/m00nk0d3/grove/cmd/grove/app.go:1837.3,1837.13 1 1
github.com/m00nk0d3/grove/cmd/grove/app.go:1839.3,1839.34 1 1
github.com/m00nk0d3/grove/cmd/grove/app.go:1840.4,1841.1 1 0
github.com/m00nk0d3/grove/cmd/grove/app.go:1842.3,1842.13 1 1
github.com/m00nk0d3/grove/cmd/grove/app.go:1845.2,1846.12 2 1
github.com/m00nk0d3/grove/cmd/grove/app.go:1847.3,1848.1 1 1
github.com/m00nk0d3/grove/cmd/grove/app.go:1849.2,1849.12 1 1
github.com/m00nk0d3/grove/cmd/grove/app.go:1850.3,1851.1 1 1
github.com/m00nk0d3/grove/cmd/grove/app.go:1854.2,1854.48 1 1
github.com/m00nk0d3/grove/cmd/grove/app.go:1855.3,1858.1 3 0
github.com/m00nk0d3/grove/cmd/grove/app.go:1860.2,1860.26 1 1
github.com/m00nk0d3/grove/cmd/grove/app.go:1861.3,1861.63 1 0
github.com/m00nk0d3/grove/cmd/grove/app.go:1862.4,1863.1 1 0
github.com/m00nk0d3/grove/cmd/grove/app.go:1864.3,1864.72 1 0
github.com/m00nk0d3/grove/cmd/grove/app.go:1865.4,1866.1 1 0
github.com/m00nk0d3/grove/cmd/grove/app.go:1867.3,1867.64 1 0
github.com/m00nk0d3/grove/cmd/grove/app.go:1868.4,1869.1 1 0
github.com/m00nk0d3/grove/cmd/grove/app.go:1870.3,1870.108 1 0
github.com/m00nk0d3/grove/cmd/grove/app.go:1871.4,1874.1 3 0
github.com/m00nk0d3/grove/cmd/grove/app.go:1875.3,1875.62 1 0
github.com/m00nk0d3/grove/cmd/grove/app.go:1878.2,1878.19 1 1
github.com/m00nk0d3/grove/cmd/grove/app.go:1879.3,1882.1 3 0
github.com/m00nk0d3/grove/cmd/grove/app.go:1884.2,1884.23 1 1
github.com/m00nk0d3/grove/cmd/grove/app.go:1885.3,1886.1 1 1
github.com/m00nk0d3/grove/cmd/grove/app.go:1888.2,1888.23 1 1
github.com/m00nk0d3/grove/cmd/grove/app.go:1889.3,1890.1 1 0
github.com/m00nk0d3/grove/cmd/grove/app.go:1892.2,1892.17 1 1
github.com/m00nk0d3/grove/cmd/grove/app.go:1898.2,1898.16 1 1
github.com/m00nk0d3/grove/cmd/grove/app.go:1900.3,1901.10 2 0
github.com/m00nk0d3/grove/cmd/grove/app.go:1902.4,1903.1 1 0
github.com/m00nk0d3/grove/cmd/grove/app.go:1904.3,1905.17 2 0
github.com/m00nk0d3/grove/cmd/grove/app.go:1906.4,1907.1 1 0
github.com/m00nk0d3/grove/cmd/grove/app.go:1908.3,1910.55 3 0
github.com/m00nk0d3/grove/cmd/grove/app.go:1910.57,1910.93 1 0
github.com/m00nk0d3/grove/cmd/grove/app.go:1912.3,1912.64 1 1
github.com/m00nk0d3/grove/cmd/grove/app.go:1913.4,1914.1 1 1
github.com/m00nk0d3/grove/cmd/grove/app.go:1915.3,1917.55 3 1
github.com/m00nk0d3/grove/cmd/grove/app.go:1917.57,1917.93 1 0
github.com/m00nk0d3/grove/cmd/grove/app.go:1919.3,1919.55 1 1
github.com/m00nk0d3/grove/cmd/grove/app.go:1920.4,1921.1 1 0
github.com/m00nk0d3/grove/cmd/grove/app.go:1922.3,1924.55 3 1
github.com/m00nk0d3/grove/cmd/grove/app.go:1924.57,1924.93 1 0
github.com/m00nk0d3/grove/cmd/grove/app.go:1926.3,1926.13 1 1
github.com/m00nk0d3/grove/cmd/grove/app.go:1933.2,1936.24 4 1
github.com/m00nk0d3/grove/cmd/grove/app.go:1939.3,1939.26 1 0
github.com/m00nk0d3/grove/cmd/grove/app.go:1940.4,1942.29 3 0
github.com/m00nk0d3/grove/cmd/grove/app.go:1944.5,1946.19 3 0
github.com/m00nk0d3/grove/cmd/grove/app.go:1947.6,1948.21 2 0
github.com/m00nk0d3/grove/cmd/grove/app.go:1949.7,1950.1 1 0
github.com/m00nk0d3/grove/cmd/grove/app.go:1955.3,1958.1 4 0
github.com/m00nk0d3/grove/cmd/grove/app.go:1960.3,1960.39 4 0
github.com/m00nk0d3/grove/cmd/grove/app.go:1961.4,1962.18 2 0
github.com/m00nk0d3/grove/cmd/grove/app.go:1963.5,1964.1 1 0
github.com/m00nk0d3/grove/cmd/grove/app.go:1965.5,1966.32 2 0
github.com/m00nk0d3/grove/cmd/grove/app.go:1967.6,1968.1 1 0
github.com/m00nk0d3/grove/cmd/grove/app.go:1969.5,1970.19 2 0
github.com/m00nk0d3/grove/cmd/grove/app.go:1971.6,1972.1 1 0
github.com/m00nk0d3/grove/cmd/grove/app.go:1972.12,1972.27 1 0
github.com/m00nk0d3/grove/cmd/grove/app.go:1974.6,1975.44 2 0
github.com/m00nk0d3/grove/cmd/grove/app.go:1976.7,1976.38 1 0
github.com/m00nk0d3/grove/cmd/grove/app.go:1977.8,1978.1 1 0
github.com/m00nk0d3/grove/cmd/grove/app.go:1980.6,1980.28 1 0
github.com/m00nk0d3/grove/cmd/grove/app.go:1981.7,1982.40 2 0
github.com/m00nk0d3/grove/cmd/grove/app.go:1983.8,1985.1 2 0
github.com/m00nk0d3/grove/cmd/grove/app.go:1986.7,1986.59 1 0
github.com/m00nk0d3/grove/cmd/grove/app.go:1987.8,1988.1 1 0
github.com/m00nk0d3/grove/cmd/grove/app.go:1994.5,1995.19 2 0
github.com/m00nk0d3/grove/cmd/grove/app.go:1996.6,1997.1 1 0
github.com/m00nk0d3/grove/cmd/grove/app.go:1998.6,1998.28 1 0
github.com/m00nk0d3/grove/cmd/grove/app.go:1999.7,1999.60 1 0
github.com/m00nk0d3/grove/cmd/grove/app.go:2000.8,2001.1 1 0
github.com/m00nk0d3/grove/cmd/grove/app.go:2008.4,2008.50 1 0
github.com/m00nk0d3/grove/cmd/grove/app.go:2011.3,2013.19 3 0
github.com/m00nk0d3/grove/cmd/grove/app.go:2014.4,2015.1 1 0
github.com/m00nk0d3/grove/cmd/grove/app.go:2019.3,2019.16 1 0
github.com/m00nk0d3/grove/cmd/grove/app.go:2020.4,2021.21 2 0
github.com/m00nk0d3/grove/cmd/grove/app.go:2022.5,2023.1 1 0
github.com/m00nk0d3/grove/cmd/grove/app.go:2024.4,2024.20 1 0
github.com/m00nk0d3/grove/cmd/grove/app.go:2025.5,2026.1 1 0
github.com/m00nk0d3/grove/cmd/grove/app.go:2029.3,2034.1 1 0
github.com/m00nk0d3/grove/cmd/grove/app.go:2042.2,2046.1 6 1
github.com/m00nk0d3/grove/cmd/grove/app.go:2047.2,2048.28 6 1
github.com/m00nk0d3/grove/cmd/grove/app.go:2049.3,2051.1 2 1
github.com/m00nk0d3/grove/cmd/grove/app.go:2052.2,2053.33 2 1
github.com/m00nk0d3/grove/cmd/grove/app.go:2054.3,2056.1 2 1
github.com/m00nk0d3/grove/cmd/grove/app.go:2057.2,2058.27 2 1
github.com/m00nk0d3/grove/cmd/grove/app.go:2059.3,2061.1 2 1
github.com/m00nk0d3/grove/cmd/grove/app.go:2063.2,2067.22 5 1
github.com/m00nk0d3/grove/cmd/grove/app.go:2068.3,2069.1 1 1
github.com/m00nk0d3/grove/cmd/grove/app.go:2070.2,2070.24 1 1
github.com/m00nk0d3/grove/cmd/grove/app.go:2071.3,2086.1 2 1
github.com/m00nk0d3/grove/cmd/grove/app.go:2094.2,2096.24 3 0
github.com/m00nk0d3/grove/cmd/grove/app.go:2097.3,2097.64 1 0
github.com/m00nk0d3/grove/cmd/grove/app.go:2098.4,2099.1 1 0
github.com/m00nk0d3/grove/cmd/grove/app.go:2100.3,2101.83 2 0
github.com/m00nk0d3/grove/cmd/grove/app.go:2102.4,2103.1 1 0
github.com/m00nk0d3/grove/cmd/grove/app.go:2104.3,2104.23 1 0
github.com/m00nk0d3/grove/cmd/grove/app.go:2105.4,2106.1 1 0
github.com/m00nk0d3/grove/cmd/grove/app.go:2107.3,2108.37 2 0
github.com/m00nk0d3/grove/cmd/grove/app.go:2114.2,2115.24 2 0
github.com/m00nk0d3/grove/cmd/grove/app.go:2116.3,2116.64 1 0
github.com/m00nk0d3/grove/cmd/grove/app.go:2117.4,2118.1 1 0
github.com/m00nk0d3/grove/cmd/grove/app.go:2119.3,2121.37 3 0
github.com/m00nk0d3/grove/cmd/grove/app.go:2128.2,2129.1 1 1
github.com/m00nk0d3/grove/cmd/grove/app.go:2135.2,2136.1 1 1
github.com/m00nk0d3/grove/cmd/grove/app.go:2142.2,2143.29 2 1
github.com/m00nk0d3/grove/cmd/grove/app.go:2144.3,2144.36 1 1
github.com/m00nk0d3/grove/cmd/grove/app.go:2145.4,2145.12 1 1
github.com/m00nk0d3/grove/cmd/grove/app.go:2147.3,2148.32 2 0
github.com/m00nk0d3/grove/cmd/grove/app.go:2149.4,2149.43 1 0
github.com/m00nk0d3/grove/cmd/grove/app.go:2150.5,2151.10 2 0
github.com/m00nk0d3/grove/cmd/grove/app.go:2155.2,2155.17 1 1
github.com/m00nk0d3/grove/cmd/grove/app.go:2160.2,2161.24 2 0
github.com/m00nk0d3/grove/cmd/grove/app.go:2162.3,2164.1 2 0
github.com/m00nk0d3/grove/cmd/grove/app.go:2170.2,2171.54 2 0
github.com/m00nk0d3/grove/cmd/grove/app.go:2172.3,2173.1 1 0
github.com/m00nk0d3/grove/cmd/grove/app.go:2180.2,2181.1 1 0
github.com/m00nk0d3/grove/cmd/grove/app.go:2190.2,2190.38 1 1
github.com/m00nk0d3/grove/cmd/grove/app.go:2191.3,2194.1 3 1
github.com/m00nk0d3/grove/cmd/grove/app.go:2196.2,2196.17 1 1
github.com/m00nk0d3/grove/cmd/grove/app.go:2197.3,2198.1 1 1
github.com/m00nk0d3/grove/cmd/grove/app.go:2200.2,2202.12 3 1
github.com/m00nk0d3/grove/cmd/grove/app.go:2208.2,2209.17 2 1
github.com/m00nk0d3/grove/cmd/grove/app.go:2210.3,2211.1 1 1
github.com/m00nk0d3/grove/cmd/grove/app.go:2212.2,2212.18 1 1
github.com/m00nk0d3/grove/cmd/grove/app.go:2224.2,2224.14 1 1
github.com/m00nk0d3/grove/cmd/grove/app.go:2226.3,2228.13 3 1
github.com/m00nk0d3/grove/cmd/grove/app.go:2230.3,2230.20 1 1
github.com/m00nk0d3/grove/cmd/grove/app.go:2231.4,2233.1 1 0
github.com/m00nk0d3/grove/cmd/grove/app.go:2234.3,2234.54 1 1
github.com/m00nk0d3/grove/cmd/grove/app.go:2236.3,2236.48 1 1
github.com/m00nk0d3/grove/cmd/grove/app.go:2237.4,2237.21 1 1
github.com/m00nk0d3/grove/cmd/grove/app.go:2238.5,2240.1 1 0
github.com/m00nk0d3/grove/cmd/grove/app.go:2241.4,2241.58 1 1
github.com/m00nk0d3/grove/cmd/grove/app.go:2243.3,2244.18 2 1
github.com/m00nk0d3/grove/cmd/grove/app.go:2245.4,2246.1 1 0
github.com/m00nk0d3/grove/cmd/grove/app.go:2247.3,2247.70 1 1
github.com/m00nk0d3/grove/cmd/grove/app.go:2248.4,2248.54 1 1
github.com/m00nk0d3/grove/cmd/grove/app.go:2249.5,2249.22 1 0
github.com/m00nk0d3/grove/cmd/grove/app.go:2250.6,2252.1 1 0
github.com/m00nk0d3/grove/cmd/grove/app.go:2253.5,2253.98 1 0
github.com/m00nk0d3/grove/cmd/grove/app.go:2256.3,2256.20 1 1
github.com/m00nk0d3/grove/cmd/grove/app.go:2257.4,2259.1 1 0
github.com/m00nk0d3/grove/cmd/grove/app.go:2260.3,2260.94 1 1
github.com/m00nk0d3/grove/cmd/grove/app.go:2274.2,2275.14 2 1
github.com/m00nk0d3/grove/cmd/grove/app.go:2277.3,2277.36 1 1
github.com/m00nk0d3/grove/cmd/grove/app.go:2280.4,2280.91 1 1
github.com/m00nk0d3/grove/cmd/grove/app.go:2283.3,2284.122 1 1
github.com/m00nk0d3/grove/cmd/grove/app.go:2286.3,2286.28 1 1
github.com/m00nk0d3/grove/cmd/grove/app.go:2288.4,2288.91 1 1
github.com/m00nk0d3/grove/cmd/grove/app.go:2291.4,2291.93 1 1
github.com/m00nk0d3/grove/cmd/grove/app.go:2294.3,2294.41 1 1
github.com/m00nk0d3/grove/cmd/grove/app.go:2295.4,2296.1 1 1
github.com/m00nk0d3/grove/cmd/grove/app.go:2297.3,2297.48 1 1
github.com/m00nk0d3/grove/cmd/grove/app.go:2298.4,2299.1 1 1
github.com/m00nk0d3/grove/cmd/grove/app.go:2300.3,2300.70 1 1
github.com/m00nk0d3/grove/cmd/grove/app.go:2301.4,2301.54 1 1
github.com/m00nk0d3/grove/cmd/grove/app.go:2302.5,2303.1 1 0
github.com/m00nk0d3/grove/cmd/grove/app.go:2305.3,2305.45 1 1
github.com/m00nk0d3/grove/cmd/grove/app.go:2335.2,2335.29 1 1
github.com/m00nk0d3/grove/cmd/grove/app.go:2336.3,2337.21 2 1
github.com/m00nk0d3/grove/cmd/grove/app.go:2338.4,2339.1 1 1
github.com/m00nk0d3/grove/cmd/grove/app.go:2339.10,2339.27 1 1
github.com/m00nk0d3/grove/cmd/grove/app.go:2340.4,2341.1 1 0
github.com/m00nk0d3/grove/cmd/grove/app.go:2342.3,2342.45 1 1
github.com/m00nk0d3/grove/cmd/grove/app.go:2344.2,2344.73 1 1
github.com/m00nk0d3/grove/cmd/grove/app.go:2345.3,2346.18 2 1
github.com/m00nk0d3/grove/cmd/grove/app.go:2347.4,2348.1 1 0
github.com/m00nk0d3/grove/cmd/grove/app.go:2349.3,2349.21 1 1
github.com/m00nk0d3/grove/cmd/grove/app.go:2350.4,2351.1 1 1
github.com/m00nk0d3/grove/cmd/grove/app.go:2352.3,2352.20 1 1
github.com/m00nk0d3/grove/cmd/grove/app.go:2353.4,2355.1 1 0
github.com/m00nk0d3/grove/cmd/grove/app.go:2356.3,2356.73 1 1
github.com/m00nk0d3/grove/cmd/grove/app.go:2360.2,2360.61 1 1
github.com/m00nk0d3/grove/cmd/grove/app.go:2361.3,2362.21 2 1
github.com/m00nk0d3/grove/cmd/grove/app.go:2363.4,2364.1 1 1
github.com/m00nk0d3/grove/cmd/grove/app.go:2364.10,2364.27 1 1
github.com/m00nk0d3/grove/cmd/grove/app.go:2365.4,2366.1 1 1
github.com/m00nk0d3/grove/cmd/grove/app.go:2367.3,2367.46 1 1
github.com/m00nk0d3/grove/cmd/grove/app.go:2371.2,2371.41 1 1
github.com/m00nk0d3/grove/cmd/grove/app.go:2372.3,2373.21 2 1
github.com/m00nk0d3/grove/cmd/grove/app.go:2374.4,2375.1 1 1
github.com/m00nk0d3/grove/cmd/grove/app.go:2375.10,2375.27 1 0
github.com/m00nk0d3/grove/cmd/grove/app.go:2376.4,2377.1 1 0
github.com/m00nk0d3/grove/cmd/grove/app.go:2378.3,2378.50 1 1
github.com/m00nk0d3/grove/cmd/grove/app.go:2382.2,2382.14 1 1
github.com/m00nk0d3/grove/cmd/grove/app.go:2387.3,2387.36 1 1
github.com/m00nk0d3/grove/cmd/grove/app.go:2388.4,2389.22 2 1
github.com/m00nk0d3/grove/cmd/grove/app.go:2390.5,2391.1 1 1
github.com/m00nk0d3/grove/cmd/grove/app.go:2392.4,2392.44 1 1
github.com/m00nk0d3/grove/cmd/grove/app.go:2395.3,2395.36 1 1
github.com/m00nk0d3/grove/cmd/grove/app.go:2397.4,2398.39 2 1
github.com/m00nk0d3/grove/cmd/grove/app.go:2399.5,2403.1 1 0
github.com/m00nk0d3/grove/cmd/grove/app.go:2403.11,2403.29 1 1
github.com/m00nk0d3/grove/cmd/grove/app.go:2404.5,2408.1 1 0
github.com/m00nk0d3/grove/cmd/grove/app.go:2409.5,2413.1 1 1
github.com/m00nk0d3/grove/cmd/grove/app.go:2414.4,2414.56 1 1
github.com/m00nk0d3/grove/cmd/grove/app.go:2416.4,2417.39 2 1
github.com/m00nk0d3/grove/cmd/grove/app.go:2418.5,2419.1 1 0
github.com/m00nk0d3/grove/cmd/grove/app.go:2419.11,2419.29 1 1
github.com/m00nk0d3/grove/cmd/grove/app.go:2420.5,2421.1 1 0
github.com/m00nk0d3/grove/cmd/grove/app.go:2422.5,2423.1 1 1
github.com/m00nk0d3/grove/cmd/grove/app.go:2424.4,2424.56 1 1
github.com/m00nk0d3/grove/cmd/grove/app.go:2428.3,2428.41 1 1
github.com/m00nk0d3/grove/cmd/grove/app.go:2429.4,2429.39 1 1
github.com/m00nk0d3/grove/cmd/grove/app.go:2430.5,2432.1 1 0
github.com/m00nk0d3/grove/cmd/grove/app.go:2433.4,2433.22 1 1
github.com/m00nk0d3/grove/cmd/grove/app.go:2434.5,2435.1 1 0
github.com/m00nk0d3/grove/cmd/grove/app.go:2436.4,2437.19 2 1
github.com/m00nk0d3/grove/cmd/grove/app.go:2438.5,2439.1 1 0
github.com/m00nk0d3/grove/cmd/grove/app.go:2440.4,2441.54 1 1
github.com/m00nk0d3/grove/cmd/grove/app.go:2444.2,2444.19 1 1
github.com/m00nk0d3/grove/cmd/grove/app.go:2451.2,2456.1 5 1
github.com/m00nk0d3/grove/cmd/grove/app.go:2463.2,2464.1 1 1
github.com/m00nk0d3/grove/cmd/grove/app.go:2470.2,2473.1 3 1
github.com/m00nk0d3/grove/cmd/grove/app.go:2479.2,2480.24 2 0
github.com/m00nk0d3/grove/cmd/grove/app.go:2481.3,2482.17 2 0
github.com/m00nk0d3/grove/cmd/grove/app.go:2483.4,2484.1 1 0
github.com/m00nk0d3/grove/cmd/grove/app.go:2488.3,2489.15 2 0
github.com/m00nk0d3/grove/cmd/grove/app.go:2490.4,2491.1 1 0
github.com/m00nk0d3/grove/cmd/grove/app.go:2492.3,2497.1 2 0
github.com/m00nk0d3/grove/cmd/grove/app.go:2498.3,2498.16 2 0
github.com/m00nk0d3/grove/cmd/grove/app.go:2499.4,2500.18 2 0
github.com/m00nk0d3/grove/cmd/grove/app.go:2502.5,2503.1 1 0
github.com/m00nk0d3/grove/cmd/grove/app.go:2504.4,2504.19 1 0
github.com/m00nk0d3/grove/cmd/grove/app.go:2506.3,2506.45 1 0
github.com/m00nk0d3/grove/cmd/grove/app.go:2515.2,2516.24 2 1
github.com/m00nk0d3/grove/cmd/grove/app.go:2517.3,2517.30 1 0
github.com/m00nk0d3/grove/cmd/grove/app.go:2518.4,2519.1 1 0
github.com/m00nk0d3/grove/cmd/grove/app.go:2520.3,2520.35 1 0
github.com/m00nk0d3/grove/cmd/grove/app.go:2521.4,2521.61 1 0
github.com/m00nk0d3/grove/cmd/grove/app.go:2522.5,2523.1 1 0
github.com/m00nk0d3/grove/cmd/grove/app.go:2525.3,2525.62 1 0
github.com/m00nk0d3/grove/cmd/grove/app.go:2532.2,2533.24 2 1
github.com/m00nk0d3/grove/cmd/grove/app.go:2534.3,2534.45 1 1
github.com/m00nk0d3/grove/cmd/grove/app.go:2535.4,2535.24 1 1
github.com/m00nk0d3/grove/cmd/grove/app.go:2536.5,2537.1 1 0
github.com/m00nk0d3/grove/cmd/grove/app.go:2538.4,2541.54 4 1
github.com/m00nk0d3/grove/cmd/grove/app.go:2542.5,2543.1 1 1
github.com/m00nk0d3/grove/cmd/grove/app.go:2544.4,2544.74 1 1
github.com/m00nk0d3/grove/cmd/grove/app.go:2546.3,2547.30 2 0
github.com/m00nk0d3/grove/cmd/grove/app.go:2548.4,2549.1 1 0
github.com/m00nk0d3/grove/cmd/grove/app.go:2550.3,2551.73 2 0
github.com/m00nk0d3/grove/cmd/grove/app.go:2558.2,2560.24 3 1
github.com/m00nk0d3/grove/cmd/grove/app.go:2561.3,2561.23 1 1
github.com/m00nk0d3/grove/cmd/grove/app.go:2562.4,2563.1 1 0
github.com/m00nk0d3/grove/cmd/grove/app.go:2564.3,2567.17 4 1
github.com/m00nk0d3/grove/cmd/grove/app.go:2568.4,2569.1 1 0
github.com/m00nk0d3/grove/cmd/grove/app.go:2570.3,2570.39 1 1
github.com/m00nk0d3/grove/cmd/grove/app.go:2571.4,2572.1 1 0
github.com/m00nk0d3/grove/cmd/grove/app.go:2573.3,2581.1 3 1
github.com/m00nk0d3/grove/cmd/grove/app.go:2582.3,2582.16 3 1
github.com/m00nk0d3/grove/cmd/grove/app.go:2583.4,2584.18 2 0
github.com/m00nk0d3/grove/cmd/grove/app.go:2585.5,2586.1 1 0
github.com/m00nk0d3/grove/cmd/grove/app.go:2587.4,2587.19 1 0
github.com/m00nk0d3/grove/cmd/grove/app.go:2589.3,2589.50 1 1
github.com/m00nk0d3/grove/cmd/grove/app.go:2612.2,2615.24 4 1
github.com/m00nk0d3/grove/cmd/grove/app.go:2616.3,2617.1 1 1
github.com/m00nk0d3/grove/cmd/grove/app.go:2618.2,2618.25 1 1
github.com/m00nk0d3/grove/cmd/grove/app.go:2619.3,2620.1 1 1
github.com/m00nk0d3/grove/cmd/grove/app.go:2621.2,2621.24 1 1
github.com/m00nk0d3/grove/cmd/grove/app.go:2622.3,2622.21 1 1
github.com/m00nk0d3/grove/cmd/grove/app.go:2623.4,2624.1 1 0
github.com/m00nk0d3/grove/cmd/grove/app.go:2625.3,2635.84 4 1
github.com/m00nk0d3/grove/cmd/grove/app.go:2640.2,2642.24 3 1
github.com/m00nk0d3/grove/cmd/grove/app.go:2643.3,2643.21 1 1
github.com/m00nk0d3/grove/cmd/grove/app.go:2644.4,2645.1 1 0
github.com/m00nk0d3/grove/cmd/grove/app.go:2646.3,2649.64 4 1
github.com/m00nk0d3/grove/cmd/grove/app.go:2662.2,2663.1 1 0
github.com/m00nk0d3/grove/cmd/grove/app.go:2666.2,2667.1 1 0
github.com/m00nk0d3/grove/cmd/grove/app.go:2670.33,2670.44 1 1
github.com/m00nk0d3/grove/cmd/grove/app.go:2684.2,2685.29 2 1
github.com/m00nk0d3/grove/cmd/grove/app.go:2686.3,2686.39 1 1
github.com/m00nk0d3/grove/cmd/grove/app.go:2687.4,2688.12 2 1
github.com/m00nk0d3/grove/cmd/grove/app.go:2690.3,2692.1 3 1
github.com/m00nk0d3/grove/cmd/grove/app.go:2694.3,2694.10 3 1
github.com/m00nk0d3/grove/cmd/grove/app.go:2696.4,2696.65 1 1
github.com/m00nk0d3/grove/cmd/grove/app.go:2698.4,2698.29 1 1
github.com/m00nk0d3/grove/cmd/grove/app.go:2699.5,2700.39 2 1
github.com/m00nk0d3/grove/cmd/grove/app.go:2701.6,2701.37 1 1
github.com/m00nk0d3/grove/cmd/grove/app.go:2702.7,2703.12 2 1
github.com/m00nk0d3/grove/cmd/grove/app.go:2706.5,2706.15 1 1
github.com/m00nk0d3/grove/cmd/grove/app.go:2707.6,2708.1 1 1
github.com/m00nk0d3/grove/cmd/grove/app.go:2710.5,2711.1 1 0
github.com/m00nk0d3/grove/cmd/grove/app.go:2714.4,2714.65 1 1
github.com/m00nk0d3/grove/cmd/grove/app.go:2718.3,2719.35 2 1
github.com/m00nk0d3/grove/cmd/grove/app.go:2720.4,2720.11 1 1
github.com/m00nk0d3/grove/cmd/grove/app.go:2722.5,2722.38 1 1
github.com/m00nk0d3/grove/cmd/grove/app.go:2723.6,2724.1 1 0
github.com/m00nk0d3/grove/cmd/grove/app.go:2726.5,2726.41 1 1
github.com/m00nk0d3/grove/cmd/grove/app.go:2727.6,2727.44 1 1
github.com/m00nk0d3/grove/cmd/grove/app.go:2728.7,2728.24 1 1
github.com/m00nk0d3/grove/cmd/grove/app.go:2730.8,2730.19 1 1
github.com/m00nk0d3/grove/cmd/grove/app.go:2732.8,2732.41 1 1
github.com/m00nk0d3/grove/cmd/grove/app.go:2733.9,2734.1 1 0
github.com/m00nk0d3/grove/cmd/grove/app.go:2736.7,2736.12 1 1
github.com/m00nk0d3/grove/cmd/grove/app.go:2742.3,2742.12 1 1
github.com/m00nk0d3/grove/cmd/grove/app.go:2743.4,2744.1 1 1
github.com/m00nk0d3/grove/cmd/grove/app.go:2746.2,2746.14 1 1
github.com/m00nk0d3/grove/cmd/grove/app.go:2755.2,2756.29 2 1
github.com/m00nk0d3/grove/cmd/grove/app.go:2757.3,2757.36 1 1
github.com/m00nk0d3/grove/cmd/grove/app.go:2758.4,2758.12 1 1
github.com/m00nk0d3/grove/cmd/grove/app.go:2760.3,2760.24 1 1
github.com/m00nk0d3/grove/cmd/grove/app.go:2764.4,2764.40 1 1
github.com/m00nk0d3/grove/cmd/grove/app.go:2765.5,2766.13 2 1
github.com/m00nk0d3/grove/cmd/grove/app.go:2770.4,2770.47 1 1
github.com/m00nk0d3/grove/cmd/grove/app.go:2771.5,2772.1 1 1
github.com/m00nk0d3/grove/cmd/grove/app.go:2773.4,2773.12 1 1
github.com/m00nk0d3/grove/cmd/grove/app.go:2775.3,2775.28 1 1
github.com/m00nk0d3/grove/cmd/grove/app.go:2776.4,2777.1 1 1
github.com/m00nk0d3/grove/cmd/grove/app.go:2779.2,2779.14 1 1
github.com/m00nk0d3/grove/cmd/grove/app.go:2787.2,2790.24 4 1
github.com/m00nk0d3/grove/cmd/grove/app.go:2791.3,2792.1 2 1
github.com/m00nk0d3/grove/cmd/grove/app.go:2793.3,2793.16 2 1
github.com/m00nk0d3/grove/cmd/grove/app.go:2795.4,2796.1 1 1
github.com/m00nk0d3/grove/cmd/grove/app.go:2797.4,2798.18 2 1
github.com/m00nk0d3/grove/cmd/grove/app.go:2799.5,2800.1 2 0
github.com/m00nk0d3/grove/cmd/grove/app.go:2801.5,2802.1 2 0
github.com/m00nk0d3/grove/cmd/grove/app.go:2803.5,2804.1 3 1
github.com/m00nk0d3/grove/cmd/grove/app.go:2805.5,2806.29 3 1
github.com/m00nk0d3/grove/cmd/grove/app.go:2807.6,2808.1 1 1
github.com/m00nk0d3/grove/cmd/grove/app.go:2809.5,2809.27 1 1
github.com/m00nk0d3/grove/cmd/grove/app.go:2810.6,2810.24 1 1
github.com/m00nk0d3/grove/cmd/grove/app.go:2811.7,2811.15 1 1
github.com/m00nk0d3/grove/cmd/grove/app.go:2813.6,2814.27 2 1
github.com/m00nk0d3/grove/cmd/grove/app.go:2815.7,2816.1 1 1
github.com/m00nk0d3/grove/cmd/grove/app.go:2817.6,2817.57 1 1
github.com/m00nk0d3/grove/cmd/grove/app.go:2818.7,2819.1 1 0
github.com/m00nk0d3/grove/cmd/grove/app.go:2825.3,2825.16 1 1
github.com/m00nk0d3/grove/cmd/grove/app.go:2828.4,2829.17 2 1
github.com/m00nk0d3/grove/cmd/grove/app.go:2830.5,2830.29 1 1
github.com/m00nk0d3/grove/cmd/grove/app.go:2831.6,2832.1 1 1
github.com/m00nk0d3/grove/cmd/grove/app.go:2835.4,2842.1 8 1
github.com/m00nk0d3/grove/cmd/grove/app.go:2844.4,2844.17 8 1
github.com/m00nk0d3/grove/cmd/grove/app.go:2845.5,2846.29 2 1
github.com/m00nk0d3/grove/cmd/grove/app.go:2847.6,2848.1 1 1
github.com/m00nk0d3/grove/cmd/grove/app.go:2849.5,2849.34 1 1
github.com/m00nk0d3/grove/cmd/grove/app.go:2850.6,2850.28 1 1
github.com/m00nk0d3/grove/cmd/grove/app.go:2851.7,2851.56 1 1
github.com/m00nk0d3/grove/cmd/grove/app.go:2852.8,2853.1 1 0
github.com/m00nk0d3/grove/cmd/grove/app.go:2860.5,2860.26 1 1
github.com/m00nk0d3/grove/cmd/grove/app.go:2861.6,2861.49 1 1
github.com/m00nk0d3/grove/cmd/grove/app.go:2862.7,2862.65 1 1
github.com/m00nk0d3/grove/cmd/grove/app.go:2863.8,2864.1 1 0
github.com/m00nk0d3/grove/cmd/grove/app.go:2870.3,2870.19 1 1
github.com/m00nk0d3/grove/cmd/grove/app.go:2871.4,2872.1 1 1
github.com/m00nk0d3/grove/cmd/grove/app.go:2873.3,2873.50 1 1
github.com/m00nk0d3/grove/cmd/grove/app.go:2888.2,2889.24 2 1
github.com/m00nk0d3/grove/cmd/grove/app.go:2890.3,2893.17 4 0
github.com/m00nk0d3/grove/cmd/grove/app.go:2894.4,2895.55 2 0
github.com/m00nk0d3/grove/cmd/grove/app.go:2896.5,2897.1 1 0
github.com/m00nk0d3/grove/cmd/grove/app.go:2899.3,2899.13 1 0
github.com/m00nk0d3/grove/cmd/grove/app.go:2911.2,2919.27 9 1
github.com/m00nk0d3/grove/cmd/grove/app.go:2920.3,2921.1 1 1
github.com/m00nk0d3/grove/cmd/grove/app.go:2923.2,2923.24 1 1
github.com/m00nk0d3/grove/cmd/grove/app.go:2924.3,2929.1 2 1
github.com/m00nk0d3/grove/cmd/grove/app.go:2931.3,2931.52 2 1
github.com/m00nk0d3/grove/cmd/grove/app.go:2932.4,2935.1 3 1
github.com/m00nk0d3/grove/cmd/grove/app.go:2938.3,2939.32 2 1
github.com/m00nk0d3/grove/cmd/grove/app.go:2940.4,2947.1 1 1
github.com/m00nk0d3/grove/cmd/grove/app.go:2948.3,2948.30 1 1
github.com/m00nk0d3/grove/cmd/grove/app.go:2949.4,2956.1 1 1
github.com/m00nk0d3/grove/cmd/grove/app.go:2957.3,2957.26 1 1
github.com/m00nk0d3/grove/cmd/grove/app.go:2958.4,2965.1 1 1
github.com/m00nk0d3/grove/cmd/grove/app.go:2968.3,2968.32 1 1
github.com/m00nk0d3/grove/cmd/grove/app.go:2969.4,2976.1 1 1
github.com/m00nk0d3/grove/cmd/grove/app.go:2977.3,2978.1 3 1
github.com/m00nk0d3/grove/cmd/grove/app.go:2980.3,2981.13 3 1
github.com/m00nk0d3/grove/cmd/grove/app.go:2982.4,2984.18 3 1
github.com/m00nk0d3/grove/cmd/grove/app.go:2985.5,2987.1 2 1
github.com/m00nk0d3/grove/cmd/grove/app.go:2988.4,2989.74 2 0
github.com/m00nk0d3/grove/cmd/grove/app.go:2990.5,2990.16 1 0
github.com/m00nk0d3/grove/cmd/grove/app.go:2991.6,2991.14 1 0
github.com/m00nk0d3/grove/cmd/grove/app.go:2993.5,2999.7 1 0
github.com/m00nk0d3/grove/cmd/grove/app.go:3001.4,3001.22 1 0
github.com/m00nk0d3/grove/cmd/grove/app.go:3005.3,3006.13 2 1
github.com/m00nk0d3/grove/cmd/grove/app.go:3007.4,3009.18 3 1
github.com/m00nk0d3/grove/cmd/grove/app.go:3010.5,3012.1 2 1
github.com/m00nk0d3/grove/cmd/grove/app.go:3013.4,3014.58 2 0
github.com/m00nk0d3/grove/cmd/grove/app.go:3016.5,3018.16 3 0
github.com/m00nk0d3/grove/cmd/grove/app.go:3019.6,3019.14 1 0
github.com/m00nk0d3/grove/cmd/grove/app.go:3021.5,3027.7 1 0
github.com/m00nk0d3/grove/cmd/grove/app.go:3029.4,3029.22 1 0
github.com/m00nk0d3/grove/cmd/grove/app.go:3033.3,3034.13 2 1
github.com/m00nk0d3/grove/cmd/grove/app.go:3035.4,3037.18 3 1
github.com/m00nk0d3/grove/cmd/grove/app.go:3038.5,3040.1 2 1
github.com/m00nk0d3/grove/cmd/grove/app.go:3041.4,3042.77 2 0
github.com/m00nk0d3/grove/cmd/grove/app.go:3043.5,3043.19 1 0
github.com/m00nk0d3/grove/cmd/grove/app.go:3044.6,3044.14 1 0
github.com/m00nk0d3/grove/cmd/grove/app.go:3047.5,3050.24 4 0
github.com/m00nk0d3/grove/cmd/grove/app.go:3051.6,3052.1 1 0
github.com/m00nk0d3/grove/cmd/grove/app.go:3053.5,3059.7 1 0
github.com/m00nk0d3/grove/cmd/grove/app.go:3061.4,3061.22 1 0
github.com/m00nk0d3/grove/cmd/grove/app.go:3064.3,3065.49 2 1
github.com/m00nk0d3/grove/cmd/grove/app.go:3070.2,3070.85 1 1
github.com/m00nk0d3/grove/cmd/grove/app.go:3071.3,3072.1 1 1
github.com/m00nk0d3/grove/cmd/grove/app.go:3074.2,3074.41 1 1
github.com/m00nk0d3/grove/cmd/grove/app.go:3078.2,3078.89 1 1
github.com/m00nk0d3/grove/cmd/grove/app.go:3079.3,3080.1 1 1
github.com/m00nk0d3/grove/cmd/grove/app.go:3082.2,3082.43 1 1
github.com/m00nk0d3/grove/cmd/grove/app.go:3086.2,3086.16 1 1
github.com/m00nk0d3/grove/cmd/grove/app.go:3088.3,3088.46 1 1
github.com/m00nk0d3/grove/cmd/grove/app.go:3089.4,3090.1 1 1
github.com/m00nk0d3/grove/cmd/grove/app.go:3091.3,3091.35 1 1
github.com/m00nk0d3/grove/cmd/grove/app.go:3093.3,3094.10 2 1
github.com/m00nk0d3/grove/cmd/grove/app.go:3095.4,3096.1 1 1
github.com/m00nk0d3/grove/cmd/grove/app.go:3097.3,3097.81 1 1
github.com/m00nk0d3/grove/cmd/grove/app.go:3098.4,3099.1 1 1
github.com/m00nk0d3/grove/cmd/grove/app.go:3100.3,3100.58 1 1
github.com/m00nk0d3/grove/cmd/grove/app.go:3101.4,3102.1 1 1
github.com/m00nk0d3/grove/cmd/grove/app.go:3103.3,3110.16 4 1
github.com/m00nk0d3/grove/cmd/grove/app.go:3112.3,3112.78 1 1
github.com/m00nk0d3/grove/cmd/grove/app.go:3113.4,3114.1 1 1
github.com/m00nk0d3/grove/cmd/grove/app.go:3115.3,3116.52 2 1
github.com/m00nk0d3/grove/cmd/grove/app.go:3117.4,3118.1 1 1
github.com/m00nk0d3/grove/cmd/grove/app.go:3119.3,3119.40 1 1
github.com/m00nk0d3/grove/cmd/grove/app.go:3120.4,3120.36 1 1
github.com/m00nk0d3/grove/cmd/grove/app.go:3121.5,3123.1 2 1
github.com/m00nk0d3/grove/cmd/grove/app.go:3125.3,3126.16 2 1
github.com/m00nk0d3/grove/cmd/grove/app.go:3128.3,3129.10 2 1
github.com/m00nk0d3/grove/cmd/grove/app.go:3130.4,3131.1 1 1
github.com/m00nk0d3/grove/cmd/grove/app.go:3132.3,3132.87 1 1
github.com/m00nk0d3/grove/cmd/grove/app.go:3133.4,3134.1 1 1
github.com/m00nk0d3/grove/cmd/grove/app.go:3135.3,3136.38 2 1
github.com/m00nk0d3/grove/cmd/grove/app.go:3137.4,3137.56 1 0
github.com/m00nk0d3/grove/cmd/grove/app.go:3138.5,3138.13 1 0
github.com/m00nk0d3/grove/cmd/grove/app.go:3140.4,3140.58 1 0
github.com/m00nk0d3/grove/cmd/grove/app.go:3141.5,3141.13 1 0
github.com/m00nk0d3/grove/cmd/grove/app.go:3143.4,3143.63 1 0
github.com/m00nk0d3/grove/cmd/grove/app.go:3144.5,3144.10 1 0
github.com/m00nk0d3/grove/cmd/grove/app.go:3146.4,3146.40 1 0
github.com/m00nk0d3/grove/cmd/grove/app.go:3148.3,3148.15 1 1
github.com/m00nk0d3/grove/cmd/grove/app.go:3149.4,3150.1 1 1
github.com/m00nk0d3/grove/cmd/grove/app.go:3151.3,3151.45 1 0
github.com/m00nk0d3/grove/cmd/grove/app.go:3153.3,3153.25 1 1
github.com/m00nk0d3/grove/cmd/grove/app.go:3158.2,3158.16 1 1
github.com/m00nk0d3/grove/cmd/grove/app.go:3160.3,3160.16 1 1
github.com/m00nk0d3/grove/cmd/grove/app.go:3161.4,3163.1 2 0
github.com/m00nk0d3/grove/cmd/grove/app.go:3164.3,3166.34 3 1
github.com/m00nk0d3/grove/cmd/grove/app.go:3168.3,3168.42 1 1
github.com/m00nk0d3/grove/cmd/grove/app.go:3170.3,3170.35 1 1
github.com/m00nk0d3/grove/cmd/grove/app.go:3172.3,3172.37 1 0
github.com/m00nk0d3/grove/cmd/grove/app.go:3174.3,3174.44 1 0
github.com/m00nk0d3/grove/cmd/grove/app.go:3176.3,3176.34 1 0
github.com/m00nk0d3/grove/cmd/grove/app.go:3178.3,3179.10 2 1
github.com/m00nk0d3/grove/cmd/grove/app.go:3180.4,3182.1 2 1
github.com/m00nk0d3/grove/cmd/grove/app.go:3183.3,3183.45 1 0
github.com/m00nk0d3/grove/cmd/grove/app.go:3185.3,3186.10 2 1
github.com/m00nk0d3/grove/cmd/grove/app.go:3187.4,3189.1 2 0
github.com/m00nk0d3/grove/cmd/grove/app.go:3190.3,3190.38 1 1
github.com/m00nk0d3/grove/cmd/grove/app.go:3191.4,3191.55 1 1
github.com/m00nk0d3/grove/cmd/grove/app.go:3192.5,3193.1 1 1
github.com/m00nk0d3/grove/cmd/grove/app.go:3196.3,3197.28 2 1
github.com/m00nk0d3/grove/cmd/grove/app.go:3199.3,3200.10 2 0
github.com/m00nk0d3/grove/cmd/grove/app.go:3201.4,3203.1 2 0
github.com/m00nk0d3/grove/cmd/grove/app.go:3204.3,3205.16 2 0
github.com/m00nk0d3/grove/cmd/grove/app.go:3207.3,3207.46 1 1
github.com/m00nk0d3/grove/cmd/grove/app.go:3208.4,3209.1 1 1
github.com/m00nk0d3/grove/cmd/grove/app.go:3210.3,3211.28 2 1
github.com/m00nk0d3/grove/cmd/grove/app.go:3216.3,3216.35 1 0
github.com/m00nk0d3/grove/cmd/grove/app.go:3218.3,3219.28 2 0
github.com/m00nk0d3/grove/cmd/grove/app.go:3224.2,3236.1 1 1
github.com/m00nk0d3/grove/cmd/grove/app.go:3239.2,3244.1 1 1
github.com/m00nk0d3/grove/cmd/grove/app.go:3254.2,3254.14 1 1
github.com/m00nk0d3/grove/cmd/grove/app.go:3256.3,3256.66 1 1
github.com/m00nk0d3/grove/cmd/grove/app.go:3257.4,3258.1 1 1
github.com/m00nk0d3/grove/cmd/grove/app.go:3259.3,3263.1 1 1
github.com/m00nk0d3/grove/cmd/grove/app.go:3265.3,3265.54 1 1
github.com/m00nk0d3/grove/cmd/grove/app.go:3266.4,3267.1 1 1
github.com/m00nk0d3/grove/cmd/grove/app.go:3268.3,3275.1 1 1
github.com/m00nk0d3/grove/cmd/grove/app.go:3277.3,3277.78 1 1
github.com/m00nk0d3/grove/cmd/grove/app.go:3278.4,3279.1 1 1
github.com/m00nk0d3/grove/cmd/grove/app.go:3280.3,3284.1 3 1
github.com/m00nk0d3/grove/cmd/grove/app.go:3285.3,3285.36 3 1
github.com/m00nk0d3/grove/cmd/grove/app.go:3286.4,3286.55 1 1
github.com/m00nk0d3/grove/cmd/grove/app.go:3287.5,3292.10 2 1
github.com/m00nk0d3/grove/cmd/grove/app.go:3295.3,3298.4 1 1
github.com/m00nk0d3/grove/cmd/grove/app.go:3301.3,3301.32 1 1
github.com/m00nk0d3/grove/cmd/grove/app.go:3303.3,3305.1 2 1
github.com/m00nk0d3/grove/cmd/grove/app.go:3306.3,3306.25 2 1
github.com/m00nk0d3/grove/cmd/grove/app.go:3307.4,3308.25 2 1
github.com/m00nk0d3/grove/cmd/grove/app.go:3309.5,3310.50 2 1
github.com/m00nk0d3/grove/cmd/grove/app.go:3311.6,3312.1 1 0
github.com/m00nk0d3/grove/cmd/grove/app.go:3313.5,3313.85 1 1
github.com/m00nk0d3/grove/cmd/grove/app.go:3314.6,3315.1 1 1
github.com/m00nk0d3/grove/cmd/grove/app.go:3316.5,3316.88 1 1
github.com/m00nk0d3/grove/cmd/grove/app.go:3317.6,3318.1 1 1
github.com/m00nk0d3/grove/cmd/grove/app.go:3319.5,3320.54 2 1
github.com/m00nk0d3/grove/cmd/grove/app.go:3321.6,3322.1 1 1
github.com/m00nk0d3/grove/cmd/grove/app.go:3323.5,3323.115 1 1
github.com/m00nk0d3/grove/cmd/grove/app.go:3326.3,3326.126 1 1
github.com/m00nk0d3/grove/cmd/grove/app.go:3331.2,3331.42 1 1
github.com/m00nk0d3/grove/cmd/grove/app.go:3333.3,3333.14 1 1
github.com/m00nk0d3/grove/cmd/grove/app.go:3335.3,3335.15 1 1
github.com/m00nk0d3/grove/cmd/grove/app.go:3340.2,3341.23 2 1
github.com/m00nk0d3/grove/cmd/grove/app.go:3342.3,3344.1 2 0
github.com/m00nk0d3/grove/cmd/grove/app.go:3345.2,3345.66 1 1
github.com/m00nk0d3/grove/cmd/grove/app.go:3346.3,3347.1 1 0
github.com/m00nk0d3/grove/cmd/grove/app.go:3348.2,3349.27 2 1
github.com/m00nk0d3/grove/cmd/grove/app.go:3350.3,3351.1 1 1
github.com/m00nk0d3/grove/cmd/grove/app.go:3352.2,3352.34 1 1
github.com/m00nk0d3/grove/cmd/grove/app.go:3353.3,3355.1 2 0
github.com/m00nk0d3/grove/cmd/grove/app.go:3356.2,3356.30 1 1
github.com/m00nk0d3/grove/cmd/grove/app.go:3357.3,3359.1 2 0
github.com/m00nk0d3/grove/cmd/grove/app.go:3361.2,3362.64 2 1
github.com/m00nk0d3/grove/cmd/grove/app.go:3363.3,3365.1 2 1
github.com/m00nk0d3/grove/cmd/grove/app.go:3366.2,3366.79 1 1
github.com/m00nk0d3/grove/cmd/grove/app.go:3367.3,3369.1 2 0
github.com/m00nk0d3/grove/cmd/grove/app.go:3370.2,3371.49 2 1
github.com/m00nk0d3/grove/cmd/grove/app.go:3378.2,3379.33 2 1
github.com/m00nk0d3/grove/cmd/grove/app.go:3380.3,3380.43 1 1
github.com/m00nk0d3/grove/cmd/grove/app.go:3381.4,3381.12 1 1
github.com/m00nk0d3/grove/cmd/grove/app.go:3383.3,3383.32 1 1
github.com/m00nk0d3/grove/cmd/grove/app.go:3384.4,3384.44 1 1
github.com/m00nk0d3/grove/cmd/grove/app.go:3385.5,3385.13 1 0
github.com/m00nk0d3/grove/cmd/grove/app.go:3387.4,3387.51 1 1
github.com/m00nk0d3/grove/cmd/grove/app.go:3388.5,3388.13 1 1
github.com/m00nk0d3/grove/cmd/grove/app.go:3390.4,3390.25 1 1
github.com/m00nk0d3/grove/cmd/grove/app.go:3393.2,3393.12 1 1
github.com/m00nk0d3/grove/cmd/grove/app.go:3399.2,3399.33 1 1
github.com/m00nk0d3/grove/cmd/grove/app.go:3400.3,3400.29 1 1
github.com/m00nk0d3/grove/cmd/grove/app.go:3401.4,3401.12 1 1
github.com/m00nk0d3/grove/cmd/grove/app.go:3403.3,3403.32 1 1
github.com/m00nk0d3/grove/cmd/grove/app.go:3404.4,3404.44 1 1
github.com/m00nk0d3/grove/cmd/grove/app.go:3405.5,3405.13 1 0
github.com/m00nk0d3/grove/cmd/grove/app.go:3407.4,3407.51 1 1
github.com/m00nk0d3/grove/cmd/grove/app.go:3408.5,3408.13 1 1
github.com/m00nk0d3/grove/cmd/grove/app.go:3410.4,3410.25 1 1
github.com/m00nk0d3/grove/cmd/grove/app.go:3413.2,3413.12 1 1
github.com/m00nk0d3/grove/cmd/grove/app.go:3417.2,3417.27 1 1
github.com/m00nk0d3/grove/cmd/grove/app.go:3418.3,3420.1 2 1
github.com/m00nk0d3/grove/cmd/grove/app.go:3422.2,3422.23 1 1
github.com/m00nk0d3/grove/cmd/grove/app.go:3423.3,3425.1 2 1
github.com/m00nk0d3/grove/cmd/grove/app.go:3427.2,3427.39 1 1
github.com/m00nk0d3/grove/cmd/grove/app.go:3428.3,3429.1 1 1
github.com/m00nk0d3/grove/cmd/grove/app.go:3433.2,3433.24 1 1
github.com/m00nk0d3/grove/cmd/grove/app.go:3434.3,3436.1 2 1
github.com/m00nk0d3/grove/cmd/grove/app.go:3437.2,3437.41 1 1
github.com/m00nk0d3/grove/cmd/grove/app.go:3438.3,3439.1 1 1
github.com/m00nk0d3/grove/cmd/grove/app.go:3443.2,3443.21 1 1
github.com/m00nk0d3/grove/cmd/grove/app.go:3444.3,3446.1 2 0
github.com/m00nk0d3/grove/cmd/grove/app.go:3447.2,3447.35 1 1
github.com/m00nk0d3/grove/cmd/grove/app.go:3448.3,3449.1 1 1
github.com/m00nk0d3/grove/cmd/grove/app.go:3459.2,3459.16 1 1
github.com/m00nk0d3/grove/cmd/grove/app.go:3461.3,3461.25 1 1
github.com/m00nk0d3/grove/cmd/grove/app.go:3462.4,3463.1 1 0
github.com/m00nk0d3/grove/cmd/grove/app.go:3464.3,3464.94 1 1
github.com/m00nk0d3/grove/cmd/grove/app.go:3466.3,3466.22 1 0
github.com/m00nk0d3/grove/cmd/grove/app.go:3467.4,3468.1 1 0
github.com/m00nk0d3/grove/cmd/grove/app.go:3469.3,3469.82 1 0
github.com/m00nk0d3/grove/cmd/grove/app.go:3475.2,3475.16 1 1
github.com/m00nk0d3/grove/cmd/grove/app.go:3477.3,3477.80 1 1
github.com/m00nk0d3/grove/cmd/grove/app.go:3479.3,3479.71 1 0
github.com/m00nk0d3/grove/cmd/grove/app.go:3488.2,3488.19 1 1
github.com/m00nk0d3/grove/cmd/grove/app.go:3490.3,3491.27 2 1
github.com/m00nk0d3/grove/cmd/grove/app.go:3492.4,3493.1 1 1
github.com/m00nk0d3/grove/cmd/grove/app.go:3494.3,3494.25 1 1
github.com/m00nk0d3/grove/cmd/grove/app.go:3496.3,3496.82 1 1
github.com/m00nk0d3/grove/cmd/grove/app.go:3497.4,3498.1 1 1
github.com/m00nk0d3/grove/cmd/grove/app.go:3500.3,3500.17 1 1
github.com/m00nk0d3/grove/cmd/grove/app.go:3502.4,3502.115 1 1
github.com/m00nk0d3/grove/cmd/grove/app.go:3503.5,3504.1 1 1
github.com/m00nk0d3/grove/cmd/grove/app.go:3506.4,3507.19 2 1
github.com/m00nk0d3/grove/cmd/grove/app.go:3508.5,3509.1 1 1
github.com/m00nk0d3/grove/cmd/grove/app.go:3510.4,3510.28 1 1
github.com/m00nk0d3/grove/cmd/grove/app.go:3511.5,3511.44 1 1
github.com/m00nk0d3/grove/cmd/grove/app.go:3512.6,3512.26 1 1
github.com/m00nk0d3/grove/cmd/grove/app.go:3513.7,3515.1 2 1
github.com/m00nk0d3/grove/cmd/grove/app.go:3516.6,3516.11 1 1
github.com/m00nk0d3/grove/cmd/grove/app.go:3520.4,3520.38 1 1
github.com/m00nk0d3/grove/cmd/grove/app.go:3521.5,3523.1 2 1
github.com/m00nk0d3/grove/cmd/grove/app.go:3525.4,3526.25 2 0
github.com/m00nk0d3/grove/cmd/grove/app.go:3528.4,3528.42 1 1
github.com/m00nk0d3/grove/cmd/grove/app.go:3529.5,3531.1 2 1
github.com/m00nk0d3/grove/cmd/grove/app.go:3541.2,3541.19 1 1
github.com/m00nk0d3/grove/cmd/grove/app.go:3543.3,3544.12 2 1
github.com/m00nk0d3/grove/cmd/grove/app.go:3545.4,3546.1 1 1
github.com/m00nk0d3/grove/cmd/grove/app.go:3547.3,3547.25 1 1
github.com/m00nk0d3/grove/cmd/grove/app.go:3549.3,3549.29 1 1
github.com/m00nk0d3/grove/cmd/grove/app.go:3550.4,3551.1 1 1
github.com/m00nk0d3/grove/cmd/grove/app.go:3553.3,3553.17 1 1
github.com/m00nk0d3/grove/cmd/grove/app.go:3555.4,3555.32 1 1
github.com/m00nk0d3/grove/cmd/grove/app.go:3556.5,3557.1 1 1
github.com/m00nk0d3/grove/cmd/grove/app.go:3559.4,3560.19 2 1
github.com/m00nk0d3/grove/cmd/grove/app.go:3561.5,3562.1 1 1
github.com/m00nk0d3/grove/cmd/grove/app.go:3563.4,3563.28 1 1
github.com/m00nk0d3/grove/cmd/grove/app.go:3564.5,3564.44 1 1
github.com/m00nk0d3/grove/cmd/grove/app.go:3565.6,3565.16 1 1
github.com/m00nk0d3/grove/cmd/grove/app.go:3566.7,3568.1 2 1
github.com/m00nk0d3/grove/cmd/grove/app.go:3569.6,3569.11 1 1
github.com/m00nk0d3/grove/cmd/grove/app.go:3573.4,3573.27 1 1
github.com/m00nk0d3/grove/cmd/grove/app.go:3574.5,3576.1 2 1
github.com/m00nk0d3/grove/cmd/grove/app.go:3578.4,3579.25 2 0
github.com/m00nk0d3/grove/cmd/grove/app.go:3581.4,3581.25 1 1
github.com/m00nk0d3/grove/cmd/grove/app.go:3582.5,3584.1 2 1
github.com/m00nk0d3/grove/cmd/grove/app.go:3592.2,3592.70 1 1
github.com/m00nk0d3/grove/cmd/grove/app.go:3593.3,3594.1 1 1
github.com/m00nk0d3/grove/cmd/grove/app.go:3595.2,3596.21 2 1
github.com/m00nk0d3/grove/cmd/grove/app.go:3598.3,3600.53 3 1
github.com/m00nk0d3/grove/cmd/grove/app.go:3601.4,3601.34 1 1
github.com/m00nk0d3/grove/cmd/grove/app.go:3602.5,3602.26 1 1
github.com/m00nk0d3/grove/cmd/grove/app.go:3603.6,3604.11 2 1
github.com/m00nk0d3/grove/cmd/grove/app.go:3609.3,3611.51 3 1
github.com/m00nk0d3/grove/cmd/grove/app.go:3612.4,3612.35 1 1
github.com/m00nk0d3/grove/cmd/grove/app.go:3613.5,3613.35 1 1
github.com/m00nk0d3/grove/cmd/grove/app.go:3614.6,3615.11 2 1
github.com/m00nk0d3/grove/cmd/grove/app.go:3620.3,3622.56 3 1
github.com/m00nk0d3/grove/cmd/grove/app.go:3623.4,3623.28 1 1
github.com/m00nk0d3/grove/cmd/grove/app.go:3624.5,3624.30 1 1
github.com/m00nk0d3/grove/cmd/grove/app.go:3625.6,3626.11 2 1
github.com/m00nk0d3/grove/cmd/grove/app.go:3631.3,3631.49 1 1
github.com/m00nk0d3/grove/cmd/grove/app.go:3632.4,3633.1 1 1
github.com/m00nk0d3/grove/cmd/grove/app.go:3635.3,3635.48 1 1
github.com/m00nk0d3/grove/cmd/grove/app.go:3636.4,3638.1 2 1
github.com/m00nk0d3/grove/cmd/grove/app.go:3640.3,3640.46 1 1
github.com/m00nk0d3/grove/cmd/grove/app.go:3641.4,3642.1 1 1
github.com/m00nk0d3/grove/cmd/grove/app.go:3644.3,3644.59 1 1
github.com/m00nk0d3/grove/cmd/grove/app.go:3645.4,3646.19 2 1
github.com/m00nk0d3/grove/cmd/grove/app.go:3647.5,3648.1 1 0
github.com/m00nk0d3/grove/cmd/grove/app.go:3649.4,3649.87 1 1
github.com/m00nk0d3/grove/cmd/grove/app.go:3652.2,3652.12 1 1
github.com/m00nk0d3/grove/cmd/grove/app.go:3658.2,3662.30 5 1
github.com/m00nk0d3/grove/cmd/grove/app.go:3663.3,3666.1 3 0
github.com/m00nk0d3/grove/cmd/grove/app.go:3667.2,3669.44 3 1
github.com/m00nk0d3/grove/cmd/grove/app.go:3669.46,3669.69 1 0
github.com/m00nk0d3/grove/cmd/grove/app.go:3675.2,3676.18 2 1
github.com/m00nk0d3/grove/cmd/grove/app.go:3677.3,3677.32 1 0
github.com/m00nk0d3/grove/cmd/grove/app.go:3678.4,3679.1 1 0
github.com/m00nk0d3/grove/cmd/grove/app.go:3680.4,3681.1 1 0
github.com/m00nk0d3/grove/cmd/grove/app.go:3683.2,3685.54 3 1
github.com/m00nk0d3/grove/cmd/grove/app.go:3685.56,3685.92 1 0
github.com/m00nk0d3/grove/cmd/grove/app.go:3690.2,3692.54 3 1
github.com/m00nk0d3/grove/cmd/grove/app.go:3692.56,3692.92 1 0
github.com/m00nk0d3/grove/cmd/grove/app.go:3699.2,3701.24 3 0
github.com/m00nk0d3/grove/cmd/grove/app.go:3702.3,3704.1 4 0
github.com/m00nk0d3/grove/cmd/grove/app.go:3705.3,3706.17 4 0
github.com/m00nk0d3/grove/cmd/grove/app.go:3707.4,3708.1 1 0
github.com/m00nk0d3/grove/cmd/grove/app.go:3711.3,3712.36 2 0
github.com/m00nk0d3/grove/cmd/grove/app.go:3713.4,3714.1 1 0
github.com/m00nk0d3/grove/cmd/grove/app.go:3717.3,3718.32 2 0
github.com/m00nk0d3/grove/cmd/grove/app.go:3719.4,3720.1 1 0
github.com/m00nk0d3/grove/cmd/grove/app.go:3722.3,3723.1 2 0
github.com/m00nk0d3/grove/cmd/grove/app.go:3726.3,3726.36 2 0
github.com/m00nk0d3/grove/cmd/grove/app.go:3727.4,3727.28 1 0
github.com/m00nk0d3/grove/cmd/grove/app.go:3728.5,3733.1 1 0
github.com/m00nk0d3/grove/cmd/grove/app.go:3737.3,3737.36 1 0
github.com/m00nk0d3/grove/cmd/grove/app.go:3738.4,3738.28 1 0
github.com/m00nk0d3/grove/cmd/grove/app.go:3739.5,3743.1 1 0
github.com/m00nk0d3/grove/cmd/grove/app.go:3746.3,3746.50 1 0
github.com/m00nk0d3/grove/cmd/grove/app.go:3753.2,3754.24 2 0
github.com/m00nk0d3/grove/cmd/grove/app.go:3755.3,3758.1 4 0
github.com/m00nk0d3/grove/cmd/grove/app.go:3759.3,3759.38 4 0
github.com/m00nk0d3/grove/cmd/grove/app.go:3760.4,3760.57 1 0
github.com/m00nk0d3/grove/cmd/grove/app.go:3761.5,3762.1 1 0
github.com/m00nk0d3/grove/cmd/grove/app.go:3763.5,3764.1 1 0
github.com/m00nk0d3/grove/cmd/grove/app.go:3767.3,3767.35 1 0
github.com/m00nk0d3/grove/cmd/grove/app.go:3768.4,3768.57 1 0
github.com/m00nk0d3/grove/cmd/grove/app.go:3769.5,3770.1 1 0
github.com/m00nk0d3/grove/cmd/grove/app.go:3771.5,3772.1 1 0
github.com/m00nk0d3/grove/cmd/grove/app.go:3775.3,3775.69 1 0
github.com/m00nk0d3/grove/cmd/grove/app.go:3783.2,3783.51 1 1
github.com/m00nk0d3/grove/cmd/grove/app.go:3784.3,3785.1 1 1
github.com/m00nk0d3/grove/cmd/grove/app.go:3786.2,3786.10 1 0
github.com/m00nk0d3/grove/cmd/grove/app.go:3792.2,3793.1 1 1
github.com/m00nk0d3/grove/cmd/grove/app.go:3800.2,3801.22 2 1
github.com/m00nk0d3/grove/cmd/grove/app.go:3802.3,3803.1 1 0
github.com/m00nk0d3/grove/cmd/grove/app.go:3804.2,3804.67 1 1
github.com/m00nk0d3/grove/cmd/grove/app.go:3811.2,3813.14 3 1
github.com/m00nk0d3/grove/cmd/grove/app.go:3814.3,3815.1 1 0
github.com/m00nk0d3/grove/cmd/grove/app.go:3816.2,3816.13 1 1
github.com/m00nk0d3/grove/cmd/grove/focus_unix.go:19.2,19.14 1 0
github.com/m00nk0d3/grove/cmd/grove/focus_unix.go:20.3,21.1 1 0
github.com/m00nk0d3/grove/cmd/grove/focus_unix.go:22.2,22.22 1 0
github.com/m00nk0d3/grove/cmd/grove/focus_unix.go:24.3,24.29 1 0
github.com/m00nk0d3/grove/cmd/grove/focus_unix.go:26.3,26.31 1 0
github.com/m00nk0d3/grove/cmd/grove/focus_unix.go:37.2,38.35 2 0
github.com/m00nk0d3/grove/cmd/grove/focus_unix.go:40.3,40.21 1 0
github.com/m00nk0d3/grove/cmd/grove/focus_unix.go:44.3,44.23 1 0
github.com/m00nk0d3/grove/cmd/grove/focus_unix.go:46.2,47.70 2 0
github.com/m00nk0d3/grove/cmd/grove/focus_unix.go:48.3,49.1 1 0
github.com/m00nk0d3/grove/cmd/grove/focus_unix.go:50.2,50.12 1 0
github.com/m00nk0d3/grove/cmd/grove/focus_unix.go:56.2,57.1 2 0
github.com/m00nk0d3/grove/cmd/grove/focus_unix.go:59.2,59.55 2 0
github.com/m00nk0d3/grove/cmd/grove/focus_unix.go:60.3,60.95 1 0
github.com/m00nk0d3/grove/cmd/grove/focus_unix.go:61.4,62.1 1 0
github.com/m00nk0d3/grove/cmd/grove/focus_unix.go:66.2,66.51 1 0
github.com/m00nk0d3/grove/cmd/grove/focus_unix.go:67.3,68.17 2 0
github.com/m00nk0d3/grove/cmd/grove/focus_unix.go:69.4,69.69 1 0
github.com/m00nk0d3/grove/cmd/grove/focus_unix.go:70.5,70.75 1 0
github.com/m00nk0d3/grove/cmd/grove/focus_unix.go:71.6,72.1 1 0
github.com/m00nk0d3/grove/cmd/grove/focus_unix.go:77.2,77.111 1 0
github.com/m00nk0d3/grove/cmd/grove/focus_unix.go:84.2,84.51 1 0
github.com/m00nk0d3/grove/cmd/grove/focus_unix.go:85.3,86.22 2 0
github.com/m00nk0d3/grove/cmd/grove/focus_unix.go:87.4,87.12 1 0
github.com/m00nk0d3/grove/cmd/grove/focus_unix.go:89.3,89.64 1 0
github.com/m00nk0d3/grove/cmd/grove/focus_unix.go:90.4,91.1 1 0
github.com/m00nk0d3/grove/cmd/grove/focus_unix.go:93.2,93.11 1 0
github.com/m00nk0d3/grove/cmd/grove/kill_unix.go:19.2,20.16 2 0
github.com/m00nk0d3/grove/cmd/grove/kill_unix.go:21.3,22.1 1 0
github.com/m00nk0d3/grove/cmd/grove/kill_unix.go:23.2,24.1 3 0
github.com/m00nk0d3/grove/cmd/grove/kill_unix.go:25.2,26.34 3 0
github.com/m00nk0d3/grove/cmd/grove/kill_unix.go:27.3,27.21 1 0
github.com/m00nk0d3/grove/cmd/grove/kill_unix.go:28.4,29.1 1 0
github.com/m00nk0d3/grove/cmd/grove/kill_unix.go:30.3,30.37 1 0
github.com/m00nk0d3/grove/cmd/grove/kill_unix.go:32.2,32.17 1 0
github.com/m00nk0d3/grove/cmd/grove/lab.go:33.2,33.9 1 1
github.com/m00nk0d3/grove/cmd/grove/lab.go:35.3,35.24 1 1
github.com/m00nk0d3/grove/cmd/grove/lab.go:37.3,37.22 1 1
github.com/m00nk0d3/grove/cmd/grove/lab.go:39.3,39.25 1 1
github.com/m00nk0d3/grove/cmd/grove/lab.go:41.3,41.22 1 1
github.com/m00nk0d3/grove/cmd/grove/lab.go:69.2,70.1 1 1
github.com/m00nk0d3/grove/cmd/grove/lab.go:74.2,74.44 1 1
github.com/m00nk0d3/grove/cmd/grove/lab.go:76.3,76.14 1 1
github.com/m00nk0d3/grove/cmd/grove/lab.go:78.2,78.14 1 1
github.com/m00nk0d3/grove/cmd/grove/lab.go:82.2,83.1 1 1
github.com/m00nk0d3/grove/cmd/grove/lab.go:87.2,88.18 2 1
github.com/m00nk0d3/grove/cmd/grove/lab.go:89.3,90.1 1 0
github.com/m00nk0d3/grove/cmd/grove/lab.go:91.2,91.46 1 1
github.com/m00nk0d3/grove/cmd/grove/lab.go:92.3,93.15 2 1
github.com/m00nk0d3/grove/cmd/grove/lab.go:94.4,94.12 1 0
github.com/m00nk0d3/grove/cmd/grove/lab.go:96.3,97.54 2 1
github.com/m00nk0d3/grove/cmd/grove/lab.go:98.4,98.26 1 1
github.com/m00nk0d3/grove/cmd/grove/lab.go:99.5,100.10 2 1
github.com/m00nk0d3/grove/cmd/grove/lab.go:103.3,103.19 1 1
github.com/m00nk0d3/grove/cmd/grove/lab.go:109.2,109.40 1 1
github.com/m00nk0d3/grove/cmd/grove/lab.go:110.3,110.39 1 1
github.com/m00nk0d3/grove/cmd/grove/lab.go:111.4,112.1 1 1
github.com/m00nk0d3/grove/cmd/grove/lab.go:114.2,114.24 1 1
github.com/m00nk0d3/grove/cmd/grove/lab.go:119.2,120.28 2 1
github.com/m00nk0d3/grove/cmd/grove/lab.go:121.3,121.32 1 1
github.com/m00nk0d3/grove/cmd/grove/lab.go:122.4,123.1 1 1
github.com/m00nk0d3/grove/cmd/grove/lab.go:125.2,125.12 1 1
github.com/m00nk0d3/grove/cmd/grove/lab.go:130.2,132.1 2 1
github.com/m00nk0d3/grove/cmd/grove/lab.go:137.2,138.30 2 1
github.com/m00nk0d3/grove/cmd/grove/lab.go:139.3,139.48 1 1
github.com/m00nk0d3/grove/cmd/grove/lab.go:140.4,141.1 1 1
github.com/m00nk0d3/grove/cmd/grove/lab.go:143.2,143.44 1 1
github.com/m00nk0d3/grove/cmd/grove/lab.go:144.3,144.63 1 1
github.com/m00nk0d3/grove/cmd/grove/lab.go:145.4,146.1 1 1
github.com/m00nk0d3/grove/cmd/grove/lab.go:147.3,147.46 1 1
github.com/m00nk0d3/grove/cmd/grove/lab.go:149.2,149.12 1 1
github.com/m00nk0d3/grove/cmd/grove/lab.go:153.48,153.75 1 1
github.com/m00nk0d3/grove/cmd/grove/lab.go:157.2,158.46 2 1
github.com/m00nk0d3/grove/cmd/grove/lab.go:159.3,160.1 1 1
github.com/m00nk0d3/grove/cmd/grove/lab.go:161.2,161.32 1 1
github.com/m00nk0d3/grove/cmd/grove/lab.go:166.2,166.30 1 1
github.com/m00nk0d3/grove/cmd/grove/lab.go:167.3,167.17 1 1
github.com/m00nk0d3/grove/cmd/grove/lab.go:168.4,169.1 1 1
github.com/m00nk0d3/grove/cmd/grove/lab.go:171.2,171.33 1 1
github.com/m00nk0d3/grove/cmd/grove/lab.go:175.2,176.19 2 1
github.com/m00nk0d3/grove/cmd/grove/lab.go:177.3,178.1 1 1
github.com/m00nk0d3/grove/cmd/grove/lab.go:179.2,179.18 1 1
github.com/m00nk0d3/grove/cmd/grove/lab.go:180.3,181.1 1 1
github.com/m00nk0d3/grove/cmd/grove/lab.go:185.2,187.1 2 0
github.com/m00nk0d3/grove/cmd/grove/lab.go:190.2,192.1 2 1
github.com/m00nk0d3/grove/cmd/grove/lab.go:195.2,197.1 2 1
github.com/m00nk0d3/grove/cmd/grove/lab.go:202.2,203.9 2 1
github.com/m00nk0d3/grove/cmd/grove/lab.go:204.3,206.1 2 0
github.com/m00nk0d3/grove/cmd/grove/lab.go:207.2,207.26 1 1
github.com/m00nk0d3/grove/cmd/grove/lab.go:208.3,209.1 1 1
github.com/m00nk0d3/grove/cmd/grove/lab.go:210.2,211.38 2 1
github.com/m00nk0d3/grove/cmd/grove/lab.go:212.3,212.23 1 1
github.com/m00nk0d3/grove/cmd/grove/lab.go:213.4,215.1 2 1
github.com/m00nk0d3/grove/cmd/grove/lab.go:234.2,235.16 2 1
github.com/m00nk0d3/grove/cmd/grove/lab.go:236.3,237.1 1 0
github.com/m00nk0d3/grove/cmd/grove/lab.go:238.2,238.41 1 1
github.com/m00nk0d3/grove/cmd/grove/lab.go:243.2,244.16 2 1
github.com/m00nk0d3/grove/cmd/grove/lab.go:245.3,246.1 1 0
github.com/m00nk0d3/grove/cmd/grove/lab.go:247.2,247.21 1 1
github.com/m00nk0d3/grove/cmd/grove/lab.go:252.2,252.24 1 1
github.com/m00nk0d3/grove/cmd/grove/lab.go:253.3,254.17 2 1
github.com/m00nk0d3/grove/cmd/grove/lab.go:255.4,256.1 1 1
github.com/m00nk0d3/grove/cmd/grove/lab.go:257.3,257.17 1 1
github.com/m00nk0d3/grove/cmd/grove/lab.go:258.4,259.1 1 0
github.com/m00nk0d3/grove/cmd/grove/lab.go:260.3,262.130 3 1
github.com/m00nk0d3/grove/cmd/grove/lab.go:268.2,268.20 1 1
github.com/m00nk0d3/grove/cmd/grove/lab.go:269.3,271.1 2 1
github.com/m00nk0d3/grove/cmd/grove/lab.go:272.2,273.21 2 1
github.com/m00nk0d3/grove/cmd/grove/lab.go:274.3,275.1 1 1
github.com/m00nk0d3/grove/cmd/grove/lab.go:276.2,276.24 1 1
github.com/m00nk0d3/grove/cmd/grove/lab.go:277.3,278.1 1 1
github.com/m00nk0d3/grove/cmd/grove/lab.go:279.3,280.1 1 1
github.com/m00nk0d3/grove/cmd/grove/lab.go:281.2,282.22 2 1
github.com/m00nk0d3/grove/cmd/grove/lab.go:283.3,284.1 1 1
github.com/m00nk0d3/grove/cmd/grove/lab.go:285.2,286.25 2 1
github.com/m00nk0d3/grove/cmd/grove/lab.go:291.2,295.18 5 1
github.com/m00nk0d3/grove/cmd/grove/lab.go:296.3,297.1 1 1
github.com/m00nk0d3/grove/cmd/grove/lab.go:298.3,299.10 2 1
github.com/m00nk0d3/grove/cmd/grove/lab.go:300.4,302.1 2 0
github.com/m00nk0d3/grove/cmd/grove/lab.go:303.3,303.27 1 1
github.com/m00nk0d3/grove/cmd/grove/lab.go:304.4,306.1 2 1
github.com/m00nk0d3/grove/cmd/grove/lab.go:307.3,311.19 5 1
github.com/m00nk0d3/grove/cmd/grove/lab.go:313.2,314.84 2 1
github.com/m00nk0d3/grove/cmd/grove/lab.go:314.86,314.107 1 1
github.com/m00nk0d3/grove/cmd/grove/lab.go:319.2,321.9 3 1
github.com/m00nk0d3/grove/cmd/grove/lab.go:322.3,323.1 1 0
github.com/m00nk0d3/grove/cmd/grove/lab.go:324.2,325.78 2 1
github.com/m00nk0d3/grove/cmd/grove/lab.go:325.80,325.105 1 1
github.com/m00nk0d3/grove/cmd/grove/lab.go:331.2,332.41 2 1
github.com/m00nk0d3/grove/cmd/grove/lab.go:333.3,334.1 1 1
github.com/m00nk0d3/grove/cmd/grove/lab.go:335.2,335.48 1 1
github.com/m00nk0d3/grove/cmd/grove/lab.go:340.2,341.9 2 1
github.com/m00nk0d3/grove/cmd/grove/lab.go:342.3,344.1 2 1
github.com/m00nk0d3/grove/cmd/grove/lab.go:345.2,345.16 1 1
github.com/m00nk0d3/grove/cmd/grove/lab.go:346.3,348.1 2 0
github.com/m00nk0d3/grove/cmd/grove/lab.go:349.2,349.43 1 1
github.com/m00nk0d3/grove/cmd/grove/lab.go:350.3,351.1 1 1
github.com/m00nk0d3/grove/cmd/grove/lab.go:353.2,353.57 1 1
github.com/m00nk0d3/grove/cmd/grove/lab.go:354.3,354.76 1 1
github.com/m00nk0d3/grove/cmd/grove/lab.go:355.4,356.1 1 0
github.com/m00nk0d3/grove/cmd/grove/lab.go:357.3,357.41 1 1
github.com/m00nk0d3/grove/cmd/grove/lab.go:359.2,359.73 1 1
github.com/m00nk0d3/grove/cmd/grove/lab.go:360.3,361.1 1 1
github.com/m00nk0d3/grove/cmd/grove/lab.go:362.2,362.23 1 1
github.com/m00nk0d3/grove/cmd/grove/lab.go:363.3,364.1 1 1
github.com/m00nk0d3/grove/cmd/grove/lab.go:365.2,365.23 1 1
github.com/m00nk0d3/grove/cmd/grove/lab.go:366.3,367.1 1 1
github.com/m00nk0d3/grove/cmd/grove/lab.go:368.2,368.18 1 0
github.com/m00nk0d3/grove/cmd/grove/lab.go:369.3,371.1 2 0
github.com/m00nk0d3/grove/cmd/grove/lab.go:372.2,372.29 1 0
github.com/m00nk0d3/grove/cmd/grove/lab.go:378.2,380.9 3 1
github.com/m00nk0d3/grove/cmd/grove/lab.go:381.3,382.1 1 1
github.com/m00nk0d3/grove/cmd/grove/lab.go:383.2,384.53 2 1
github.com/m00nk0d3/grove/cmd/grove/lab.go:385.3,386.1 1 1
github.com/m00nk0d3/grove/cmd/grove/lab.go:387.2,387.19 1 1
github.com/m00nk0d3/grove/cmd/grove/lab.go:388.3,389.42 2 1
github.com/m00nk0d3/grove/cmd/grove/lab.go:390.4,391.1 1 1
github.com/m00nk0d3/grove/cmd/grove/lab.go:392.3,392.113 1 1
github.com/m00nk0d3/grove/cmd/grove/lab.go:394.2,394.22 1 1
github.com/m00nk0d3/grove/cmd/grove/lab.go:395.3,396.1 1 1
github.com/m00nk0d3/grove/cmd/grove/lab.go:397.2,397.19 1 1
github.com/m00nk0d3/grove/cmd/grove/lab.go:398.3,399.40 2 1
github.com/m00nk0d3/grove/cmd/grove/lab.go:400.4,401.1 1 1
github.com/m00nk0d3/grove/cmd/grove/lab.go:402.3,402.113 1 1
github.com/m00nk0d3/grove/cmd/grove/lab.go:404.2,404.31 1 1
github.com/m00nk0d3/grove/cmd/grove/lab.go:405.3,409.1 1 1
github.com/m00nk0d3/grove/cmd/grove/lab.go:410.2,411.25 2 1
github.com/m00nk0d3/grove/cmd/grove/lab.go:412.3,413.1 1 1
github.com/m00nk0d3/grove/cmd/grove/lab.go:414.2,414.39 1 1
github.com/m00nk0d3/grove/cmd/grove/lab.go:415.3,416.1 1 1
github.com/m00nk0d3/grove/cmd/grove/lab.go:417.2,417.9 1 1
github.com/m00nk0d3/grove/cmd/grove/lab.go:419.3,422.4 1 1
github.com/m00nk0d3/grove/cmd/grove/lab.go:424.3,428.4 1 1
github.com/m00nk0d3/grove/cmd/grove/lab.go:430.3,432.4 1 1
github.com/m00nk0d3/grove/cmd/grove/lab.go:434.2,434.33 1 1
github.com/m00nk0d3/grove/cmd/grove/lab.go:439.2,439.45 1 1
github.com/m00nk0d3/grove/cmd/grove/lab.go:440.3,442.1 2 0
github.com/m00nk0d3/grove/cmd/grove/lab.go:443.2,444.9 2 1
github.com/m00nk0d3/grove/cmd/grove/lab.go:445.3,447.1 2 0
github.com/m00nk0d3/grove/cmd/grove/lab.go:448.2,448.16 1 1
github.com/m00nk0d3/grove/cmd/grove/lab.go:450.3,450.30 1 0
github.com/m00nk0d3/grove/cmd/grove/lab.go:452.3,452.27 1 0
github.com/m00nk0d3/grove/cmd/grove/lab.go:454.3,454.27 1 1
github.com/m00nk0d3/grove/cmd/grove/lab.go:456.3,456.51 1 0
github.com/m00nk0d3/grove/cmd/grove/lab.go:458.3,458.51 1 1
github.com/m00nk0d3/grove/cmd/grove/lab.go:460.3,460.32 1 1
github.com/m00nk0d3/grove/cmd/grove/lab.go:462.3,462.28 1 1
github.com/m00nk0d3/grove/cmd/grove/lab.go:464.3,464.20 1 1
github.com/m00nk0d3/grove/cmd/grove/lab.go:465.4,467.1 2 0
github.com/m00nk0d3/grove/cmd/grove/lab.go:468.3,469.16 2 1
github.com/m00nk0d3/grove/cmd/grove/lab.go:471.3,472.41 2 1
github.com/m00nk0d3/grove/cmd/grove/lab.go:473.4,475.1 2 1
github.com/m00nk0d3/grove/cmd/grove/lab.go:476.3,479.14 4 1
github.com/m00nk0d3/grove/cmd/grove/lab.go:480.4,481.1 1 1
github.com/m00nk0d3/grove/cmd/grove/lab.go:482.3,483.81 2 1
github.com/m00nk0d3/grove/cmd/grove/lab.go:483.83,483.100 1 1
github.com/m00nk0d3/grove/cmd/grove/lab.go:485.3,485.30 1 1
github.com/m00nk0d3/grove/cmd/grove/lab.go:486.4,488.1 2 1
github.com/m00nk0d3/grove/cmd/grove/lab.go:489.3,489.21 1 1
github.com/m00nk0d3/grove/cmd/grove/lab.go:490.4,492.1 2 1
github.com/m00nk0d3/grove/cmd/grove/lab.go:493.3,494.16 2 1
github.com/m00nk0d3/grove/cmd/grove/lab.go:496.2,497.27 2 0
github.com/m00nk0d3/grove/cmd/grove/lab.go:501.2,501.27 1 1
github.com/m00nk0d3/grove/cmd/grove/lab.go:502.3,502.14 1 1
github.com/m00nk0d3/grove/cmd/grove/lab.go:503.4,504.1 1 1
github.com/m00nk0d3/grove/cmd/grove/lab.go:506.2,506.11 1 0
github.com/m00nk0d3/grove/cmd/grove/lab.go:511.2,513.41 3 1
github.com/m00nk0d3/grove/cmd/grove/lab.go:514.3,515.1 1 1
github.com/m00nk0d3/grove/cmd/grove/lab.go:516.2,523.1 1 1
github.com/m00nk0d3/grove/cmd/grove/lab.go:528.2,529.9 2 1
github.com/m00nk0d3/grove/cmd/grove/lab.go:530.3,532.1 2 0
github.com/m00nk0d3/grove/cmd/grove/lab.go:533.2,535.28 3 1
github.com/m00nk0d3/grove/cmd/grove/lab.go:541.2,542.9 2 1
github.com/m00nk0d3/grove/cmd/grove/lab.go:543.3,544.1 1 1
github.com/m00nk0d3/grove/cmd/grove/lab.go:545.2,546.9 2 1
github.com/m00nk0d3/grove/cmd/grove/lab.go:547.3,549.1 2 1
github.com/m00nk0d3/grove/cmd/grove/lab.go:550.2,550.44 1 1
github.com/m00nk0d3/grove/cmd/grove/lab.go:555.2,555.24 1 1
github.com/m00nk0d3/grove/cmd/grove/lab.go:556.3,557.17 2 1
github.com/m00nk0d3/grove/cmd/grove/lab.go:558.4,559.1 1 0
github.com/m00nk0d3/grove/cmd/grove/lab.go:560.3,561.82 2 1
github.com/m00nk0d3/grove/cmd/grove/lab.go:567.2,568.29 2 1
github.com/m00nk0d3/grove/cmd/grove/lab.go:569.3,571.1 2 0
github.com/m00nk0d3/grove/cmd/grove/lab.go:572.2,572.94 1 1
github.com/m00nk0d3/grove/cmd/grove/lab.go:588.2,588.80 1 1
github.com/m00nk0d3/grove/cmd/grove/lab.go:589.3,590.1 1 1
github.com/m00nk0d3/grove/cmd/grove/lab.go:591.2,591.18 1 1
github.com/m00nk0d3/grove/cmd/grove/lab.go:593.3,593.14 1 1
github.com/m00nk0d3/grove/cmd/grove/lab.go:595.3,595.30 1 1
github.com/m00nk0d3/grove/cmd/grove/lab.go:597.2,597.14 1 0
github.com/m00nk0d3/grove/cmd/grove/lab.go:603.2,603.16 1 1
github.com/m00nk0d3/grove/cmd/grove/lab.go:604.3,605.1 1 1
github.com/m00nk0d3/grove/cmd/grove/lab.go:606.2,606.67 1 1
github.com/m00nk0d3/grove/cmd/grove/lab.go:607.3,608.1 1 1
github.com/m00nk0d3/grove/cmd/grove/lab.go:609.2,609.18 1 1
github.com/m00nk0d3/grove/cmd/grove/lab.go:611.3,611.14 1 1
github.com/m00nk0d3/grove/cmd/grove/lab.go:613.3,613.30 1 1
github.com/m00nk0d3/grove/cmd/grove/lab.go:615.2,615.14 1 1
github.com/m00nk0d3/grove/cmd/grove/lab.go:628.2,631.14 4 1
github.com/m00nk0d3/grove/cmd/grove/lab.go:632.3,634.1 2 0
github.com/m00nk0d3/grove/cmd/grove/lab.go:635.2,635.34 1 1
github.com/m00nk0d3/grove/cmd/grove/lab.go:636.3,638.1 2 1
github.com/m00nk0d3/grove/cmd/grove/lab.go:639.2,643.27 5 1
github.com/m00nk0d3/grove/cmd/grove/lab.go:644.3,644.35 1 1
github.com/m00nk0d3/grove/cmd/grove/lab.go:644.37,644.99 1 1
github.com/m00nk0d3/grove/cmd/grove/lab.go:645.3,645.21 1 1
github.com/m00nk0d3/grove/cmd/grove/lab.go:646.4,647.1 1 0
github.com/m00nk0d3/grove/cmd/grove/lab.go:648.3,649.17 2 1
github.com/m00nk0d3/grove/cmd/grove/lab.go:650.4,651.1 1 0
github.com/m00nk0d3/grove/cmd/grove/lab.go:652.3,653.17 2 1
github.com/m00nk0d3/grove/cmd/grove/lab.go:654.4,655.1 1 1
github.com/m00nk0d3/grove/cmd/grove/lab.go:656.3,657.1 2 1
github.com/m00nk0d3/grove/cmd/grove/lab.go:661.3,661.36 2 1
github.com/m00nk0d3/grove/cmd/grove/lab.go:662.4,662.74 1 1
github.com/m00nk0d3/grove/cmd/grove/lab.go:663.5,664.1 1 0
github.com/m00nk0d3/grove/cmd/grove/lab.go:667.3,676.17 4 1
github.com/m00nk0d3/grove/cmd/grove/lab.go:677.4,678.1 1 1
github.com/m00nk0d3/grove/cmd/grove/lab.go:679.3,680.10 2 1
github.com/m00nk0d3/grove/cmd/grove/lab.go:682.4,682.38 1 1
github.com/m00nk0d3/grove/cmd/grove/lab.go:684.4,684.39 1 1
github.com/m00nk0d3/grove/cmd/grove/lab.go:686.3,688.38 3 1
github.com/m00nk0d3/grove/cmd/grove/lab.go:689.4,690.1 1 0
github.com/m00nk0d3/grove/cmd/grove/lab.go:691.3,700.1 2 1
github.com/m00nk0d3/grove/cmd/grove/lab.go:706.2,706.27 1 1
github.com/m00nk0d3/grove/cmd/grove/lab.go:707.3,709.1 2 1
github.com/m00nk0d3/grove/cmd/grove/lab.go:710.2,710.33 1 1
github.com/m00nk0d3/grove/cmd/grove/lab.go:711.3,713.1 1 1
github.com/m00nk0d3/grove/cmd/grove/lab.go:715.2,718.28 4 1
github.com/m00nk0d3/grove/cmd/grove/lab.go:719.3,720.1 1 0
github.com/m00nk0d3/grove/cmd/grove/lab.go:721.2,721.30 1 1
github.com/m00nk0d3/grove/cmd/grove/lab.go:726.2,726.30 1 1
github.com/m00nk0d3/grove/cmd/grove/lab.go:727.3,729.1 2 0
github.com/m00nk0d3/grove/cmd/grove/lab.go:730.2,733.80 4 1
github.com/m00nk0d3/grove/cmd/grove/lab.go:733.82,733.118 1 1
github.com/m00nk0d3/grove/cmd/grove/lab.go:739.2,740.24 2 1
github.com/m00nk0d3/grove/cmd/grove/lab.go:741.3,742.1 1 1
github.com/m00nk0d3/grove/cmd/grove/lab.go:743.2,743.63 1 1
github.com/m00nk0d3/grove/cmd/grove/lab.go:749.2,750.67 2 1
github.com/m00nk0d3/grove/cmd/grove/lab.go:751.3,752.1 1 1
github.com/m00nk0d3/grove/cmd/grove/lab.go:753.2,753.21 1 1
github.com/m00nk0d3/grove/cmd/grove/lab.go:758.2,760.1 2 1
github.com/m00nk0d3/grove/cmd/grove/lab.go:784.2,785.30 2 1
github.com/m00nk0d3/grove/cmd/grove/lab.go:786.3,786.91 1 1
github.com/m00nk0d3/grove/cmd/grove/lab.go:787.4,787.12 1 1
github.com/m00nk0d3/grove/cmd/grove/lab.go:789.3,790.10 2 1
github.com/m00nk0d3/grove/cmd/grove/lab.go:791.4,791.12 1 0
github.com/m00nk0d3/grove/cmd/grove/lab.go:793.3,794.60 2 1
github.com/m00nk0d3/grove/cmd/grove/lab.go:795.4,795.12 1 1
github.com/m00nk0d3/grove/cmd/grove/lab.go:797.3,799.23 3 1
github.com/m00nk0d3/grove/cmd/grove/lab.go:801.2,801.12 1 1
github.com/m00nk0d3/grove/cmd/grove/lab.go:806.2,807.24 2 1
github.com/m00nk0d3/grove/cmd/grove/lab.go:808.3,809.1 1 1
github.com/m00nk0d3/grove/cmd/grove/lab.go:810.2,810.71 1 0
github.com/m00nk0d3/grove/cmd/grove/lab.go:811.3,811.30 1 0
github.com/m00nk0d3/grove/cmd/grove/lab.go:812.4,812.35 1 0
github.com/m00nk0d3/grove/cmd/grove/lab.go:813.5,814.1 1 0
github.com/m00nk0d3/grove/cmd/grove/lab.go:816.3,816.13 1 0
github.com/m00nk0d3/grove/cmd/grove/lab.go:824.2,824.80 1 1
github.com/m00nk0d3/grove/cmd/grove/lab.go:825.3,826.1 1 1
github.com/m00nk0d3/grove/cmd/grove/lab.go:827.2,827.85 1 1
github.com/m00nk0d3/grove/cmd/grove/lab.go:832.2,834.9 3 1
github.com/m00nk0d3/grove/cmd/grove/lab.go:835.3,836.1 1 0
github.com/m00nk0d3/grove/cmd/grove/lab.go:837.2,838.57 2 1
github.com/m00nk0d3/grove/cmd/grove/lab.go:839.3,840.1 1 1
github.com/m00nk0d3/grove/cmd/grove/lab.go:841.2,844.80 4 1
github.com/m00nk0d3/grove/cmd/grove/lab.go:845.3,845.18 1 1
github.com/m00nk0d3/grove/cmd/grove/lab.go:846.4,846.54 1 1
github.com/m00nk0d3/grove/cmd/grove/lab.go:847.5,848.1 1 0
github.com/m00nk0d3/grove/cmd/grove/lab.go:850.3,850.18 1 1
github.com/m00nk0d3/grove/cmd/grove/lab.go:857.2,857.26 1 1
github.com/m00nk0d3/grove/cmd/grove/lab.go:858.3,859.1 1 1
github.com/m00nk0d3/grove/cmd/grove/lab.go:860.2,860.23 1 1
github.com/m00nk0d3/grove/cmd/grove/lab.go:866.2,867.16 2 1
github.com/m00nk0d3/grove/cmd/grove/lab.go:868.3,870.1 2 0
github.com/m00nk0d3/grove/cmd/grove/lab.go:871.2,871.33 1 1
github.com/m00nk0d3/grove/cmd/grove/lab.go:872.3,872.27 1 1
github.com/m00nk0d3/grove/cmd/grove/lab.go:873.4,878.1 5 1
github.com/m00nk0d3/grove/cmd/grove/lab.go:880.2,881.59 2 1
github.com/m00nk0d3/grove/cmd/grove/lab.go:887.2,889.1 2 1
github.com/m00nk0d3/grove/cmd/grove/lab.go:895.2,896.41 2 1
github.com/m00nk0d3/grove/cmd/grove/lab.go:897.3,898.1 1 1
github.com/m00nk0d3/grove/cmd/grove/lab.go:899.2,899.20 1 1
github.com/m00nk0d3/grove/cmd/grove/lab.go:904.2,905.9 2 1
github.com/m00nk0d3/grove/cmd/grove/lab.go:906.3,908.1 2 0
github.com/m00nk0d3/grove/cmd/grove/lab.go:909.2,910.80 2 1
github.com/m00nk0d3/grove/cmd/grove/lab.go:910.82,910.113 1 1
github.com/m00nk0d3/grove/cmd/grove/lab_publish.go:32.54,32.101 1 0
github.com/m00nk0d3/grove/cmd/grove/lab_publish.go:50.2,50.57 1 1
github.com/m00nk0d3/grove/cmd/grove/lab_publish.go:51.3,52.1 1 1
github.com/m00nk0d3/grove/cmd/grove/lab_publish.go:53.2,53.9 1 1
github.com/m00nk0d3/grove/cmd/grove/lab_publish.go:55.3,55.43 1 1
github.com/m00nk0d3/grove/cmd/grove/lab_publish.go:57.3,57.69 1 1
github.com/m00nk0d3/grove/cmd/grove/lab_publish.go:59.2,59.12 1 1
github.com/m00nk0d3/grove/cmd/grove/lab_publish.go:76.2,77.21 2 1
github.com/m00nk0d3/grove/cmd/grove/lab_publish.go:78.3,79.1 1 0
github.com/m00nk0d3/grove/cmd/grove/lab_publish.go:80.2,81.16 2 1
github.com/m00nk0d3/grove/cmd/grove/lab_publish.go:82.3,83.1 1 0
github.com/m00nk0d3/grove/cmd/grove/lab_publish.go:84.2,85.32 2 1
github.com/m00nk0d3/grove/cmd/grove/lab_publish.go:86.3,87.31 2 1
github.com/m00nk0d3/grove/cmd/grove/lab_publish.go:88.4,88.22 1 1
github.com/m00nk0d3/grove/cmd/grove/lab_publish.go:89.5,89.13 1 1
github.com/m00nk0d3/grove/cmd/grove/lab_publish.go:91.4,92.49 2 1
github.com/m00nk0d3/grove/cmd/grove/lab_publish.go:93.5,94.1 1 1
github.com/m00nk0d3/grove/cmd/grove/lab_publish.go:95.4,95.22 1 1
github.com/m00nk0d3/grove/cmd/grove/lab_publish.go:97.3,97.13 1 1
github.com/m00nk0d3/grove/cmd/grove/lab_publish.go:98.4,99.1 1 0
github.com/m00nk0d3/grove/cmd/grove/lab_publish.go:102.2,104.35 3 1
github.com/m00nk0d3/grove/cmd/grove/lab_publish.go:105.3,109.1 4 1
github.com/m00nk0d3/grove/cmd/grove/lab_publish.go:110.3,112.17 3 1
github.com/m00nk0d3/grove/cmd/grove/lab_publish.go:113.4,114.1 1 1
github.com/m00nk0d3/grove/cmd/grove/lab_publish.go:115.3,116.28 2 1
github.com/m00nk0d3/grove/cmd/grove/lab_publish.go:117.4,118.1 1 1
github.com/m00nk0d3/grove/cmd/grove/lab_publish.go:119.3,121.1 4 1
github.com/m00nk0d3/grove/cmd/grove/lab_publish.go:124.3,125.31 4 1
github.com/m00nk0d3/grove/cmd/grove/lab_publish.go:126.4,126.91 1 1
github.com/m00nk0d3/grove/cmd/grove/lab_publish.go:127.5,129.1 2 1
github.com/m00nk0d3/grove/cmd/grove/lab_publish.go:131.3,131.57 1 1
github.com/m00nk0d3/grove/cmd/grove/lab_publish.go:132.4,133.1 1 1
github.com/m00nk0d3/grove/cmd/grove/lab_publish.go:135.2,135.19 1 1
github.com/m00nk0d3/grove/cmd/grove/lab_publish.go:136.3,137.1 1 0
github.com/m00nk0d3/grove/cmd/grove/lab_publish.go:138.2,139.15 2 1
github.com/m00nk0d3/grove/cmd/grove/lab_publish.go:146.2,147.25 2 1
github.com/m00nk0d3/grove/cmd/grove/lab_publish.go:148.3,149.10 2 1
github.com/m00nk0d3/grove/cmd/grove/lab_publish.go:151.4,151.152 1 1
github.com/m00nk0d3/grove/cmd/grove/lab_publish.go:153.4,153.19 1 1
github.com/m00nk0d3/grove/cmd/grove/lab_publish.go:154.5,155.1 1 0
github.com/m00nk0d3/grove/cmd/grove/lab_publish.go:156.4,157.112 2 1
github.com/m00nk0d3/grove/cmd/grove/lab_publish.go:160.2,160.49 1 1
github.com/m00nk0d3/grove/cmd/grove/lab_publish.go:161.3,162.1 1 0
github.com/m00nk0d3/grove/cmd/grove/lab_publish.go:163.2,166.24 4 1
github.com/m00nk0d3/grove/cmd/grove/lab_publish.go:167.3,170.1 3 1
github.com/m00nk0d3/grove/cmd/grove/lab_publish.go:171.2,171.25 1 1
github.com/m00nk0d3/grove/cmd/grove/lab_publish.go:172.3,175.1 3 1
github.com/m00nk0d3/grove/cmd/grove/lab_publish.go:176.2,176.19 1 1
github.com/m00nk0d3/grove/cmd/grove/lab_publish.go:182.2,182.9 1 1
github.com/m00nk0d3/grove/cmd/grove/lab_publish.go:184.3,184.132 1 1
github.com/m00nk0d3/grove/cmd/grove/lab_publish.go:186.3,187.60 1 1
github.com/m00nk0d3/grove/cmd/grove/lab_publish.go:189.2,189.11 1 1
github.com/m00nk0d3/grove/cmd/grove/lab_publish.go:218.2,218.34 1 1
github.com/m00nk0d3/grove/cmd/grove/lab_publish.go:219.3,221.1 2 0
github.com/m00nk0d3/grove/cmd/grove/lab_publish.go:222.2,225.27 4 1
github.com/m00nk0d3/grove/cmd/grove/lab_publish.go:226.3,226.35 1 1
github.com/m00nk0d3/grove/cmd/grove/lab_publish.go:226.37,226.73 1 1
github.com/m00nk0d3/grove/cmd/grove/lab_publish.go:227.3,228.17 2 1
github.com/m00nk0d3/grove/cmd/grove/lab_publish.go:229.4,230.1 1 0
github.com/m00nk0d3/grove/cmd/grove/lab_publish.go:231.3,232.17 2 1
github.com/m00nk0d3/grove/cmd/grove/lab_publish.go:233.4,234.1 1 1
github.com/m00nk0d3/grove/cmd/grove/lab_publish.go:235.3,237.17 3 1
github.com/m00nk0d3/grove/cmd/grove/lab_publish.go:238.4,239.1 1 0
github.com/m00nk0d3/grove/cmd/grove/lab_publish.go:241.3,242.23 2 1
github.com/m00nk0d3/grove/cmd/grove/lab_publish.go:243.4,244.18 2 1
github.com/m00nk0d3/grove/cmd/grove/lab_publish.go:245.5,246.1 1 0
github.com/m00nk0d3/grove/cmd/grove/lab_publish.go:247.4,248.18 2 1
github.com/m00nk0d3/grove/cmd/grove/lab_publish.go:249.5,250.1 1 0
github.com/m00nk0d3/grove/cmd/grove/lab_publish.go:251.4,251.43 1 1
github.com/m00nk0d3/grove/cmd/grove/lab_publish.go:252.10,252.65 1 1
github.com/m00nk0d3/grove/cmd/grove/lab_publish.go:253.4,254.1 1 0
github.com/m00nk0d3/grove/cmd/grove/lab_publish.go:256.3,270.1 2 1
github.com/m00nk0d3/grove/cmd/grove/lab_publish.go:271.3,271.31 2 1
github.com/m00nk0d3/grove/cmd/grove/lab_publish.go:272.4,273.1 1 1
github.com/m00nk0d3/grove/cmd/grove/lab_publish.go:274.3,274.30 1 1
github.com/m00nk0d3/grove/cmd/grove/lab_publish.go:275.4,277.1 2 1
github.com/m00nk0d3/grove/cmd/grove/lab_publish.go:278.3,278.24 1 1
github.com/m00nk0d3/grove/cmd/grove/lab_publish.go:279.4,280.1 1 1
github.com/m00nk0d3/grove/cmd/grove/lab_publish.go:281.3,281.45 1 1
github.com/m00nk0d3/grove/cmd/grove/lab_publish.go:287.2,288.20 2 1
github.com/m00nk0d3/grove/cmd/grove/lab_publish.go:289.3,291.1 2 1
github.com/m00nk0d3/grove/cmd/grove/lab_publish.go:292.2,295.15 4 1
github.com/m00nk0d3/grove/cmd/grove/lab_publish.go:311.2,313.1 2 1
github.com/m00nk0d3/grove/cmd/grove/lab_publish.go:316.2,317.1 1 1
github.com/m00nk0d3/grove/cmd/grove/lab_publish.go:320.2,320.20 1 1
github.com/m00nk0d3/grove/cmd/grove/lab_publish.go:321.3,322.1 1 1
github.com/m00nk0d3/grove/cmd/grove/lab_publish.go:323.2,323.90 1 1
github.com/m00nk0d3/grove/cmd/grove/lab_publish.go:324.3,325.1 1 1
github.com/m00nk0d3/grove/cmd/grove/lab_publish.go:326.2,326.12 1 1
github.com/m00nk0d3/grove/cmd/grove/lab_publish.go:331.2,331.33 1 1
github.com/m00nk0d3/grove/cmd/grove/lab_publish.go:332.3,332.71 1 1
github.com/m00nk0d3/grove/cmd/grove/lab_publish.go:333.4,334.1 1 0
github.com/m00nk0d3/grove/cmd/grove/lab_publish.go:335.3,336.17 2 1
github.com/m00nk0d3/grove/cmd/grove/lab_publish.go:337.4,338.1 1 0
github.com/m00nk0d3/grove/cmd/grove/lab_publish.go:339.3,340.34 2 1
github.com/m00nk0d3/grove/cmd/grove/lab_publish.go:341.4,342.1 1 0
github.com/m00nk0d3/grove/cmd/grove/lab_publish.go:344.2,345.32 2 1
github.com/m00nk0d3/grove/cmd/grove/lab_publish.go:351.2,351.95 1 1
github.com/m00nk0d3/grove/cmd/grove/lab_publish.go:352.3,353.1 1 0
github.com/m00nk0d3/grove/cmd/grove/lab_publish.go:354.2,354.32 1 1
github.com/m00nk0d3/grove/cmd/grove/lab_publish.go:355.3,356.17 2 1
github.com/m00nk0d3/grove/cmd/grove/lab_publish.go:357.4,358.1 1 0
github.com/m00nk0d3/grove/cmd/grove/lab_publish.go:359.3,360.34 2 1
github.com/m00nk0d3/grove/cmd/grove/lab_publish.go:361.4,362.1 1 0
github.com/m00nk0d3/grove/cmd/grove/lab_publish.go:364.2,365.37 2 1
github.com/m00nk0d3/grove/cmd/grove/lab_publish.go:366.3,367.1 1 1
github.com/m00nk0d3/grove/cmd/grove/lab_publish.go:368.2,368.35 1 1
github.com/m00nk0d3/grove/cmd/grove/lab_publish.go:369.3,370.1 1 1
github.com/m00nk0d3/grove/cmd/grove/lab_publish.go:372.2,372.30 1 1
github.com/m00nk0d3/grove/cmd/grove/lab_publish.go:373.3,373.51 1 1
github.com/m00nk0d3/grove/cmd/grove/lab_publish.go:374.4,374.12 1 1
github.com/m00nk0d3/grove/cmd/grove/lab_publish.go:376.3,377.17 2 1
github.com/m00nk0d3/grove/cmd/grove/lab_publish.go:378.4,379.1 1 1
github.com/m00nk0d3/grove/cmd/grove/lab_publish.go:380.3,382.34 3 1
github.com/m00nk0d3/grove/cmd/grove/lab_publish.go:383.4,384.1 1 0
github.com/m00nk0d3/grove/cmd/grove/lab_publish.go:387.2,387.30 1 1
github.com/m00nk0d3/grove/cmd/grove/lab_publish.go:388.3,389.26 2 1
github.com/m00nk0d3/grove/cmd/grove/lab_publish.go:390.4,390.80 1 1
github.com/m00nk0d3/grove/cmd/grove/lab_publish.go:391.5,392.1 1 1
github.com/m00nk0d3/grove/cmd/grove/lab_publish.go:393.4,395.35 3 1
github.com/m00nk0d3/grove/cmd/grove/lab_publish.go:396.5,397.1 1 0
github.com/m00nk0d3/grove/cmd/grove/lab_publish.go:399.3,399.39 1 1
github.com/m00nk0d3/grove/cmd/grove/lab_publish.go:400.4,400.52 1 1
github.com/m00nk0d3/grove/cmd/grove/lab_publish.go:401.5,401.13 1 1
github.com/m00nk0d3/grove/cmd/grove/lab_publish.go:403.4,403.117 1 1
github.com/m00nk0d3/grove/cmd/grove/lab_publish.go:404.5,405.1 1 0
github.com/m00nk0d3/grove/cmd/grove/lab_publish.go:406.4,408.35 3 1
github.com/m00nk0d3/grove/cmd/grove/lab_publish.go:409.5,410.1 1 0
github.com/m00nk0d3/grove/cmd/grove/lab_publish.go:416.2,416.74 1 1
github.com/m00nk0d3/grove/cmd/grove/lab_publish.go:417.3,417.67 1 1
github.com/m00nk0d3/grove/cmd/grove/lab_publish.go:418.4,419.1 1 0
github.com/m00nk0d3/grove/cmd/grove/lab_publish.go:420.3,421.34 2 1
github.com/m00nk0d3/grove/cmd/grove/lab_publish.go:422.4,423.1 1 0
github.com/m00nk0d3/grove/cmd/grove/lab_publish.go:426.2,426.38 1 1
github.com/m00nk0d3/grove/cmd/grove/lab_publish.go:427.3,428.1 1 0
github.com/m00nk0d3/grove/cmd/grove/lab_publish.go:429.2,429.30 1 1
github.com/m00nk0d3/grove/cmd/grove/lab_publish.go:430.3,430.73 1 1
github.com/m00nk0d3/grove/cmd/grove/lab_publish.go:431.4,432.1 1 0
github.com/m00nk0d3/grove/cmd/grove/lab_publish.go:434.2,434.18 1 1
github.com/m00nk0d3/grove/cmd/grove/lab_publish.go:438.2,438.27 1 1
github.com/m00nk0d3/grove/cmd/grove/lab_publish.go:439.3,439.16 1 1
github.com/m00nk0d3/grove/cmd/grove/lab_publish.go:440.4,441.1 1 1
github.com/m00nk0d3/grove/cmd/grove/lab_publish.go:443.2,443.14 1 1
github.com/m00nk0d3/grove/cmd/grove/lab_publish.go:451.2,454.59 4 1
github.com/m00nk0d3/grove/cmd/grove/lab_publish.go:455.3,457.1 2 0
github.com/m00nk0d3/grove/cmd/grove/lab_publish.go:458.2,460.27 3 1
github.com/m00nk0d3/grove/cmd/grove/lab_publish.go:461.3,462.72 2 1
github.com/m00nk0d3/grove/cmd/grove/lab_publish.go:463.4,464.20 2 1
github.com/m00nk0d3/grove/cmd/grove/lab_publish.go:465.5,467.1 2 1
github.com/m00nk0d3/grove/cmd/grove/lab_publish.go:468.4,468.17 1 1
github.com/m00nk0d3/grove/cmd/grove/lab_publish.go:470.3,471.17 2 1
github.com/m00nk0d3/grove/cmd/grove/lab_publish.go:472.4,473.1 1 0
github.com/m00nk0d3/grove/cmd/grove/lab_publish.go:474.3,475.17 2 1
github.com/m00nk0d3/grove/cmd/grove/lab_publish.go:476.4,477.1 1 0
github.com/m00nk0d3/grove/cmd/grove/lab_publish.go:478.3,479.1 3 1
github.com/m00nk0d3/grove/cmd/grove/lab_publish.go:480.3,481.17 3 1
github.com/m00nk0d3/grove/cmd/grove/lab_publish.go:482.4,483.1 1 0
github.com/m00nk0d3/grove/cmd/grove/lab_publish.go:484.3,485.37 2 1
github.com/m00nk0d3/grove/cmd/grove/lab_publish.go:486.4,486.35 1 1
github.com/m00nk0d3/grove/cmd/grove/lab_publish.go:487.5,488.1 1 1
github.com/m00nk0d3/grove/cmd/grove/lab_publish.go:490.3,490.17 1 1
github.com/m00nk0d3/grove/cmd/grove/lab_publish.go:491.4,492.1 1 0
github.com/m00nk0d3/grove/cmd/grove/lab_publish.go:493.3,494.17 2 1
github.com/m00nk0d3/grove/cmd/grove/lab_publish.go:495.4,496.1 1 1
github.com/m00nk0d3/grove/cmd/grove/lab_publish.go:497.3,497.29 1 1
github.com/m00nk0d3/grove/cmd/grove/lab_publish.go:498.4,499.1 1 0
github.com/m00nk0d3/grove/cmd/grove/lab_publish.go:501.3,502.25 2 1
github.com/m00nk0d3/grove/cmd/grove/lab_publish.go:503.4,504.11 2 1
github.com/m00nk0d3/grove/cmd/grove/lab_publish.go:505.5,506.1 1 0
github.com/m00nk0d3/grove/cmd/grove/lab_publish.go:507.4,507.22 1 1
github.com/m00nk0d3/grove/cmd/grove/lab_publish.go:509.3,511.36 3 1
github.com/m00nk0d3/grove/cmd/grove/lab_publish.go:512.4,514.1 2 1
github.com/m00nk0d3/grove/cmd/grove/lab_publish.go:515.4,517.1 2 1
github.com/m00nk0d3/grove/cmd/grove/lab_publish.go:518.3,518.17 1 1
github.com/m00nk0d3/grove/cmd/grove/lab_publish.go:519.4,520.1 1 1
github.com/m00nk0d3/grove/cmd/grove/lab_publish.go:522.3,523.36 2 1
github.com/m00nk0d3/grove/cmd/grove/lab_publish.go:524.4,525.1 1 0
github.com/m00nk0d3/grove/cmd/grove/lab_publish.go:526.3,526.22 1 1
github.com/m00nk0d3/grove/cmd/grove/lab_publish.go:527.4,527.74 1 1
github.com/m00nk0d3/grove/cmd/grove/lab_publish.go:528.5,529.1 1 0
github.com/m00nk0d3/grove/cmd/grove/lab_publish.go:531.3,531.34 1 1
github.com/m00nk0d3/grove/cmd/grove/lab_publish.go:537.2,539.56 3 1
github.com/m00nk0d3/grove/cmd/grove/lab_publish.go:540.3,542.1 2 1
github.com/m00nk0d3/grove/cmd/grove/lab_publish.go:543.2,543.20 1 1
github.com/m00nk0d3/grove/cmd/grove/lab_publish.go:544.3,546.1 2 1
github.com/m00nk0d3/grove/cmd/grove/lab_publish.go:547.2,547.38 1 1
github.com/m00nk0d3/grove/cmd/grove/lab_publish.go:548.3,549.68 2 1
github.com/m00nk0d3/grove/cmd/grove/lab_publish.go:550.4,552.1 2 0
github.com/m00nk0d3/grove/cmd/grove/lab_publish.go:554.2,554.61 1 1
github.com/m00nk0d3/grove/cmd/grove/lab_publish.go:566.2,567.22 2 1
github.com/m00nk0d3/grove/cmd/grove/lab_publish.go:568.3,569.1 1 1
github.com/m00nk0d3/grove/cmd/grove/lab_publish.go:570.2,570.22 1 1
github.com/m00nk0d3/grove/cmd/grove/lab_publish.go:571.3,571.32 1 0
github.com/m00nk0d3/grove/cmd/grove/lab_publish.go:572.4,573.1 1 0
github.com/m00nk0d3/grove/cmd/grove/lab_publish.go:574.4,575.1 1 0
github.com/m00nk0d3/grove/cmd/grove/lab_publish.go:577.2,577.63 1 1
github.com/m00nk0d3/grove/cmd/grove/lab_publish.go:582.2,583.9 2 1
github.com/m00nk0d3/grove/cmd/grove/lab_publish.go:584.3,585.1 1 0
github.com/m00nk0d3/grove/cmd/grove/lab_publish.go:586.2,586.20 1 1
github.com/m00nk0d3/grove/cmd/grove/lab_publish.go:588.3,589.47 2 1
github.com/m00nk0d3/grove/cmd/grove/lab_publish.go:590.4,592.1 2 1
github.com/m00nk0d3/grove/cmd/grove/lab_publish.go:593.3,595.92 3 1
github.com/m00nk0d3/grove/cmd/grove/lab_publish.go:597.3,598.17 2 0
github.com/m00nk0d3/grove/cmd/grove/lab_publish.go:599.4,601.1 2 0
github.com/m00nk0d3/grove/cmd/grove/lab_publish.go:602.3,603.77 2 0
github.com/m00nk0d3/grove/cmd/grove/lab_publish.go:604.4,605.1 1 0
github.com/m00nk0d3/grove/cmd/grove/lab_publish.go:607.3,609.43 3 1
github.com/m00nk0d3/grove/cmd/grove/lab_publish.go:610.4,611.1 1 1
github.com/m00nk0d3/grove/cmd/grove/lab_publish.go:612.3,613.28 2 1
github.com/m00nk0d3/grove/cmd/grove/lab_publish.go:614.4,615.18 2 1
github.com/m00nk0d3/grove/cmd/grove/lab_publish.go:616.5,617.1 1 0
github.com/m00nk0d3/grove/cmd/grove/lab_publish.go:618.4,619.18 2 1
github.com/m00nk0d3/grove/cmd/grove/lab_publish.go:620.5,621.1 1 0
github.com/m00nk0d3/grove/cmd/grove/lab_publish.go:622.4,622.32 1 1
github.com/m00nk0d3/grove/cmd/grove/lab_publish.go:623.5,623.27 1 1
github.com/m00nk0d3/grove/cmd/grove/lab_publish.go:624.6,624.14 1 0
github.com/m00nk0d3/grove/cmd/grove/lab_publish.go:626.5,626.50 1 1
github.com/m00nk0d3/grove/cmd/grove/lab_publish.go:627.6,628.1 1 1
github.com/m00nk0d3/grove/cmd/grove/lab_publish.go:629.5,630.1 2 1
github.com/m00nk0d3/grove/cmd/grove/lab_publish.go:632.5,632.84 2 1
github.com/m00nk0d3/grove/cmd/grove/lab_publish.go:633.6,634.20 2 1
github.com/m00nk0d3/grove/cmd/grove/lab_publish.go:635.7,636.1 1 1
github.com/m00nk0d3/grove/cmd/grove/lab_publish.go:637.6,637.90 1 1
github.com/m00nk0d3/grove/cmd/grove/lab_publish.go:639.5,641.40 3 1
github.com/m00nk0d3/grove/cmd/grove/lab_publish.go:642.6,643.1 1 0
github.com/m00nk0d3/grove/cmd/grove/lab_publish.go:644.5,645.85 2 1
github.com/m00nk0d3/grove/cmd/grove/lab_publish.go:647.4,647.74 1 0
github.com/m00nk0d3/grove/cmd/grove/lab_publish.go:650.2,650.15 1 0
github.com/m00nk0d3/grove/cmd/grove/lab_publish.go:656.2,656.83 1 1
github.com/m00nk0d3/grove/cmd/grove/lab_publish.go:657.3,658.1 1 1
github.com/m00nk0d3/grove/cmd/grove/lab_publish.go:659.2,659.12 1 1
github.com/m00nk0d3/grove/cmd/grove/lab_render.go:49.2,49.16 1 1
github.com/m00nk0d3/grove/cmd/grove/lab_render.go:50.3,51.1 1 0
github.com/m00nk0d3/grove/cmd/grove/lab_render.go:52.2,52.35 1 1
github.com/m00nk0d3/grove/cmd/grove/lab_render.go:53.3,53.47 1 1
github.com/m00nk0d3/grove/cmd/grove/lab_render.go:55.4,55.62 1 1
github.com/m00nk0d3/grove/cmd/grove/lab_render.go:57.4,57.54 1 0
github.com/m00nk0d3/grove/cmd/grove/lab_render.go:59.4,59.76 1 1
github.com/m00nk0d3/grove/cmd/grove/lab_render.go:62.2,62.18 1 1
github.com/m00nk0d3/grove/cmd/grove/lab_render.go:64.3,64.48 1 1
github.com/m00nk0d3/grove/cmd/grove/lab_render.go:66.3,66.51 1 1
github.com/m00nk0d3/grove/cmd/grove/lab_render.go:68.3,68.75 1 1
github.com/m00nk0d3/grove/cmd/grove/lab_render.go:73.2,74.16 2 1
github.com/m00nk0d3/grove/cmd/grove/lab_render.go:76.3,76.25 1 1
github.com/m00nk0d3/grove/cmd/grove/lab_render.go:78.3,78.26 1 0
github.com/m00nk0d3/grove/cmd/grove/lab_render.go:80.3,80.26 1 1
github.com/m00nk0d3/grove/cmd/grove/lab_render.go:82.2,82.62 1 1
github.com/m00nk0d3/grove/cmd/grove/lab_render.go:88.2,89.83 2 1
github.com/m00nk0d3/grove/cmd/grove/lab_render.go:90.3,90.32 1 1
github.com/m00nk0d3/grove/cmd/grove/lab_render.go:91.4,91.58 1 1
github.com/m00nk0d3/grove/cmd/grove/lab_render.go:92.5,93.1 1 1
github.com/m00nk0d3/grove/cmd/grove/lab_render.go:95.3,95.34 1 0
github.com/m00nk0d3/grove/cmd/grove/lab_render.go:97.2,98.16 2 1
github.com/m00nk0d3/grove/cmd/grove/lab_render.go:99.3,100.1 1 1
github.com/m00nk0d3/grove/cmd/grove/lab_render.go:101.2,101.69 1 1
github.com/m00nk0d3/grove/cmd/grove/lab_render.go:107.2,108.47 2 1
github.com/m00nk0d3/grove/cmd/grove/lab_render.go:109.3,110.1 1 1
github.com/m00nk0d3/grove/cmd/grove/lab_render.go:111.2,111.69 1 1
github.com/m00nk0d3/grove/cmd/grove/lab_render.go:112.3,113.1 1 1
github.com/m00nk0d3/grove/cmd/grove/lab_render.go:114.2,115.39 2 1
github.com/m00nk0d3/grove/cmd/grove/lab_render.go:121.2,123.62 3 1
github.com/m00nk0d3/grove/cmd/grove/lab_render.go:124.3,126.50 3 1
github.com/m00nk0d3/grove/cmd/grove/lab_render.go:127.4,128.20 2 1
github.com/m00nk0d3/grove/cmd/grove/lab_render.go:129.5,130.1 1 1
github.com/m00nk0d3/grove/cmd/grove/lab_render.go:131.4,132.95 2 1
github.com/m00nk0d3/grove/cmd/grove/lab_render.go:134.3,134.11 1 1
github.com/m00nk0d3/grove/cmd/grove/lab_render.go:135.4,136.1 1 1
github.com/m00nk0d3/grove/cmd/grove/lab_render.go:137.3,137.20 1 1
github.com/m00nk0d3/grove/cmd/grove/lab_render.go:139.2,139.125 1 1
github.com/m00nk0d3/grove/cmd/grove/lab_render.go:140.3,140.41 1 1
github.com/m00nk0d3/grove/cmd/grove/lab_render.go:141.4,142.1 1 1
github.com/m00nk0d3/grove/cmd/grove/lab_render.go:144.2,144.40 1 1
github.com/m00nk0d3/grove/cmd/grove/lab_render.go:149.2,159.1 5 1
github.com/m00nk0d3/grove/cmd/grove/lab_render.go:160.2,161.28 5 1
github.com/m00nk0d3/grove/cmd/grove/lab_render.go:162.3,163.27 2 1
github.com/m00nk0d3/grove/cmd/grove/lab_render.go:164.4,165.1 1 1
github.com/m00nk0d3/grove/cmd/grove/lab_render.go:166.3,166.49 1 1
github.com/m00nk0d3/grove/cmd/grove/lab_render.go:168.2,168.77 1 1
github.com/m00nk0d3/grove/cmd/grove/lab_render.go:174.2,176.1 10 1
github.com/m00nk0d3/grove/cmd/grove/lab_render.go:177.2,182.1 10 1
github.com/m00nk0d3/grove/cmd/grove/lab_render.go:183.2,185.21 10 1
github.com/m00nk0d3/grove/cmd/grove/lab_render.go:186.3,187.1 1 1
github.com/m00nk0d3/grove/cmd/grove/lab_render.go:188.2,189.1 3 1
github.com/m00nk0d3/grove/cmd/grove/lab_render.go:191.2,192.39 3 1
github.com/m00nk0d3/grove/cmd/grove/lab_render.go:193.3,194.1 1 1
github.com/m00nk0d3/grove/cmd/grove/lab_render.go:195.2,197.39 3 1
github.com/m00nk0d3/grove/cmd/grove/lab_render.go:198.3,201.31 4 1
github.com/m00nk0d3/grove/cmd/grove/lab_render.go:202.4,203.1 1 1
github.com/m00nk0d3/grove/cmd/grove/lab_render.go:204.3,213.25 4 1
github.com/m00nk0d3/grove/cmd/grove/lab_render.go:215.2,215.15 1 1
github.com/m00nk0d3/grove/cmd/grove/lab_render.go:216.3,218.1 2 1
github.com/m00nk0d3/grove/cmd/grove/lab_render.go:219.3,221.1 2 1
github.com/m00nk0d3/grove/cmd/grove/lab_render.go:223.2,224.14 2 1
github.com/m00nk0d3/grove/cmd/grove/lab_render.go:225.3,226.1 1 0
github.com/m00nk0d3/grove/cmd/grove/lab_render.go:227.2,227.22 1 1
github.com/m00nk0d3/grove/cmd/grove/lab_render.go:228.3,229.1 1 1
github.com/m00nk0d3/grove/cmd/grove/lab_render.go:230.2,234.39 5 1
github.com/m00nk0d3/grove/cmd/grove/lab_render.go:239.2,239.9 1 1
github.com/m00nk0d3/grove/cmd/grove/lab_render.go:241.3,242.40 2 1
github.com/m00nk0d3/grove/cmd/grove/lab_render.go:243.4,244.1 1 1
github.com/m00nk0d3/grove/cmd/grove/lab_render.go:245.3,245.11 1 1
github.com/m00nk0d3/grove/cmd/grove/lab_render.go:247.3,247.45 1 0
github.com/m00nk0d3/grove/cmd/grove/lab_render.go:249.3,249.15 1 1
github.com/m00nk0d3/grove/cmd/grove/lab_render.go:255.2,257.16 3 1
github.com/m00nk0d3/grove/cmd/grove/lab_render.go:258.3,259.1 1 0
github.com/m00nk0d3/grove/cmd/grove/lab_render.go:260.2,261.47 2 1
github.com/m00nk0d3/grove/cmd/grove/lab_render.go:262.3,263.1 1 1
github.com/m00nk0d3/grove/cmd/grove/lab_render.go:264.2,264.69 1 1
github.com/m00nk0d3/grove/cmd/grove/lab_render.go:265.3,266.1 1 0
github.com/m00nk0d3/grove/cmd/grove/lab_render.go:267.2,267.36 1 1
github.com/m00nk0d3/grove/cmd/grove/lab_render.go:268.3,269.1 1 1
github.com/m00nk0d3/grove/cmd/grove/lab_render.go:270.2,271.16 2 1
github.com/m00nk0d3/grove/cmd/grove/lab_render.go:272.3,273.1 1 1
github.com/m00nk0d3/grove/cmd/grove/lab_render.go:274.2,284.3 1 1
github.com/m00nk0d3/grove/cmd/grove/main.go:24.2,30.1 6 0
github.com/m00nk0d3/grove/cmd/grove/main.go:36.2,37.16 2 0
github.com/m00nk0d3/grove/cmd/grove/main.go:38.3,39.1 1 0
github.com/m00nk0d3/grove/cmd/grove/main.go:40.3,41.1 1 0
github.com/m00nk0d3/grove/cmd/grove/main.go:42.2,43.1 3 0
github.com/m00nk0d3/grove/cmd/grove/main.go:44.2,45.16 3 0
github.com/m00nk0d3/grove/cmd/grove/main.go:46.3,47.1 1 0
github.com/m00nk0d3/grove/cmd/grove/main.go:49.2,53.64 5 0
github.com/m00nk0d3/grove/cmd/grove/main.go:54.3,54.86 1 0
github.com/m00nk0d3/grove/cmd/grove/main.go:55.4,56.1 1 0
github.com/m00nk0d3/grove/cmd/grove/main.go:58.2,66.1 7 0
github.com/m00nk0d3/grove/cmd/grove/main.go:67.2,69.1 7 0
github.com/m00nk0d3/grove/cmd/grove/main.go:72.2,73.1 7 0
github.com/m00nk0d3/grove/cmd/grove/main.go:74.2,75.47 7 0
github.com/m00nk0d3/grove/cmd/grove/main.go:76.3,78.1 3 0
github.com/m00nk0d3/grove/cmd/grove/main.go:79.3,80.1 3 0
github.com/m00nk0d3/grove/cmd/grove/main.go:82.2,83.1 2 0
github.com/m00nk0d3/grove/cmd/grove/main.go:87.2,87.32 2 0
github.com/m00nk0d3/grove/cmd/grove/main.go:88.3,89.20 2 0
github.com/m00nk0d3/grove/cmd/grove/main.go:90.4,91.1 1 0
github.com/m00nk0d3/grove/cmd/grove/main.go:94.2,97.12 4 0
github.com/m00nk0d3/grove/cmd/grove/main.go:101.2,101.75 1 0
github.com/m00nk0d3/grove/cmd/grove/main.go:102.3,104.1 2 0
github.com/m00nk0d3/grove/cmd/grove/main.go:105.2,105.30 1 0
github.com/m00nk0d3/grove/cmd/grove/main.go:106.3,108.1 2 0
github.com/m00nk0d3/grove/cmd/grove/mission_reports.go:16.2,17.1 1 1
github.com/m00nk0d3/grove/cmd/grove/mission_reports.go:25.2,25.24 1 1
github.com/m00nk0d3/grove/cmd/grove/mission_reports.go:26.3,29.1 2 1
github.com/m00nk0d3/grove/cmd/grove/mission_reports.go:30.3,30.24 2 1
github.com/m00nk0d3/grove/cmd/grove/mission_reports.go:31.4,32.1 1 1
github.com/m00nk0d3/grove/cmd/grove/mission_reports.go:33.3,34.48 2 1
github.com/m00nk0d3/grove/cmd/grove/mission_reports.go:35.4,35.60 1 1
github.com/m00nk0d3/grove/cmd/grove/mission_reports.go:36.5,37.1 1 1
github.com/m00nk0d3/grove/cmd/grove/mission_reports.go:39.3,40.17 2 1
github.com/m00nk0d3/grove/cmd/grove/mission_reports.go:41.4,43.1 2 1
github.com/m00nk0d3/grove/cmd/grove/mission_reports.go:44.3,45.16 2 1
github.com/m00nk0d3/grove/cmd/grove/pid_unix.go:12.2,14.1 2 1
github.com/m00nk0d3/grove/cmd/grove/renderer.go:73.2,73.26 1 1
github.com/m00nk0d3/grove/cmd/grove/renderer.go:74.3,74.57 1 1
github.com/m00nk0d3/grove/cmd/grove/renderer.go:75.4,76.1 1 1
github.com/m00nk0d3/grove/cmd/grove/renderer.go:78.2,78.12 1 1
github.com/m00nk0d3/grove/cmd/grove/renderer.go:84.2,84.47 1 1
github.com/m00nk0d3/grove/cmd/grove/renderer.go:85.3,86.1 1 1
github.com/m00nk0d3/grove/cmd/grove/renderer.go:87.2,87.25 1 1
github.com/m00nk0d3/grove/cmd/grove/renderer.go:92.2,93.29 2 1
github.com/m00nk0d3/grove/cmd/grove/renderer.go:94.3,94.36 1 1
github.com/m00nk0d3/grove/cmd/grove/renderer.go:95.4,96.1 1 1
github.com/m00nk0d3/grove/cmd/grove/renderer.go:98.2,98.10 1 1
github.com/m00nk0d3/grove/cmd/grove/renderer.go:104.2,104.14 1 1
github.com/m00nk0d3/grove/cmd/grove/renderer.go:105.3,106.1 1 1
github.com/m00nk0d3/grove/cmd/grove/renderer.go:107.2,110.23 4 1
github.com/m00nk0d3/grove/cmd/grove/renderer.go:111.3,112.1 1 1
github.com/m00nk0d3/grove/cmd/grove/renderer.go:113.3,114.1 1 1
github.com/m00nk0d3/grove/cmd/grove/renderer.go:115.2,115.24 1 1
github.com/m00nk0d3/grove/cmd/grove/renderer.go:116.3,117.1 1 1
github.com/m00nk0d3/grove/cmd/grove/renderer.go:118.2,118.56 1 1
github.com/m00nk0d3/grove/cmd/grove/renderer.go:119.3,120.1 1 1
github.com/m00nk0d3/grove/cmd/grove/renderer.go:121.2,121.40 1 1
github.com/m00nk0d3/grove/cmd/grove/renderer.go:122.3,123.1 1 1
github.com/m00nk0d3/grove/cmd/grove/renderer.go:124.2,125.14 2 1
github.com/m00nk0d3/grove/cmd/grove/renderer.go:126.3,127.1 1 1
github.com/m00nk0d3/grove/cmd/grove/renderer.go:128.3,129.1 1 1
github.com/m00nk0d3/grove/cmd/grove/renderer.go:130.2,130.19 1 1
github.com/m00nk0d3/grove/cmd/grove/renderer.go:137.2,137.20 1 1
github.com/m00nk0d3/grove/cmd/grove/renderer.go:138.3,139.1 1 1
github.com/m00nk0d3/grove/cmd/grove/renderer.go:140.2,141.1 6 1
github.com/m00nk0d3/grove/cmd/grove/renderer.go:142.2,145.1 6 1
github.com/m00nk0d3/grove/cmd/grove/renderer.go:148.2,149.34 6 1
github.com/m00nk0d3/grove/cmd/grove/renderer.go:150.3,151.1 1 1
github.com/m00nk0d3/grove/cmd/grove/renderer.go:153.2,154.29 2 1
github.com/m00nk0d3/grove/cmd/grove/renderer.go:155.3,156.33 2 0
github.com/m00nk0d3/grove/cmd/grove/renderer.go:157.4,158.1 1 0
github.com/m00nk0d3/grove/cmd/grove/renderer.go:159.3,159.31 1 0
github.com/m00nk0d3/grove/cmd/grove/renderer.go:160.4,161.1 1 0
github.com/m00nk0d3/grove/cmd/grove/renderer.go:162.3,162.27 1 0
github.com/m00nk0d3/grove/cmd/grove/renderer.go:163.4,164.1 1 0
github.com/m00nk0d3/grove/cmd/grove/renderer.go:164.10,164.24 1 0
github.com/m00nk0d3/grove/cmd/grove/renderer.go:165.4,166.1 1 0
github.com/m00nk0d3/grove/cmd/grove/renderer.go:166.10,166.42 1 0
github.com/m00nk0d3/grove/cmd/grove/renderer.go:167.4,168.39 2 0
github.com/m00nk0d3/grove/cmd/grove/renderer.go:169.5,170.1 1 0
github.com/m00nk0d3/grove/cmd/grove/renderer.go:171.4,171.56 1 0
github.com/m00nk0d3/grove/cmd/grove/renderer.go:173.4,174.1 1 0
github.com/m00nk0d3/grove/cmd/grove/renderer.go:176.2,177.34 2 1
github.com/m00nk0d3/grove/cmd/grove/renderer.go:178.3,179.38 2 0
github.com/m00nk0d3/grove/cmd/grove/renderer.go:180.4,181.1 1 0
github.com/m00nk0d3/grove/cmd/grove/renderer.go:182.3,182.36 1 0
github.com/m00nk0d3/grove/cmd/grove/renderer.go:183.4,184.1 1 0
github.com/m00nk0d3/grove/cmd/grove/renderer.go:185.3,185.27 1 0
github.com/m00nk0d3/grove/cmd/grove/renderer.go:186.4,187.1 1 0
github.com/m00nk0d3/grove/cmd/grove/renderer.go:187.10,187.24 1 0
github.com/m00nk0d3/grove/cmd/grove/renderer.go:188.4,189.1 1 0
github.com/m00nk0d3/grove/cmd/grove/renderer.go:189.10,189.47 1 0
github.com/m00nk0d3/grove/cmd/grove/renderer.go:190.4,191.44 2 0
github.com/m00nk0d3/grove/cmd/grove/renderer.go:192.5,193.1 1 0
github.com/m00nk0d3/grove/cmd/grove/renderer.go:194.4,194.66 1 0
github.com/m00nk0d3/grove/cmd/grove/renderer.go:196.4,197.1 1 0
github.com/m00nk0d3/grove/cmd/grove/renderer.go:199.2,200.25 2 1
github.com/m00nk0d3/grove/cmd/grove/renderer.go:201.3,202.49 2 1
github.com/m00nk0d3/grove/cmd/grove/renderer.go:203.4,204.1 1 0
github.com/m00nk0d3/grove/cmd/grove/renderer.go:205.3,205.47 1 1
github.com/m00nk0d3/grove/cmd/grove/renderer.go:206.4,207.1 1 0
github.com/m00nk0d3/grove/cmd/grove/renderer.go:208.3,208.27 1 1
github.com/m00nk0d3/grove/cmd/grove/renderer.go:209.4,210.1 1 0
github.com/m00nk0d3/grove/cmd/grove/renderer.go:210.10,210.24 1 1
github.com/m00nk0d3/grove/cmd/grove/renderer.go:211.4,212.1 1 1
github.com/m00nk0d3/grove/cmd/grove/renderer.go:212.10,212.58 1 0
github.com/m00nk0d3/grove/cmd/grove/renderer.go:213.4,214.55 2 0
github.com/m00nk0d3/grove/cmd/grove/renderer.go:215.5,216.1 1 0
github.com/m00nk0d3/grove/cmd/grove/renderer.go:217.4,217.73 1 0
github.com/m00nk0d3/grove/cmd/grove/renderer.go:219.4,220.1 1 0
github.com/m00nk0d3/grove/cmd/grove/renderer.go:223.2,225.1 5 1
github.com/m00nk0d3/grove/cmd/grove/renderer.go:226.2,228.25 5 1
github.com/m00nk0d3/grove/cmd/grove/renderer.go:229.3,230.1 1 1
github.com/m00nk0d3/grove/cmd/grove/renderer.go:231.2,232.25 2 1
github.com/m00nk0d3/grove/cmd/grove/renderer.go:233.3,234.1 1 1
github.com/m00nk0d3/grove/cmd/grove/renderer.go:235.2,235.14 1 1
github.com/m00nk0d3/grove/cmd/grove/renderer.go:237.3,237.179 1 1
github.com/m00nk0d3/grove/cmd/grove/renderer.go:239.3,239.129 1 1
github.com/m00nk0d3/grove/cmd/grove/renderer.go:241.3,241.95 1 1
github.com/m00nk0d3/grove/cmd/grove/renderer.go:243.3,243.77 1 1
github.com/m00nk0d3/grove/cmd/grove/renderer.go:245.3,245.116 1 1
github.com/m00nk0d3/grove/cmd/grove/renderer.go:248.2,249.25 2 1
github.com/m00nk0d3/grove/cmd/grove/renderer.go:250.3,251.1 1 1
github.com/m00nk0d3/grove/cmd/grove/renderer.go:252.2,268.1 6 1
github.com/m00nk0d3/grove/cmd/grove/renderer.go:269.2,269.81 6 1
github.com/m00nk0d3/grove/cmd/grove/renderer.go:275.2,278.25 4 1
github.com/m00nk0d3/grove/cmd/grove/renderer.go:279.3,281.32 3 1
github.com/m00nk0d3/grove/cmd/grove/renderer.go:282.4,283.1 1 1
github.com/m00nk0d3/grove/cmd/grove/renderer.go:286.2,288.23 3 1
github.com/m00nk0d3/grove/cmd/grove/renderer.go:289.3,289.36 1 1
github.com/m00nk0d3/grove/cmd/grove/renderer.go:290.4,290.71 1 1
github.com/m00nk0d3/grove/cmd/grove/renderer.go:291.5,292.1 1 0
github.com/m00nk0d3/grove/cmd/grove/renderer.go:295.2,301.1 14 1
github.com/m00nk0d3/grove/cmd/grove/renderer.go:302.2,306.1 14 1
github.com/m00nk0d3/grove/cmd/grove/renderer.go:307.2,317.24 14 1
github.com/m00nk0d3/grove/cmd/grove/renderer.go:318.3,319.1 1 1
github.com/m00nk0d3/grove/cmd/grove/renderer.go:320.3,321.1 1 1
github.com/m00nk0d3/grove/cmd/grove/renderer.go:322.2,323.1 3 1
github.com/m00nk0d3/grove/cmd/grove/renderer.go:324.2,325.20 3 1
github.com/m00nk0d3/grove/cmd/grove/renderer.go:326.3,327.1 1 1
github.com/m00nk0d3/grove/cmd/grove/renderer.go:328.2,333.1 7 1
github.com/m00nk0d3/grove/cmd/grove/renderer.go:334.2,336.1 7 1
github.com/m00nk0d3/grove/cmd/grove/renderer.go:337.2,340.20 7 1
github.com/m00nk0d3/grove/cmd/grove/renderer.go:341.3,342.1 1 1
github.com/m00nk0d3/grove/cmd/grove/renderer.go:343.2,349.1 9 1
github.com/m00nk0d3/grove/cmd/grove/renderer.go:350.2,352.42 9 1
github.com/m00nk0d3/grove/cmd/grove/renderer.go:353.3,354.1 1 1
github.com/m00nk0d3/grove/cmd/grove/renderer.go:355.3,356.1 1 1
github.com/m00nk0d3/grove/cmd/grove/renderer.go:357.2,365.42 9 1
github.com/m00nk0d3/grove/cmd/grove/renderer.go:366.3,367.1 1 1
github.com/m00nk0d3/grove/cmd/grove/renderer.go:368.2,368.41 1 1
github.com/m00nk0d3/grove/cmd/grove/renderer.go:369.3,370.1 1 1
github.com/m00nk0d3/grove/cmd/grove/renderer.go:371.2,373.1 5 1
github.com/m00nk0d3/grove/cmd/grove/renderer.go:375.2,377.31 5 1
github.com/m00nk0d3/grove/cmd/grove/renderer.go:378.3,380.136 3 1
github.com/m00nk0d3/grove/cmd/grove/renderer.go:381.4,382.1 1 0
github.com/m00nk0d3/grove/cmd/grove/renderer.go:383.3,384.27 2 1
github.com/m00nk0d3/grove/cmd/grove/renderer.go:385.4,386.1 1 0
github.com/m00nk0d3/grove/cmd/grove/renderer.go:386.10,386.40 1 1
github.com/m00nk0d3/grove/cmd/grove/renderer.go:387.4,388.1 1 0
github.com/m00nk0d3/grove/cmd/grove/renderer.go:389.3,390.1 2 1
github.com/m00nk0d3/grove/cmd/grove/renderer.go:392.3,392.43 2 1
github.com/m00nk0d3/grove/cmd/grove/renderer.go:393.4,393.66 1 1
github.com/m00nk0d3/grove/cmd/grove/renderer.go:394.5,395.1 1 0
github.com/m00nk0d3/grove/cmd/grove/renderer.go:397.3,398.21 2 1
github.com/m00nk0d3/grove/cmd/grove/renderer.go:399.4,400.1 1 0
github.com/m00nk0d3/grove/cmd/grove/renderer.go:401.3,402.41 2 1
github.com/m00nk0d3/grove/cmd/grove/renderer.go:403.4,404.1 1 1
github.com/m00nk0d3/grove/cmd/grove/renderer.go:405.3,413.25 3 1
github.com/m00nk0d3/grove/cmd/grove/renderer.go:415.2,415.17 1 1
github.com/m00nk0d3/grove/cmd/grove/renderer.go:416.3,421.1 2 1
github.com/m00nk0d3/grove/cmd/grove/renderer.go:422.2,422.24 1 1
github.com/m00nk0d3/grove/cmd/grove/renderer.go:423.3,425.1 2 1
github.com/m00nk0d3/grove/cmd/grove/renderer.go:427.2,428.14 2 1
github.com/m00nk0d3/grove/cmd/grove/renderer.go:429.3,430.1 1 0
github.com/m00nk0d3/grove/cmd/grove/renderer.go:431.2,431.21 1 1
github.com/m00nk0d3/grove/cmd/grove/renderer.go:432.3,432.24 1 1
github.com/m00nk0d3/grove/cmd/grove/renderer.go:433.4,436.1 3 1
github.com/m00nk0d3/grove/cmd/grove/renderer.go:443.3,445.40 3 1
github.com/m00nk0d3/grove/cmd/grove/renderer.go:448.2,448.67 1 1
github.com/m00nk0d3/grove/cmd/grove/renderer.go:452.2,453.1 1 1
github.com/m00nk0d3/grove/cmd/grove/renderer.go:456.2,456.84 1 1
github.com/m00nk0d3/grove/cmd/grove/renderer.go:457.3,457.68 1 1
github.com/m00nk0d3/grove/cmd/grove/renderer.go:458.4,459.1 1 1
github.com/m00nk0d3/grove/cmd/grove/renderer.go:460.3,460.23 1 1
github.com/m00nk0d3/grove/cmd/grove/renderer.go:461.4,462.1 1 1
github.com/m00nk0d3/grove/cmd/grove/renderer.go:463.3,464.18 2 1
github.com/m00nk0d3/grove/cmd/grove/renderer.go:465.4,466.1 1 1
github.com/m00nk0d3/grove/cmd/grove/renderer.go:467.3,467.26 1 1
github.com/m00nk0d3/grove/cmd/grove/renderer.go:472.2,472.34 1 1
github.com/m00nk0d3/grove/cmd/grove/renderer.go:473.3,474.1 1 1
github.com/m00nk0d3/grove/cmd/grove/renderer.go:475.2,475.44 1 1
github.com/m00nk0d3/grove/cmd/grove/renderer.go:479.2,479.18 1 1
github.com/m00nk0d3/grove/cmd/grove/renderer.go:480.3,481.1 1 1
github.com/m00nk0d3/grove/cmd/grove/renderer.go:482.2,484.39 3 1
github.com/m00nk0d3/grove/cmd/grove/renderer.go:485.3,485.49 1 1
github.com/m00nk0d3/grove/cmd/grove/renderer.go:486.4,486.12 1 0
github.com/m00nk0d3/grove/cmd/grove/renderer.go:488.3,488.49 1 1
github.com/m00nk0d3/grove/cmd/grove/renderer.go:489.4,489.34 1 0
github.com/m00nk0d3/grove/cmd/grove/renderer.go:490.5,490.13 1 0
github.com/m00nk0d3/grove/cmd/grove/renderer.go:492.4,492.40 1 0
github.com/m00nk0d3/grove/cmd/grove/renderer.go:493.5,493.13 1 0
github.com/m00nk0d3/grove/cmd/grove/renderer.go:495.4,497.53 3 0
github.com/m00nk0d3/grove/cmd/grove/renderer.go:499.3,499.57 1 1
github.com/m00nk0d3/grove/cmd/grove/renderer.go:500.4,508.1 1 1
github.com/m00nk0d3/grove/cmd/grove/renderer.go:510.2,510.46 1 1
github.com/m00nk0d3/grove/cmd/grove/renderer.go:511.3,511.33 1 1
github.com/m00nk0d3/grove/cmd/grove/renderer.go:512.4,512.12 1 1
github.com/m00nk0d3/grove/cmd/grove/renderer.go:514.3,514.39 1 1
github.com/m00nk0d3/grove/cmd/grove/renderer.go:515.4,515.12 1 1
github.com/m00nk0d3/grove/cmd/grove/renderer.go:517.3,517.56 1 1
github.com/m00nk0d3/grove/cmd/grove/renderer.go:518.4,518.12 1 0
github.com/m00nk0d3/grove/cmd/grove/renderer.go:520.3,526.5 1 1
github.com/m00nk0d3/grove/cmd/grove/renderer.go:528.2,528.17 1 1
github.com/m00nk0d3/grove/cmd/grove/renderer.go:532.2,532.87 1 1
github.com/m00nk0d3/grove/cmd/grove/renderer.go:533.3,534.1 1 1
github.com/m00nk0d3/grove/cmd/grove/renderer.go:535.2,536.17 2 1
github.com/m00nk0d3/grove/cmd/grove/renderer.go:537.3,538.1 1 1
github.com/m00nk0d3/grove/cmd/grove/renderer.go:539.2,539.40 1 1
github.com/m00nk0d3/grove/cmd/grove/renderer.go:559.2,559.20 1 1
github.com/m00nk0d3/grove/cmd/grove/renderer.go:560.3,561.1 1 0
github.com/m00nk0d3/grove/cmd/grove/renderer.go:562.2,565.44 4 1
github.com/m00nk0d3/grove/cmd/grove/renderer.go:566.3,567.1 1 0
github.com/m00nk0d3/grove/cmd/grove/renderer.go:568.2,568.34 1 1
github.com/m00nk0d3/grove/cmd/grove/renderer.go:580.2,580.21 1 1
github.com/m00nk0d3/grove/cmd/grove/renderer.go:581.3,582.1 1 0
github.com/m00nk0d3/grove/cmd/grove/renderer.go:583.2,584.15 2 1
github.com/m00nk0d3/grove/cmd/grove/renderer.go:585.3,586.1 1 1
github.com/m00nk0d3/grove/cmd/grove/renderer.go:587.2,587.19 1 1
github.com/m00nk0d3/grove/cmd/grove/renderer.go:588.3,589.1 1 1
github.com/m00nk0d3/grove/cmd/grove/renderer.go:590.2,590.16 1 1
github.com/m00nk0d3/grove/cmd/grove/renderer.go:591.3,592.1 1 1
github.com/m00nk0d3/grove/cmd/grove/renderer.go:598.2,599.25 2 1
github.com/m00nk0d3/grove/cmd/grove/renderer.go:600.3,601.1 1 1
github.com/m00nk0d3/grove/cmd/grove/renderer.go:602.2,602.15 1 1
github.com/m00nk0d3/grove/cmd/grove/renderer.go:603.3,604.1 1 1
github.com/m00nk0d3/grove/cmd/grove/renderer.go:605.2,605.21 1 1
github.com/m00nk0d3/grove/cmd/grove/renderer.go:614.2,615.20 2 1
github.com/m00nk0d3/grove/cmd/grove/renderer.go:616.3,617.1 1 1
github.com/m00nk0d3/grove/cmd/grove/renderer.go:620.2,620.87 1 1
github.com/m00nk0d3/grove/cmd/grove/renderer.go:627.2,628.21 2 1
github.com/m00nk0d3/grove/cmd/grove/renderer.go:629.3,630.1 1 1
github.com/m00nk0d3/grove/cmd/grove/renderer.go:631.2,631.67 1 1
github.com/m00nk0d3/grove/cmd/grove/renderer.go:639.2,639.49 1 1
github.com/m00nk0d3/grove/cmd/grove/renderer.go:640.3,641.1 1 1
github.com/m00nk0d3/grove/cmd/grove/renderer.go:642.2,643.15 2 1
github.com/m00nk0d3/grove/cmd/grove/renderer.go:644.3,645.1 1 1
github.com/m00nk0d3/grove/cmd/grove/renderer.go:646.2,646.18 1 1
github.com/m00nk0d3/grove/cmd/grove/renderer.go:647.3,648.1 1 0
github.com/m00nk0d3/grove/cmd/grove/renderer.go:651.2,652.47 2 1
github.com/m00nk0d3/grove/cmd/grove/renderer.go:653.3,654.1 1 1
github.com/m00nk0d3/grove/cmd/grove/renderer.go:655.2,655.22 1 1
github.com/m00nk0d3/grove/cmd/grove/renderer.go:656.3,657.1 1 0
github.com/m00nk0d3/grove/cmd/grove/renderer.go:658.2,661.23 4 1
github.com/m00nk0d3/grove/cmd/grove/renderer.go:662.3,662.32 1 1
github.com/m00nk0d3/grove/cmd/grove/renderer.go:663.4,664.1 1 1
github.com/m00nk0d3/grove/cmd/grove/renderer.go:665.4,666.1 1 1
github.com/m00nk0d3/grove/cmd/grove/renderer.go:668.2,668.34 1 1
github.com/m00nk0d3/grove/cmd/grove/renderer.go:674.2,674.37 1 1
github.com/m00nk0d3/grove/cmd/grove/renderer.go:675.3,676.1 1 1
github.com/m00nk0d3/grove/cmd/grove/renderer.go:677.2,677.10 1 1
github.com/m00nk0d3/grove/cmd/grove/renderer.go:685.2,686.15 2 1
github.com/m00nk0d3/grove/cmd/grove/renderer.go:687.3,688.1 1 1
github.com/m00nk0d3/grove/cmd/grove/renderer.go:689.2,689.20 1 1
github.com/m00nk0d3/grove/cmd/grove/renderer.go:690.3,691.1 1 1
github.com/m00nk0d3/grove/cmd/grove/renderer.go:692.2,692.57 1 1
github.com/m00nk0d3/grove/cmd/grove/renderer.go:701.2,701.42 1 1
github.com/m00nk0d3/grove/cmd/grove/renderer.go:702.3,703.1 1 1
github.com/m00nk0d3/grove/cmd/grove/renderer.go:704.2,704.35 1 1
github.com/m00nk0d3/grove/cmd/grove/renderer.go:710.2,712.9 3 1
github.com/m00nk0d3/grove/cmd/grove/renderer.go:714.3,714.34 1 1
github.com/m00nk0d3/grove/cmd/grove/renderer.go:716.3,716.49 1 1
github.com/m00nk0d3/grove/cmd/grove/renderer.go:718.3,718.40 1 1
github.com/m00nk0d3/grove/cmd/grove/renderer.go:720.3,720.39 1 1
github.com/m00nk0d3/grove/cmd/grove/renderer.go:725.2,728.1 3 1
github.com/m00nk0d3/grove/cmd/grove/renderer.go:731.2,734.42 4 0
github.com/m00nk0d3/grove/cmd/grove/renderer.go:735.3,735.44 1 0
github.com/m00nk0d3/grove/cmd/grove/renderer.go:736.4,738.1 2 0
github.com/m00nk0d3/grove/cmd/grove/renderer.go:740.2,740.40 1 0
github.com/m00nk0d3/grove/cmd/grove/renderer.go:741.3,741.42 1 0
github.com/m00nk0d3/grove/cmd/grove/renderer.go:742.4,743.9 2 0
github.com/m00nk0d3/grove/cmd/grove/renderer.go:746.2,746.18 1 0
github.com/m00nk0d3/grove/cmd/grove/renderer.go:747.3,748.1 1 0
github.com/m00nk0d3/grove/cmd/grove/renderer.go:749.2,750.16 2 0
github.com/m00nk0d3/grove/cmd/grove/renderer.go:751.3,752.1 1 0
github.com/m00nk0d3/grove/cmd/grove/renderer.go:753.2,761.1 1 0
github.com/m00nk0d3/grove/cmd/grove/renderer.go:765.2,765.26 1 1
github.com/m00nk0d3/grove/cmd/grove/renderer.go:766.3,767.1 1 1
github.com/m00nk0d3/grove/cmd/grove/renderer.go:768.2,768.31 1 1
github.com/m00nk0d3/grove/cmd/grove/renderer.go:769.3,770.1 1 1
github.com/m00nk0d3/grove/cmd/grove/renderer.go:771.2,771.26 1 1
github.com/m00nk0d3/grove/cmd/grove/renderer.go:772.3,773.1 1 1
github.com/m00nk0d3/grove/cmd/grove/renderer.go:774.2,774.19 1 0
github.com/m00nk0d3/grove/cmd/grove/renderer.go:778.2,778.26 1 1
github.com/m00nk0d3/grove/cmd/grove/renderer.go:779.3,780.1 1 1
github.com/m00nk0d3/grove/cmd/grove/renderer.go:781.2,781.28 1 1
github.com/m00nk0d3/grove/cmd/grove/renderer.go:785.2,785.48 1 1
github.com/m00nk0d3/grove/cmd/grove/renderer.go:786.3,786.34 1 0
github.com/m00nk0d3/grove/cmd/grove/renderer.go:787.4,788.1 1 0
github.com/m00nk0d3/grove/cmd/grove/renderer.go:790.2,790.40 1 1
github.com/m00nk0d3/grove/cmd/grove/renderer.go:791.3,791.21 1 0
github.com/m00nk0d3/grove/cmd/grove/renderer.go:792.4,793.1 1 0
github.com/m00nk0d3/grove/cmd/grove/renderer.go:795.2,795.11 1 1
github.com/m00nk0d3/grove/cmd/grove/renderer.go:799.2,799.25 1 1
github.com/m00nk0d3/grove/cmd/grove/renderer.go:800.3,801.1 1 0
github.com/m00nk0d3/grove/cmd/grove/renderer.go:802.2,802.31 1 1
github.com/m00nk0d3/grove/cmd/grove/renderer.go:803.3,804.1 1 0
github.com/m00nk0d3/grove/cmd/grove/renderer.go:805.2,805.11 1 1
github.com/m00nk0d3/grove/cmd/grove/renderer.go:809.2,809.24 1 1
github.com/m00nk0d3/grove/cmd/grove/renderer.go:810.3,811.1 1 1
github.com/m00nk0d3/grove/cmd/grove/renderer.go:812.2,812.29 1 1
github.com/m00nk0d3/grove/cmd/grove/renderer.go:813.3,813.41 1 1
github.com/m00nk0d3/grove/cmd/grove/renderer.go:814.4,815.1 1 1
github.com/m00nk0d3/grove/cmd/grove/renderer.go:817.2,817.11 1 1
github.com/m00nk0d3/grove/cmd/grove/renderer.go:821.2,821.15 1 1
github.com/m00nk0d3/grove/cmd/grove/renderer.go:822.3,823.1 1 0
github.com/m00nk0d3/grove/cmd/grove/renderer.go:824.2,831.90 3 1
github.com/m00nk0d3/grove/cmd/grove/renderer.go:835.2,836.30 2 1
github.com/m00nk0d3/grove/cmd/grove/renderer.go:837.3,838.1 1 0
github.com/m00nk0d3/grove/cmd/grove/renderer.go:839.2,839.20 1 1
github.com/m00nk0d3/grove/cmd/grove/renderer.go:840.3,841.1 1 0
github.com/m00nk0d3/grove/cmd/grove/renderer.go:842.2,843.37 2 1
github.com/m00nk0d3/grove/cmd/grove/renderer.go:844.3,845.1 1 0
github.com/m00nk0d3/grove/cmd/grove/renderer.go:846.2,848.66 3 1
github.com/m00nk0d3/grove/cmd/grove/renderer.go:852.2,853.37 2 1
github.com/m00nk0d3/grove/cmd/grove/renderer.go:854.3,855.1 1 1
github.com/m00nk0d3/grove/cmd/grove/renderer.go:856.2,856.17 1 1
github.com/m00nk0d3/grove/cmd/grove/renderer.go:860.2,861.31 2 1
github.com/m00nk0d3/grove/cmd/grove/renderer.go:862.3,863.1 1 0
github.com/m00nk0d3/grove/cmd/grove/renderer.go:864.2,864.17 1 1
github.com/m00nk0d3/grove/cmd/grove/renderer.go:868.2,869.34 2 1
github.com/m00nk0d3/grove/cmd/grove/renderer.go:870.3,870.36 1 1
github.com/m00nk0d3/grove/cmd/grove/renderer.go:871.4,871.44 1 1
github.com/m00nk0d3/grove/cmd/grove/renderer.go:872.5,873.10 2 0
github.com/m00nk0d3/grove/cmd/grove/renderer.go:877.2,877.14 1 1
github.com/m00nk0d3/grove/cmd/grove/renderer.go:881.2,886.1 1 1
github.com/m00nk0d3/grove/cmd/grove/renderer.go:889.2,889.42 1 1
github.com/m00nk0d3/grove/cmd/grove/renderer.go:891.3,891.14 1 1
github.com/m00nk0d3/grove/cmd/grove/renderer.go:893.3,893.15 1 0
github.com/m00nk0d3/grove/cmd/grove/renderer.go:898.2,898.18 1 1
github.com/m00nk0d3/grove/cmd/grove/renderer.go:899.3,900.1 1 0
github.com/m00nk0d3/grove/cmd/grove/renderer.go:901.2,901.15 1 1
github.com/m00nk0d3/grove/cmd/grove/renderer.go:905.2,905.11 1 1
github.com/m00nk0d3/grove/cmd/grove/renderer.go:906.3,907.1 1 1
github.com/m00nk0d3/grove/cmd/grove/renderer.go:908.2,908.10 1 1
github.com/m00nk0d3/grove/cmd/grove/renderer.go:912.2,912.20 1 1
github.com/m00nk0d3/grove/cmd/grove/renderer.go:913.3,914.1 1 1
github.com/m00nk0d3/grove/cmd/grove/renderer.go:915.2,919.24 2 1
github.com/m00nk0d3/grove/cmd/grove/renderer.go:920.3,921.1 1 1
github.com/m00nk0d3/grove/cmd/grove/renderer.go:922.2,923.76 2 1
github.com/m00nk0d3/grove/cmd/grove/renderer.go:930.2,930.54 1 1
github.com/m00nk0d3/grove/cmd/grove/renderer.go:931.3,932.1 1 1
github.com/m00nk0d3/grove/cmd/grove/renderer.go:933.2,933.61 1 1
github.com/m00nk0d3/grove/cmd/grove/renderer.go:937.2,939.39 3 1
github.com/m00nk0d3/grove/cmd/grove/renderer.go:940.3,942.28 3 1
github.com/m00nk0d3/grove/cmd/grove/renderer.go:943.4,944.1 1 1
github.com/m00nk0d3/grove/cmd/grove/renderer.go:945.3,945.73 1 1
github.com/m00nk0d3/grove/cmd/grove/renderer.go:947.2,948.14 2 1
github.com/m00nk0d3/grove/cmd/grove/renderer.go:949.3,950.1 1 1
github.com/m00nk0d3/grove/cmd/grove/renderer.go:951.2,951.21 1 1
github.com/m00nk0d3/grove/cmd/grove/renderer.go:952.3,953.1 1 1
github.com/m00nk0d3/grove/cmd/grove/renderer.go:954.2,954.67 1 1
github.com/m00nk0d3/grove/cmd/grove/renderer.go:958.2,966.1 4 1
github.com/m00nk0d3/grove/cmd/grove/renderer.go:968.2,970.21 4 1
github.com/m00nk0d3/grove/cmd/grove/renderer.go:971.3,974.1 3 1
github.com/m00nk0d3/grove/cmd/grove/renderer.go:976.2,978.16 3 1
github.com/m00nk0d3/grove/cmd/grove/renderer.go:979.3,980.1 1 1
github.com/m00nk0d3/grove/cmd/grove/renderer.go:982.2,985.1 3 1
github.com/m00nk0d3/grove/cmd/grove/renderer.go:986.2,987.29 3 1
github.com/m00nk0d3/grove/cmd/grove/renderer.go:988.3,989.32 2 1
github.com/m00nk0d3/grove/cmd/grove/renderer.go:990.4,991.1 1 1
github.com/m00nk0d3/grove/cmd/grove/renderer.go:992.3,994.25 3 1
github.com/m00nk0d3/grove/cmd/grove/renderer.go:995.4,997.1 2 1
github.com/m00nk0d3/grove/cmd/grove/renderer.go:998.3,999.19 2 1
github.com/m00nk0d3/grove/cmd/grove/renderer.go:1000.4,1001.1 1 1
github.com/m00nk0d3/grove/cmd/grove/renderer.go:1002.3,1002.16 1 1
github.com/m00nk0d3/grove/cmd/grove/renderer.go:1003.4,1004.1 1 1
github.com/m00nk0d3/grove/cmd/grove/renderer.go:1005.3,1013.1 1 1
github.com/m00nk0d3/grove/cmd/grove/renderer.go:1016.2,1020.1 5 1
github.com/m00nk0d3/grove/cmd/grove/renderer.go:1021.2,1021.48 5 1
github.com/m00nk0d3/grove/cmd/grove/renderer.go:1022.3,1023.14 2 1
github.com/m00nk0d3/grove/cmd/grove/renderer.go:1025.4,1025.76 1 1
github.com/m00nk0d3/grove/cmd/grove/renderer.go:1027.4,1027.74 1 1
github.com/m00nk0d3/grove/cmd/grove/renderer.go:1029.4,1029.74 1 1
github.com/m00nk0d3/grove/cmd/grove/renderer.go:1031.4,1031.77 1 1
github.com/m00nk0d3/grove/cmd/grove/renderer.go:1033.4,1033.78 1 1
github.com/m00nk0d3/grove/cmd/grove/renderer.go:1035.4,1035.75 1 1
github.com/m00nk0d3/grove/cmd/grove/renderer.go:1037.4,1037.30 1 0
github.com/m00nk0d3/grove/cmd/grove/renderer.go:1039.3,1039.32 1 1
github.com/m00nk0d3/grove/cmd/grove/renderer.go:1040.4,1041.1 1 1
github.com/m00nk0d3/grove/cmd/grove/renderer.go:1042.3,1042.44 1 1
github.com/m00nk0d3/grove/cmd/grove/renderer.go:1043.4,1047.1 1 1
github.com/m00nk0d3/grove/cmd/grove/renderer.go:1048.3,1048.15 1 1
github.com/m00nk0d3/grove/cmd/grove/renderer.go:1049.4,1051.1 2 1
github.com/m00nk0d3/grove/cmd/grove/renderer.go:1052.3,1052.45 1 1
github.com/m00nk0d3/grove/cmd/grove/renderer.go:1053.4,1054.1 1 1
github.com/m00nk0d3/grove/cmd/grove/renderer.go:1055.3,1055.57 1 1
github.com/m00nk0d3/grove/cmd/grove/renderer.go:1058.2,1066.1 2 1
github.com/m00nk0d3/grove/cmd/grove/renderer.go:1067.2,1067.28 2 1
github.com/m00nk0d3/grove/cmd/grove/renderer.go:1068.3,1069.1 1 1
github.com/m00nk0d3/grove/cmd/grove/renderer.go:1071.2,1072.1 3 1
github.com/m00nk0d3/grove/cmd/grove/renderer.go:1073.2,1074.14 3 1
github.com/m00nk0d3/grove/cmd/grove/renderer.go:1075.3,1076.1 1 0
github.com/m00nk0d3/grove/cmd/grove/renderer.go:1077.2,1077.21 1 1
github.com/m00nk0d3/grove/cmd/grove/renderer.go:1078.3,1079.1 1 1
github.com/m00nk0d3/grove/cmd/grove/renderer.go:1080.2,1080.36 1 1
github.com/m00nk0d3/grove/cmd/grove/renderer.go:1084.2,1085.14 2 1
github.com/m00nk0d3/grove/cmd/grove/renderer.go:1087.3,1087.102 1 1
github.com/m00nk0d3/grove/cmd/grove/renderer.go:1089.3,1089.66 1 1
github.com/m00nk0d3/grove/cmd/grove/renderer.go:1090.4,1091.1 1 0
github.com/m00nk0d3/grove/cmd/grove/renderer.go:1092.4,1095.1 6 1
github.com/m00nk0d3/grove/cmd/grove/renderer.go:1096.4,1098.18 6 1
github.com/m00nk0d3/grove/cmd/grove/renderer.go:1099.5,1100.1 1 1
github.com/m00nk0d3/grove/cmd/grove/renderer.go:1103.4,1104.31 2 1
github.com/m00nk0d3/grove/cmd/grove/renderer.go:1105.5,1106.1 1 0
github.com/m00nk0d3/grove/cmd/grove/renderer.go:1106.11,1106.54 1 1
github.com/m00nk0d3/grove/cmd/grove/renderer.go:1107.5,1108.1 1 0
github.com/m00nk0d3/grove/cmd/grove/renderer.go:1109.4,1110.47 2 1
github.com/m00nk0d3/grove/cmd/grove/renderer.go:1111.5,1112.1 1 0
github.com/m00nk0d3/grove/cmd/grove/renderer.go:1113.4,1115.186 3 1
github.com/m00nk0d3/grove/cmd/grove/renderer.go:1118.3,1118.54 1 1
github.com/m00nk0d3/grove/cmd/grove/renderer.go:1119.4,1120.1 1 0
github.com/m00nk0d3/grove/cmd/grove/renderer.go:1121.4,1123.18 3 1
github.com/m00nk0d3/grove/cmd/grove/renderer.go:1124.5,1125.1 1 0
github.com/m00nk0d3/grove/cmd/grove/renderer.go:1126.4,1128.18 3 1
github.com/m00nk0d3/grove/cmd/grove/renderer.go:1129.5,1130.1 1 1
github.com/m00nk0d3/grove/cmd/grove/renderer.go:1131.4,1134.1 6 1
github.com/m00nk0d3/grove/cmd/grove/renderer.go:1135.4,1137.58 6 1
github.com/m00nk0d3/grove/cmd/grove/renderer.go:1138.5,1139.1 1 1
github.com/m00nk0d3/grove/cmd/grove/renderer.go:1140.4,1141.20 2 1
github.com/m00nk0d3/grove/cmd/grove/renderer.go:1142.5,1143.1 1 1
github.com/m00nk0d3/grove/cmd/grove/renderer.go:1144.4,1157.5 2 1
github.com/m00nk0d3/grove/cmd/grove/renderer.go:1160.3,1160.34 1 1
github.com/m00nk0d3/grove/cmd/grove/renderer.go:1161.4,1162.1 1 1
github.com/m00nk0d3/grove/cmd/grove/renderer.go:1163.4,1164.1 1 1
github.com/m00nk0d3/grove/cmd/grove/renderer.go:1166.3,1166.78 1 1
github.com/m00nk0d3/grove/cmd/grove/renderer.go:1167.4,1168.1 1 1
github.com/m00nk0d3/grove/cmd/grove/renderer.go:1169.4,1171.26 3 1
github.com/m00nk0d3/grove/cmd/grove/renderer.go:1172.5,1173.1 7 1
github.com/m00nk0d3/grove/cmd/grove/renderer.go:1174.5,1179.19 7 1
github.com/m00nk0d3/grove/cmd/grove/renderer.go:1180.6,1181.1 1 1
github.com/m00nk0d3/grove/cmd/grove/renderer.go:1182.5,1185.6 1 1
github.com/m00nk0d3/grove/cmd/grove/renderer.go:1187.5,1194.1 4 1
github.com/m00nk0d3/grove/cmd/grove/renderer.go:1195.4,1195.39 1 1
github.com/m00nk0d3/grove/cmd/grove/renderer.go:1198.2,1198.22 1 1
github.com/m00nk0d3/grove/cmd/grove/renderer.go:1199.3,1200.1 1 1
github.com/m00nk0d3/grove/cmd/grove/renderer.go:1201.2,1202.14 2 1
github.com/m00nk0d3/grove/cmd/grove/renderer.go:1203.3,1204.1 1 1
github.com/m00nk0d3/grove/cmd/grove/renderer.go:1205.2,1205.21 1 1
github.com/m00nk0d3/grove/cmd/grove/renderer.go:1206.3,1207.1 2 1
github.com/m00nk0d3/grove/cmd/grove/renderer.go:1210.3,1211.1 2 1
github.com/m00nk0d3/grove/cmd/grove/renderer.go:1212.2,1212.39 1 1
github.com/m00nk0d3/grove/cmd/grove/renderer.go:1216.2,1224.1 7 1
github.com/m00nk0d3/grove/cmd/grove/renderer.go:1225.2,1227.13 7 1
github.com/m00nk0d3/grove/cmd/grove/renderer.go:1228.3,1230.1 2 1
github.com/m00nk0d3/grove/cmd/grove/renderer.go:1231.3,1233.1 2 1
github.com/m00nk0d3/grove/cmd/grove/renderer.go:1235.2,1236.29 2 1
github.com/m00nk0d3/grove/cmd/grove/renderer.go:1237.3,1238.1 1 1
github.com/m00nk0d3/grove/cmd/grove/renderer.go:1239.2,1240.31 2 1
github.com/m00nk0d3/grove/cmd/grove/renderer.go:1241.3,1243.17 3 1
github.com/m00nk0d3/grove/cmd/grove/renderer.go:1244.4,1245.1 1 0
github.com/m00nk0d3/grove/cmd/grove/renderer.go:1246.3,1249.32 4 1
github.com/m00nk0d3/grove/cmd/grove/renderer.go:1250.4,1251.12 2 1
github.com/m00nk0d3/grove/cmd/grove/renderer.go:1253.3,1253.74 1 1
github.com/m00nk0d3/grove/cmd/grove/renderer.go:1255.2,1255.40 1 1
github.com/m00nk0d3/grove/cmd/grove/renderer.go:1256.3,1259.1 2 1
github.com/m00nk0d3/grove/cmd/grove/renderer.go:1260.2,1260.13 1 1
github.com/m00nk0d3/grove/cmd/grove/renderer.go:1261.3,1264.1 2 1
github.com/m00nk0d3/grove/cmd/grove/renderer.go:1265.2,1265.19 1 1
github.com/m00nk0d3/grove/cmd/grove/renderer.go:1269.2,1271.1 9 1
github.com/m00nk0d3/grove/cmd/grove/renderer.go:1272.2,1278.25 9 1
github.com/m00nk0d3/grove/cmd/grove/renderer.go:1279.3,1285.1 6 1
github.com/m00nk0d3/grove/cmd/grove/renderer.go:1287.2,1298.1 23 1
github.com/m00nk0d3/grove/cmd/grove/renderer.go:1299.2,1307.1 23 1
github.com/m00nk0d3/grove/cmd/grove/renderer.go:1308.2,1311.24 23 1
github.com/m00nk0d3/grove/cmd/grove/renderer.go:1312.3,1313.1 1 1
github.com/m00nk0d3/grove/cmd/grove/renderer.go:1314.3,1315.1 1 1
github.com/m00nk0d3/grove/cmd/grove/renderer.go:1316.2,1316.24 1 1
github.com/m00nk0d3/grove/cmd/grove/renderer.go:1317.3,1319.1 2 1
github.com/m00nk0d3/grove/cmd/grove/renderer.go:1320.3,1320.36 1 0
github.com/m00nk0d3/grove/cmd/grove/renderer.go:1321.4,1321.14 1 0
github.com/m00nk0d3/grove/cmd/grove/renderer.go:1322.5,1323.10 2 0
github.com/m00nk0d3/grove/cmd/grove/renderer.go:1325.4,1327.23 3 0
github.com/m00nk0d3/grove/cmd/grove/renderer.go:1331.2,1334.19 4 1
github.com/m00nk0d3/grove/cmd/grove/renderer.go:1338.2,1341.50 4 1
github.com/m00nk0d3/grove/cmd/grove/renderer.go:1342.3,1344.1 2 0
github.com/m00nk0d3/grove/cmd/grove/renderer.go:1344.9,1344.24 1 1
github.com/m00nk0d3/grove/cmd/grove/renderer.go:1345.3,1346.1 1 1
github.com/m00nk0d3/grove/cmd/grove/renderer.go:1347.2,1347.29 1 1
github.com/m00nk0d3/grove/cmd/grove/renderer.go:1348.3,1350.1 2 0
github.com/m00nk0d3/grove/cmd/grove/renderer.go:1351.2,1351.17 1 1
github.com/m00nk0d3/grove/cmd/grove/renderer.go:1352.3,1353.1 1 0
github.com/m00nk0d3/grove/cmd/grove/renderer.go:1354.2,1355.116 2 1
github.com/m00nk0d3/grove/cmd/grove/renderer.go:1359.2,1360.23 2 1
github.com/m00nk0d3/grove/cmd/grove/renderer.go:1361.3,1362.1 1 1
github.com/m00nk0d3/grove/cmd/grove/renderer.go:1363.2,1363.21 1 0
github.com/m00nk0d3/grove/cmd/grove/renderer.go:1364.3,1365.1 1 0
github.com/m00nk0d3/grove/cmd/grove/renderer.go:1366.2,1366.49 1 0
github.com/m00nk0d3/grove/cmd/grove/renderer.go:1381.2,1382.29 2 1
github.com/m00nk0d3/grove/cmd/grove/renderer.go:1383.3,1384.1 1 1
github.com/m00nk0d3/grove/cmd/grove/renderer.go:1387.2,1389.1 3 1
github.com/m00nk0d3/grove/cmd/grove/renderer.go:1390.2,1390.29 3 1
github.com/m00nk0d3/grove/cmd/grove/renderer.go:1391.3,1391.30 1 1
github.com/m00nk0d3/grove/cmd/grove/renderer.go:1392.4,1392.12 1 1
github.com/m00nk0d3/grove/cmd/grove/renderer.go:1394.3,1396.1 3 1
github.com/m00nk0d3/grove/cmd/grove/renderer.go:1398.3,1398.49 3 1
github.com/m00nk0d3/grove/cmd/grove/renderer.go:1399.4,1400.11 2 1
github.com/m00nk0d3/grove/cmd/grove/renderer.go:1401.5,1401.13 1 0
github.com/m00nk0d3/grove/cmd/grove/renderer.go:1403.4,1405.14 3 1
github.com/m00nk0d3/grove/cmd/grove/renderer.go:1406.5,1407.1 1 1
github.com/m00nk0d3/grove/cmd/grove/renderer.go:1408.4,1409.23 2 1
github.com/m00nk0d3/grove/cmd/grove/renderer.go:1414.2,1414.29 1 1
github.com/m00nk0d3/grove/cmd/grove/renderer.go:1415.3,1415.18 1 1
github.com/m00nk0d3/grove/cmd/grove/renderer.go:1416.4,1417.1 1 1
github.com/m00nk0d3/grove/cmd/grove/renderer.go:1419.2,1419.13 1 1
github.com/m00nk0d3/grove/cmd/grove/renderer.go:1424.2,1431.1 4 1
github.com/m00nk0d3/grove/cmd/grove/renderer.go:1432.2,1434.32 4 1
github.com/m00nk0d3/grove/cmd/grove/renderer.go:1435.3,1435.37 1 1
github.com/m00nk0d3/grove/cmd/grove/renderer.go:1436.4,1437.9 2 1
github.com/m00nk0d3/grove/cmd/grove/renderer.go:1443.2,1445.21 3 1
github.com/m00nk0d3/grove/cmd/grove/renderer.go:1446.3,1449.1 3 1
github.com/m00nk0d3/grove/cmd/grove/renderer.go:1453.2,1455.20 3 1
github.com/m00nk0d3/grove/cmd/grove/renderer.go:1456.3,1457.1 1 1
github.com/m00nk0d3/grove/cmd/grove/renderer.go:1460.2,1463.30 4 1
github.com/m00nk0d3/grove/cmd/grove/renderer.go:1464.3,1465.1 3 1
github.com/m00nk0d3/grove/cmd/grove/renderer.go:1467.3,1468.29 3 1
github.com/m00nk0d3/grove/cmd/grove/renderer.go:1469.4,1470.1 1 1
github.com/m00nk0d3/grove/cmd/grove/renderer.go:1471.3,1471.52 1 1
github.com/m00nk0d3/grove/cmd/grove/renderer.go:1472.4,1473.1 1 0
github.com/m00nk0d3/grove/cmd/grove/renderer.go:1474.3,1474.68 1 1
github.com/m00nk0d3/grove/cmd/grove/renderer.go:1475.4,1476.1 1 1
github.com/m00nk0d3/grove/cmd/grove/renderer.go:1477.3,1480.24 4 1
github.com/m00nk0d3/grove/cmd/grove/renderer.go:1481.4,1482.1 1 0
github.com/m00nk0d3/grove/cmd/grove/renderer.go:1483.4,1484.1 1 1
github.com/m00nk0d3/grove/cmd/grove/renderer.go:1485.3,1491.1 1 1
github.com/m00nk0d3/grove/cmd/grove/renderer.go:1495.2,1499.1 5 1
github.com/m00nk0d3/grove/cmd/grove/renderer.go:1500.2,1500.48 5 1
github.com/m00nk0d3/grove/cmd/grove/renderer.go:1501.3,1502.14 2 1
github.com/m00nk0d3/grove/cmd/grove/renderer.go:1504.4,1504.76 1 1
github.com/m00nk0d3/grove/cmd/grove/renderer.go:1506.4,1506.78 1 1
github.com/m00nk0d3/grove/cmd/grove/renderer.go:1508.4,1508.80 1 1
github.com/m00nk0d3/grove/cmd/grove/renderer.go:1510.4,1510.80 1 1
github.com/m00nk0d3/grove/cmd/grove/renderer.go:1512.4,1512.80 1 1
github.com/m00nk0d3/grove/cmd/grove/renderer.go:1514.4,1514.30 1 0
github.com/m00nk0d3/grove/cmd/grove/renderer.go:1516.3,1516.32 1 1
github.com/m00nk0d3/grove/cmd/grove/renderer.go:1517.4,1520.1 1 1
github.com/m00nk0d3/grove/cmd/grove/renderer.go:1521.3,1521.42 1 1
github.com/m00nk0d3/grove/cmd/grove/renderer.go:1522.4,1526.1 1 1
github.com/m00nk0d3/grove/cmd/grove/renderer.go:1527.3,1527.15 1 1
github.com/m00nk0d3/grove/cmd/grove/renderer.go:1528.4,1532.1 2 1
github.com/m00nk0d3/grove/cmd/grove/renderer.go:1533.3,1533.57 1 1
github.com/m00nk0d3/grove/cmd/grove/renderer.go:1536.2,1544.1 2 1
github.com/m00nk0d3/grove/cmd/grove/renderer.go:1545.2,1545.28 2 1
github.com/m00nk0d3/grove/cmd/grove/renderer.go:1546.3,1547.1 1 1
github.com/m00nk0d3/grove/cmd/grove/renderer.go:1549.2,1550.1 3 1
github.com/m00nk0d3/grove/cmd/grove/renderer.go:1551.2,1552.14 3 1
github.com/m00nk0d3/grove/cmd/grove/renderer.go:1553.3,1554.1 1 1
github.com/m00nk0d3/grove/cmd/grove/renderer.go:1555.2,1555.21 1 1
github.com/m00nk0d3/grove/cmd/grove/renderer.go:1556.3,1557.1 1 1
github.com/m00nk0d3/grove/cmd/grove/renderer.go:1558.2,1558.36 1 1
github.com/m00nk0d3/grove/cmd/grove/renderer.go:1562.2,1562.18 1 1
github.com/m00nk0d3/grove/cmd/grove/renderer.go:1563.3,1564.1 1 1
github.com/m00nk0d3/grove/cmd/grove/renderer.go:1565.2,1567.46 3 1
github.com/m00nk0d3/grove/cmd/grove/renderer.go:1568.3,1568.74 1 1
github.com/m00nk0d3/grove/cmd/grove/renderer.go:1569.4,1569.12 1 1
github.com/m00nk0d3/grove/cmd/grove/renderer.go:1571.3,1571.43 1 1
github.com/m00nk0d3/grove/cmd/grove/renderer.go:1573.4,1573.24 1 1
github.com/m00nk0d3/grove/cmd/grove/renderer.go:1574.5,1576.1 2 1
github.com/m00nk0d3/grove/cmd/grove/renderer.go:1578.4,1578.24 1 0
github.com/m00nk0d3/grove/cmd/grove/renderer.go:1579.5,1581.1 2 0
github.com/m00nk0d3/grove/cmd/grove/renderer.go:1583.4,1583.24 1 0
github.com/m00nk0d3/grove/cmd/grove/renderer.go:1584.5,1586.1 2 0
github.com/m00nk0d3/grove/cmd/grove/renderer.go:1589.2,1589.15 1 1
github.com/m00nk0d3/grove/cmd/grove/renderer.go:1593.2,1601.1 4 1
github.com/m00nk0d3/grove/cmd/grove/renderer.go:1603.2,1605.21 4 1
github.com/m00nk0d3/grove/cmd/grove/renderer.go:1606.3,1609.1 3 1
github.com/m00nk0d3/grove/cmd/grove/renderer.go:1611.2,1613.22 3 1
github.com/m00nk0d3/grove/cmd/grove/renderer.go:1614.3,1615.1 1 1
github.com/m00nk0d3/grove/cmd/grove/renderer.go:1617.2,1620.29 4 1
github.com/m00nk0d3/grove/cmd/grove/renderer.go:1621.3,1622.34 2 1
github.com/m00nk0d3/grove/cmd/grove/renderer.go:1623.4,1624.1 1 1
github.com/m00nk0d3/grove/cmd/grove/renderer.go:1625.3,1628.26 4 1
github.com/m00nk0d3/grove/cmd/grove/renderer.go:1629.4,1630.1 1 1
github.com/m00nk0d3/grove/cmd/grove/renderer.go:1631.3,1638.1 1 1
github.com/m00nk0d3/grove/cmd/grove/renderer.go:1641.2,1645.1 5 1
github.com/m00nk0d3/grove/cmd/grove/renderer.go:1646.2,1646.48 5 1
github.com/m00nk0d3/grove/cmd/grove/renderer.go:1647.3,1648.14 2 1
github.com/m00nk0d3/grove/cmd/grove/renderer.go:1650.4,1650.78 1 1
github.com/m00nk0d3/grove/cmd/grove/renderer.go:1652.4,1652.78 1 1
github.com/m00nk0d3/grove/cmd/grove/renderer.go:1654.4,1654.80 1 1
github.com/m00nk0d3/grove/cmd/grove/renderer.go:1656.4,1656.82 1 1
github.com/m00nk0d3/grove/cmd/grove/renderer.go:1658.4,1658.82 1 1
github.com/m00nk0d3/grove/cmd/grove/renderer.go:1660.4,1660.82 1 1
github.com/m00nk0d3/grove/cmd/grove/renderer.go:1662.4,1662.30 1 0
github.com/m00nk0d3/grove/cmd/grove/renderer.go:1664.3,1664.32 1 1
github.com/m00nk0d3/grove/cmd/grove/renderer.go:1665.4,1668.1 1 1
github.com/m00nk0d3/grove/cmd/grove/renderer.go:1669.3,1669.36 1 1
github.com/m00nk0d3/grove/cmd/grove/renderer.go:1670.4,1674.1 1 1
github.com/m00nk0d3/grove/cmd/grove/renderer.go:1675.3,1675.15 1 1
github.com/m00nk0d3/grove/cmd/grove/renderer.go:1676.4,1680.1 2 1
github.com/m00nk0d3/grove/cmd/grove/renderer.go:1681.3,1681.57 1 1
github.com/m00nk0d3/grove/cmd/grove/renderer.go:1684.2,1692.1 2 1
github.com/m00nk0d3/grove/cmd/grove/renderer.go:1693.2,1693.28 2 1
github.com/m00nk0d3/grove/cmd/grove/renderer.go:1694.3,1695.1 1 1
github.com/m00nk0d3/grove/cmd/grove/renderer.go:1697.2,1697.19 1 1
github.com/m00nk0d3/grove/cmd/grove/renderer.go:1698.3,1699.1 1 1
github.com/m00nk0d3/grove/cmd/grove/renderer.go:1701.2,1702.1 3 1
github.com/m00nk0d3/grove/cmd/grove/renderer.go:1703.2,1704.14 3 1
github.com/m00nk0d3/grove/cmd/grove/renderer.go:1705.3,1706.1 1 1
github.com/m00nk0d3/grove/cmd/grove/renderer.go:1707.2,1707.21 1 1
github.com/m00nk0d3/grove/cmd/grove/renderer.go:1708.3,1709.1 1 1
github.com/m00nk0d3/grove/cmd/grove/renderer.go:1710.2,1710.36 1 1
github.com/m00nk0d3/grove/cmd/grove/renderer.go:1717.2,1717.19 1 1
github.com/m00nk0d3/grove/cmd/grove/renderer.go:1718.3,1719.1 1 1
github.com/m00nk0d3/grove/cmd/grove/renderer.go:1720.2,1721.16 2 1
github.com/m00nk0d3/grove/cmd/grove/renderer.go:1722.3,1722.27 1 1
github.com/m00nk0d3/grove/cmd/grove/renderer.go:1723.4,1724.1 1 1
github.com/m00nk0d3/grove/cmd/grove/renderer.go:1725.3,1725.25 1 1
github.com/m00nk0d3/grove/cmd/grove/renderer.go:1727.2,1727.27 1 1
github.com/m00nk0d3/grove/cmd/grove/renderer.go:1728.3,1729.1 1 1
github.com/m00nk0d3/grove/cmd/grove/renderer.go:1730.2,1730.34 1 1
github.com/m00nk0d3/grove/cmd/grove/renderer.go:1734.2,1735.14 2 1
github.com/m00nk0d3/grove/cmd/grove/renderer.go:1737.3,1737.28 1 1
github.com/m00nk0d3/grove/cmd/grove/renderer.go:1739.3,1739.25 1 1
github.com/m00nk0d3/grove/cmd/grove/renderer.go:1742.2,1743.9 2 1
github.com/m00nk0d3/grove/cmd/grove/renderer.go:1745.3,1745.30 1 1
github.com/m00nk0d3/grove/cmd/grove/renderer.go:1747.3,1747.29 1 1
github.com/m00nk0d3/grove/cmd/grove/renderer.go:1749.3,1750.15 2 1
github.com/m00nk0d3/grove/cmd/grove/renderer.go:1751.4,1752.1 1 1
github.com/m00nk0d3/grove/cmd/grove/renderer.go:1753.4,1754.1 1 1
github.com/m00nk0d3/grove/cmd/grove/renderer.go:1760.2,1761.14 2 1
github.com/m00nk0d3/grove/cmd/grove/renderer.go:1763.3,1763.22 1 1
github.com/m00nk0d3/grove/cmd/grove/renderer.go:1764.4,1765.1 1 1
github.com/m00nk0d3/grove/cmd/grove/renderer.go:1767.3,1767.19 1 1
github.com/m00nk0d3/grove/cmd/grove/renderer.go:1768.4,1769.1 1 1
github.com/m00nk0d3/grove/cmd/grove/renderer.go:1774.2,1775.22 2 1
github.com/m00nk0d3/grove/cmd/grove/renderer.go:1776.3,1777.1 1 1
github.com/m00nk0d3/grove/cmd/grove/renderer.go:1778.2,1779.18 2 1
github.com/m00nk0d3/grove/cmd/grove/renderer.go:1780.3,1781.1 1 0
github.com/m00nk0d3/grove/cmd/grove/renderer.go:1782.2,1783.1 2 1
github.com/m00nk0d3/grove/cmd/grove/renderer.go:1784.2,1784.82 2 1
github.com/m00nk0d3/grove/cmd/grove/renderer.go:1788.2,1790.1 2 1
github.com/m00nk0d3/grove/cmd/grove/renderer.go:1795.2,1796.25 2 1
github.com/m00nk0d3/grove/cmd/grove/renderer.go:1797.3,1798.1 1 1
github.com/m00nk0d3/grove/cmd/grove/renderer.go:1799.2,1799.25 1 1
github.com/m00nk0d3/grove/cmd/grove/renderer.go:1800.3,1801.1 1 1
github.com/m00nk0d3/grove/cmd/grove/renderer.go:1802.2,1802.14 1 1
github.com/m00nk0d3/grove/cmd/grove/renderer.go:1811.2,1813.22 3 1
github.com/m00nk0d3/grove/cmd/grove/renderer.go:1814.3,1814.42 1 1
github.com/m00nk0d3/grove/cmd/grove/renderer.go:1815.4,1816.1 1 1
github.com/m00nk0d3/grove/cmd/grove/renderer.go:1820.2,1820.19 1 1
github.com/m00nk0d3/grove/cmd/grove/renderer.go:1827.2,1827.16 1 1
github.com/m00nk0d3/grove/cmd/grove/renderer.go:1828.3,1829.1 1 1
github.com/m00nk0d3/grove/cmd/grove/renderer.go:1830.2,1831.45 2 1
github.com/m00nk0d3/grove/cmd/grove/renderer.go:1832.3,1832.12 1 1
github.com/m00nk0d3/grove/cmd/grove/renderer.go:1833.4,1834.1 1 1
github.com/m00nk0d3/grove/cmd/grove/renderer.go:1835.3,1835.40 1 1
github.com/m00nk0d3/grove/cmd/grove/renderer.go:1837.2,1837.21 1 1
github.com/m00nk0d3/grove/cmd/grove/renderer.go:1844.2,1844.39 1 1
github.com/m00nk0d3/grove/cmd/grove/renderer.go:1845.3,1846.1 1 1
github.com/m00nk0d3/grove/cmd/grove/renderer.go:1847.2,1849.6 3 1
github.com/m00nk0d3/grove/cmd/grove/renderer.go:1851.3,1852.27 2 1
github.com/m00nk0d3/grove/cmd/grove/renderer.go:1853.4,1854.24 2 1
github.com/m00nk0d3/grove/cmd/grove/renderer.go:1855.5,1856.10 2 1
github.com/m00nk0d3/grove/cmd/grove/renderer.go:1858.4,1858.15 1 1
github.com/m00nk0d3/grove/cmd/grove/renderer.go:1860.3,1860.24 1 1
github.com/m00nk0d3/grove/cmd/grove/renderer.go:1862.4,1863.9 2 0
github.com/m00nk0d3/grove/cmd/grove/renderer.go:1866.3,1866.24 1 1
github.com/m00nk0d3/grove/cmd/grove/renderer.go:1867.4,1870.1 3 1
github.com/m00nk0d3/grove/cmd/grove/renderer.go:1871.4,1872.34 2 1
github.com/m00nk0d3/grove/cmd/grove/renderer.go:1873.5,1873.24 1 1
github.com/m00nk0d3/grove/cmd/grove/renderer.go:1874.6,1875.11 2 1
github.com/m00nk0d3/grove/cmd/grove/renderer.go:1878.4,1878.19 1 1
github.com/m00nk0d3/grove/cmd/grove/renderer.go:1880.5,1883.1 3 1
github.com/m00nk0d3/grove/cmd/grove/renderer.go:1883.11,1883.27 1 1
github.com/m00nk0d3/grove/cmd/grove/renderer.go:1886.5,1887.1 1 1
github.com/m00nk0d3/grove/cmd/grove/renderer.go:1888.5,1891.1 3 1
github.com/m00nk0d3/grove/cmd/grove/renderer.go:1893.3,1893.52 1 1
github.com/m00nk0d3/grove/cmd/grove/renderer.go:1894.4,1895.9 2 1
github.com/m00nk0d3/grove/cmd/grove/renderer.go:1898.2,1898.21 1 1
github.com/m00nk0d3/grove/cmd/grove/renderer.go:1902.2,1903.21 2 1
github.com/m00nk0d3/grove/cmd/grove/renderer.go:1904.3,1905.1 1 1
github.com/m00nk0d3/grove/cmd/grove/renderer.go:1906.2,1906.12 1 1
github.com/m00nk0d3/grove/cmd/grove/renderer.go:1907.3,1908.1 1 0
github.com/m00nk0d3/grove/cmd/grove/renderer.go:1909.2,1909.36 1 1
github.com/m00nk0d3/grove/cmd/grove/renderer.go:1916.2,1917.17 2 1
github.com/m00nk0d3/grove/cmd/grove/renderer.go:1918.3,1919.1 1 1
github.com/m00nk0d3/grove/cmd/grove/renderer.go:1920.2,1922.35 3 1
github.com/m00nk0d3/grove/cmd/grove/renderer.go:1923.3,1924.1 1 1
github.com/m00nk0d3/grove/cmd/grove/renderer.go:1926.2,1927.17 2 1
github.com/m00nk0d3/grove/cmd/grove/renderer.go:1928.3,1929.1 1 1
github.com/m00nk0d3/grove/cmd/grove/renderer.go:1930.2,1930.49 1 0
github.com/m00nk0d3/grove/cmd/grove/renderer.go:1935.2,1935.17 1 1
github.com/m00nk0d3/grove/cmd/grove/renderer.go:1936.3,1937.1 1 1
github.com/m00nk0d3/grove/cmd/grove/renderer.go:1938.2,1938.16 1 1
github.com/m00nk0d3/grove/cmd/grove/renderer.go:1939.3,1940.1 1 1
github.com/m00nk0d3/grove/cmd/grove/renderer.go:1941.2,1941.16 1 1
github.com/m00nk0d3/grove/cmd/grove/renderer.go:1946.2,1946.15 1 1
github.com/m00nk0d3/grove/cmd/grove/renderer.go:1948.3,1948.35 1 1
github.com/m00nk0d3/grove/cmd/grove/renderer.go:1950.3,1950.35 1 1
github.com/m00nk0d3/grove/cmd/grove/renderer.go:1952.3,1952.35 1 1
github.com/m00nk0d3/grove/cmd/grove/renderer.go:1954.3,1954.35 1 1
github.com/m00nk0d3/grove/cmd/grove/renderer.go:1961.2,1961.16 1 1
github.com/m00nk0d3/grove/cmd/grove/renderer.go:1962.3,1963.1 1 0
github.com/m00nk0d3/grove/cmd/grove/renderer.go:1964.2,1964.25 1 1
github.com/m00nk0d3/grove/cmd/grove/renderer.go:1965.3,1966.1 1 1
github.com/m00nk0d3/grove/cmd/grove/renderer.go:1967.2,1967.27 1 1
github.com/m00nk0d3/grove/cmd/grove/renderer.go:1969.3,1969.20 1 0
github.com/m00nk0d3/grove/cmd/grove/renderer.go:1971.3,1971.19 1 0
github.com/m00nk0d3/grove/cmd/grove/renderer.go:1973.3,1973.18 1 0
github.com/m00nk0d3/grove/cmd/grove/renderer.go:1975.2,1975.17 1 1
github.com/m00nk0d3/grove/cmd/grove/renderer.go:1979.2,1980.25 2 1
github.com/m00nk0d3/grove/cmd/grove/renderer.go:1981.3,1981.26 1 1
github.com/m00nk0d3/grove/cmd/grove/renderer.go:1982.4,1983.1 1 1
github.com/m00nk0d3/grove/cmd/grove/renderer.go:1985.2,1985.14 1 1
github.com/m00nk0d3/grove/cmd/grove/renderer.go:1989.2,1991.26 3 1
github.com/m00nk0d3/grove/cmd/grove/renderer.go:1992.3,1993.1 1 1
github.com/m00nk0d3/grove/cmd/grove/renderer.go:1994.2,1994.51 1 1
github.com/m00nk0d3/grove/cmd/grove/renderer.go:1995.3,1996.1 1 0
github.com/m00nk0d3/grove/cmd/grove/renderer.go:1997.2,1997.25 1 1
github.com/m00nk0d3/grove/cmd/grove/renderer.go:1998.3,1999.1 1 0
github.com/m00nk0d3/grove/cmd/grove/renderer.go:2001.2,2003.38 3 1
github.com/m00nk0d3/grove/cmd/grove/renderer.go:2004.3,2005.27 2 1
github.com/m00nk0d3/grove/cmd/grove/renderer.go:2006.4,2007.1 1 0
github.com/m00nk0d3/grove/cmd/grove/renderer.go:2008.3,2009.26 2 1
github.com/m00nk0d3/grove/cmd/grove/renderer.go:2010.4,2012.1 2 1
github.com/m00nk0d3/grove/cmd/grove/renderer.go:2014.2,2014.19 1 1
github.com/m00nk0d3/grove/cmd/grove/renderer.go:2020.2,2020.25 1 1
github.com/m00nk0d3/grove/cmd/grove/renderer.go:2021.3,2022.1 1 1
github.com/m00nk0d3/grove/cmd/grove/renderer.go:2023.2,2024.30 2 1
github.com/m00nk0d3/grove/cmd/grove/renderer.go:2025.3,2026.1 1 1
github.com/m00nk0d3/grove/cmd/grove/renderer.go:2027.2,2027.33 1 1
github.com/m00nk0d3/grove/cmd/grove/renderer.go:2033.2,2035.31 3 1
github.com/m00nk0d3/grove/cmd/grove/renderer.go:2036.3,2036.83 1 1
github.com/m00nk0d3/grove/cmd/grove/renderer.go:2037.4,2038.1 1 1
github.com/m00nk0d3/grove/cmd/grove/renderer.go:2040.2,2040.14 1 1
github.com/m00nk0d3/grove/cmd/grove/renderer.go:2045.2,2046.27 2 1
github.com/m00nk0d3/grove/cmd/grove/renderer.go:2047.3,2048.1 1 1
github.com/m00nk0d3/grove/cmd/grove/renderer.go:2049.2,2049.31 1 1
github.com/m00nk0d3/grove/cmd/grove/renderer.go:2056.2,2056.20 1 1
github.com/m00nk0d3/grove/cmd/grove/renderer.go:2057.3,2058.1 1 0
github.com/m00nk0d3/grove/cmd/grove/renderer.go:2059.2,2059.21 1 1
github.com/m00nk0d3/grove/cmd/grove/renderer.go:2060.3,2061.1 1 0
github.com/m00nk0d3/grove/cmd/grove/renderer.go:2063.2,2064.15 2 1
github.com/m00nk0d3/grove/cmd/grove/renderer.go:2065.3,2066.1 1 0
github.com/m00nk0d3/grove/cmd/grove/renderer.go:2067.2,2067.16 1 1
github.com/m00nk0d3/grove/cmd/grove/renderer.go:2068.3,2069.1 1 0
github.com/m00nk0d3/grove/cmd/grove/renderer.go:2071.2,2077.1 2 1
github.com/m00nk0d3/grove/cmd/grove/renderer.go:2078.2,2078.53 2 1
github.com/m00nk0d3/grove/cmd/grove/renderer.go:2084.2,2084.20 1 0
github.com/m00nk0d3/grove/cmd/grove/renderer.go:2085.3,2086.1 1 0
github.com/m00nk0d3/grove/cmd/grove/renderer.go:2087.2,2087.21 1 0
github.com/m00nk0d3/grove/cmd/grove/renderer.go:2088.3,2089.1 1 0
github.com/m00nk0d3/grove/cmd/grove/renderer.go:2091.2,2097.1 2 0
github.com/m00nk0d3/grove/cmd/grove/renderer.go:2098.2,2098.53 2 0
github.com/m00nk0d3/grove/cmd/grove/renderer.go:2106.2,2108.1 4 1
github.com/m00nk0d3/grove/cmd/grove/renderer.go:2110.2,2111.33 4 1
github.com/m00nk0d3/grove/cmd/grove/renderer.go:2112.3,2112.37 1 1
github.com/m00nk0d3/grove/cmd/grove/renderer.go:2113.4,2114.1 1 1
github.com/m00nk0d3/grove/cmd/grove/renderer.go:2118.2,2119.19 2 1
github.com/m00nk0d3/grove/cmd/grove/renderer.go:2120.3,2121.1 1 0
github.com/m00nk0d3/grove/cmd/grove/renderer.go:2124.2,2125.18 2 1
github.com/m00nk0d3/grove/cmd/grove/renderer.go:2126.3,2127.1 1 0
github.com/m00nk0d3/grove/cmd/grove/renderer.go:2129.2,2131.1 3 1
github.com/m00nk0d3/grove/cmd/grove/renderer.go:2132.2,2132.34 3 1
github.com/m00nk0d3/grove/cmd/grove/renderer.go:2133.3,2134.25 2 1
github.com/m00nk0d3/grove/cmd/grove/renderer.go:2135.4,2135.9 1 0
github.com/m00nk0d3/grove/cmd/grove/renderer.go:2137.3,2139.10 3 1
github.com/m00nk0d3/grove/cmd/grove/renderer.go:2141.4,2141.42 1 0
github.com/m00nk0d3/grove/cmd/grove/renderer.go:2143.4,2143.40 1 1
github.com/m00nk0d3/grove/cmd/grove/renderer.go:2145.3,2145.24 1 1
github.com/m00nk0d3/grove/cmd/grove/renderer.go:2148.2,2148.35 1 1
github.com/m00nk0d3/grove/cmd/grove/renderer.go:2156.2,2157.14 2 1
github.com/m00nk0d3/grove/cmd/grove/renderer.go:2158.3,2159.1 1 1
github.com/m00nk0d3/grove/cmd/grove/renderer.go:2160.2,2161.10 2 1
github.com/m00nk0d3/grove/cmd/grove/renderer.go:2167.2,2168.29 2 1
github.com/m00nk0d3/grove/cmd/grove/renderer.go:2169.3,2170.1 2 1
github.com/m00nk0d3/grove/cmd/grove/renderer.go:2171.3,2171.35 2 1
github.com/m00nk0d3/grove/cmd/grove/renderer.go:2172.4,2172.41 1 1
github.com/m00nk0d3/grove/cmd/grove/renderer.go:2173.5,2175.10 3 1
github.com/m00nk0d3/grove/cmd/grove/renderer.go:2179.2,2179.34 1 1
github.com/m00nk0d3/grove/cmd/grove/renderer.go:2180.3,2181.48 2 1
github.com/m00nk0d3/grove/cmd/grove/renderer.go:2182.4,2183.36 2 1
github.com/m00nk0d3/grove/cmd/grove/renderer.go:2184.5,2184.33 1 1
github.com/m00nk0d3/grove/cmd/grove/renderer.go:2185.6,2186.11 2 1
github.com/m00nk0d3/grove/cmd/grove/renderer.go:2189.4,2189.23 1 1
github.com/m00nk0d3/grove/cmd/grove/renderer.go:2192.2,2192.19 1 1
github.com/m00nk0d3/grove/cmd/grove/renderer.go:2199.2,2200.17 2 1
github.com/m00nk0d3/grove/cmd/grove/renderer.go:2201.3,2202.1 1 1
github.com/m00nk0d3/grove/cmd/grove/renderer.go:2204.2,2205.24 2 1
github.com/m00nk0d3/grove/cmd/grove/renderer.go:2206.3,2206.33 1 1
github.com/m00nk0d3/grove/cmd/grove/renderer.go:2207.4,2208.9 2 1
github.com/m00nk0d3/grove/cmd/grove/renderer.go:2211.2,2211.53 1 1
github.com/m00nk0d3/grove/cmd/grove/renderer.go:2212.3,2213.1 1 1
github.com/m00nk0d3/grove/cmd/grove/renderer.go:2214.2,2216.31 3 1
github.com/m00nk0d3/grove/cmd/grove/renderer.go:2217.3,2217.42 1 1
github.com/m00nk0d3/grove/cmd/grove/renderer.go:2218.4,2219.1 1 1
github.com/m00nk0d3/grove/cmd/grove/renderer.go:2221.2,2221.11 1 0
github.com/m00nk0d3/grove/cmd/grove/renderer.go:2226.2,2226.11 1 1
github.com/m00nk0d3/grove/cmd/grove/renderer.go:2228.3,2228.20 1 1
github.com/m00nk0d3/grove/cmd/grove/renderer.go:2230.3,2230.17 1 1
github.com/m00nk0d3/grove/cmd/grove/renderer.go:2232.3,2232.14 1 1
github.com/m00nk0d3/grove/cmd/grove/renderer.go:2234.3,2234.16 1 1
github.com/m00nk0d3/grove/cmd/grove/renderer.go:2236.3,2236.18 1 1
github.com/m00nk0d3/grove/cmd/grove/renderer.go:2238.3,2238.20 1 1
github.com/m00nk0d3/grove/cmd/grove/renderer.go:2240.3,2240.18 1 1
github.com/m00nk0d3/grove/cmd/grove/renderer.go:2242.3,2242.19 1 0
github.com/m00nk0d3/grove/cmd/grove/renderer.go:2257.2,2258.1 3 1
github.com/m00nk0d3/grove/cmd/grove/renderer.go:2259.2,2260.23 3 1
github.com/m00nk0d3/grove/cmd/grove/renderer.go:2261.3,2262.1 1 0
github.com/m00nk0d3/grove/cmd/grove/renderer.go:2263.2,2263.24 1 1
github.com/m00nk0d3/grove/cmd/grove/renderer.go:2264.3,2265.1 1 1
github.com/m00nk0d3/grove/cmd/grove/renderer.go:2268.2,2269.1 10 1
github.com/m00nk0d3/grove/cmd/grove/renderer.go:2270.2,2274.1 10 1
github.com/m00nk0d3/grove/cmd/grove/renderer.go:2276.2,2284.1 10 1
github.com/m00nk0d3/grove/cmd/grove/renderer.go:2285.2,2286.24 10 1
github.com/m00nk0d3/grove/cmd/grove/renderer.go:2287.3,2288.1 1 0
github.com/m00nk0d3/grove/cmd/grove/renderer.go:2289.2,2292.1 4 1
github.com/m00nk0d3/grove/cmd/grove/renderer.go:2293.2,2296.1 4 1
github.com/m00nk0d3/grove/cmd/grove/renderer.go:2298.2,2299.9 4 1
github.com/m00nk0d3/grove/cmd/grove/renderer.go:2301.3,2305.27 1 1
github.com/m00nk0d3/grove/cmd/grove/renderer.go:2307.3,2311.25 1 1
github.com/m00nk0d3/grove/cmd/grove/renderer.go:2313.3,2314.32 2 1
github.com/m00nk0d3/grove/cmd/grove/renderer.go:2315.4,2316.1 1 0
github.com/m00nk0d3/grove/cmd/grove/renderer.go:2317.3,2317.29 1 1
github.com/m00nk0d3/grove/cmd/grove/renderer.go:2318.4,2325.1 9 1
github.com/m00nk0d3/grove/cmd/grove/renderer.go:2327.4,2329.1 9 1
github.com/m00nk0d3/grove/cmd/grove/renderer.go:2330.4,2332.21 9 1
github.com/m00nk0d3/grove/cmd/grove/renderer.go:2333.5,2334.1 1 0
github.com/m00nk0d3/grove/cmd/grove/renderer.go:2336.4,2338.16 3 1
github.com/m00nk0d3/grove/cmd/grove/renderer.go:2339.5,2341.1 2 0
github.com/m00nk0d3/grove/cmd/grove/renderer.go:2343.4,2345.16 3 1
github.com/m00nk0d3/grove/cmd/grove/renderer.go:2346.5,2350.1 1 1
github.com/m00nk0d3/grove/cmd/grove/renderer.go:2352.4,2353.1 2 1
github.com/m00nk0d3/grove/cmd/grove/renderer.go:2354.4,2354.19 2 1
github.com/m00nk0d3/grove/cmd/grove/renderer.go:2355.5,2361.1 1 1
github.com/m00nk0d3/grove/cmd/grove/renderer.go:2362.5,2366.1 1 1
github.com/m00nk0d3/grove/cmd/grove/renderer.go:2368.4,2368.13 1 1
github.com/m00nk0d3/grove/cmd/grove/renderer.go:2369.5,2370.1 1 1
github.com/m00nk0d3/grove/cmd/grove/renderer.go:2371.4,2371.26 1 1
github.com/m00nk0d3/grove/cmd/grove/renderer.go:2373.3,2373.32 1 1
github.com/m00nk0d3/grove/cmd/grove/renderer.go:2374.4,2376.1 2 0
github.com/m00nk0d3/grove/cmd/grove/renderer.go:2379.2,2380.1 2 1
github.com/m00nk0d3/grove/cmd/grove/renderer.go:2381.2,2386.18 2 1
github.com/m00nk0d3/grove/cmd/grove/signal_unix.go:17.2,19.12 3 0
github.com/m00nk0d3/grove/cmd/grove/signal_unix.go:20.3,20.19 1 0
github.com/m00nk0d3/grove/cmd/grove/signal_unix.go:21.4,22.1 1 0
github.com/m00nk0d3/grove/cmd/grove/terminal_unix.go:15.48,15.48 0 1
github.com/m00nk0d3/grove/cmd/grove/terminal_unix.go:23.2,24.1 2 0
github.com/m00nk0d3/grove/cmd/grove/terminal_unix.go:25.2,25.78 2 0
github.com/m00nk0d3/grove/cmd/grove/terminal_unix.go:26.3,26.40 1 0
github.com/m00nk0d3/grove/cmd/grove/terminal_unix.go:27.4,30.1 3 0
github.com/m00nk0d3/grove/cmd/grove/terminal_unix.go:34.2,35.36 2 0
github.com/m00nk0d3/grove/cmd/grove/terminal_unix.go:36.3,38.1 2 0
github.com/m00nk0d3/grove/cmd/grove/terminal_unix.go:39.2,41.14 3 0
github.com/m00nk0d3/grove/cmd/grove/terminal_unix.go:42.3,43.1 1 0
github.com/m00nk0d3/grove/cmd/grove/terminal_unix.go:47.2,47.29 1 0
github.com/m00nk0d3/grove/cmd/grove/terminal_unix.go:55.2,55.79 1 0
github.com/m00nk0d3/grove/cmd/grove/terminal_unix.go:56.3,56.40 1 0
github.com/m00nk0d3/grove/cmd/grove/terminal_unix.go:57.4,58.1 1 0
github.com/m00nk0d3/grove/cmd/grove/terminal_unix.go:62.2,63.36 2 0
github.com/m00nk0d3/grove/cmd/grove/terminal_unix.go:64.3,65.1 1 0
github.com/m00nk0d3/grove/cmd/grove/terminal_unix.go:66.2,66.29 1 0
github.com/m00nk0d3/grove/cmd/grove/util.go:14.2,14.37 1 1
github.com/m00nk0d3/grove/cmd/grove/util.go:15.3,16.1 1 1
github.com/m00nk0d3/grove/cmd/grove/util.go:17.2,17.54 1 1
github.com/m00nk0d3/grove/internal/tui/modal/branch_checkout.go:19.2,20.1 1 1
github.com/m00nk0d3/grove/internal/tui/modal/branch_checkout.go:23.48,23.60 1 0
github.com/m00nk0d3/grove/internal/tui/modal/branch_checkout.go:26.48,26.74 1 1
github.com/m00nk0d3/grove/internal/tui/modal/branch_checkout.go:30.2,31.9 2 1
github.com/m00nk0d3/grove/internal/tui/modal/branch_checkout.go:32.3,33.1 1 1
github.com/m00nk0d3/grove/internal/tui/modal/branch_checkout.go:35.2,35.25 1 1
github.com/m00nk0d3/grove/internal/tui/modal/branch_checkout.go:37.3,38.28 2 1
github.com/m00nk0d3/grove/internal/tui/modal/branch_checkout.go:38.30,38.95 1 1
github.com/m00nk0d3/grove/internal/tui/modal/branch_checkout.go:40.3,40.28 1 1
github.com/m00nk0d3/grove/internal/tui/modal/branch_checkout.go:40.30,40.58 1 1
github.com/m00nk0d3/grove/internal/tui/modal/branch_checkout.go:43.2,43.15 1 1
github.com/m00nk0d3/grove/internal/tui/modal/branch_checkout.go:48.2,53.1 1 1
github.com/m00nk0d3/grove/internal/tui/modal/cleanup.go:30.2,31.31 2 1
github.com/m00nk0d3/grove/internal/tui/modal/cleanup.go:32.3,33.1 1 1
github.com/m00nk0d3/grove/internal/tui/modal/cleanup.go:34.2,34.40 1 1
github.com/m00nk0d3/grove/internal/tui/modal/cleanup.go:38.42,38.55 1 0
github.com/m00nk0d3/grove/internal/tui/modal/cleanup.go:41.51,41.65 1 0
github.com/m00nk0d3/grove/internal/tui/modal/cleanup.go:44.41,44.53 1 0
github.com/m00nk0d3/grove/internal/tui/modal/cleanup.go:47.41,47.86 1 0
github.com/m00nk0d3/grove/internal/tui/modal/cleanup.go:51.2,52.9 2 0
github.com/m00nk0d3/grove/internal/tui/modal/cleanup.go:53.3,54.1 1 0
github.com/m00nk0d3/grove/internal/tui/modal/cleanup.go:56.2,56.21 1 0
github.com/m00nk0d3/grove/internal/tui/modal/cleanup.go:58.3,58.28 1 0
github.com/m00nk0d3/grove/internal/tui/modal/cleanup.go:58.30,58.58 1 0
github.com/m00nk0d3/grove/internal/tui/modal/cleanup.go:61.3,61.27 1 0
github.com/m00nk0d3/grove/internal/tui/modal/cleanup.go:64.3,65.16 2 0
github.com/m00nk0d3/grove/internal/tui/modal/cleanup.go:68.3,69.16 2 0
github.com/m00nk0d3/grove/internal/tui/modal/cleanup.go:72.3,73.16 2 0
github.com/m00nk0d3/grove/internal/tui/modal/cleanup.go:76.2,76.25 1 0
github.com/m00nk0d3/grove/internal/tui/modal/cleanup.go:78.3,78.18 1 0
github.com/m00nk0d3/grove/internal/tui/modal/cleanup.go:80.3,80.19 1 0
github.com/m00nk0d3/grove/internal/tui/modal/cleanup.go:82.3,82.21 1 0
github.com/m00nk0d3/grove/internal/tui/modal/cleanup.go:84.3,84.28 1 0
github.com/m00nk0d3/grove/internal/tui/modal/cleanup.go:85.4,86.1 1 0
github.com/m00nk0d3/grove/internal/tui/modal/cleanup.go:88.3,88.28 1 0
github.com/m00nk0d3/grove/internal/tui/modal/cleanup.go:89.4,90.1 1 0
github.com/m00nk0d3/grove/internal/tui/modal/cleanup.go:93.2,93.15 1 0
github.com/m00nk0d3/grove/internal/tui/modal/cleanup.go:98.2,98.25 1 0
github.com/m00nk0d3/grove/internal/tui/modal/cleanup.go:99.3,100.1 1 0
github.com/m00nk0d3/grove/internal/tui/modal/cleanup.go:102.2,108.1 2 0
github.com/m00nk0d3/grove/internal/tui/modal/cleanup.go:109.2,109.20 2 0
github.com/m00nk0d3/grove/internal/tui/modal/cleanup.go:110.3,114.1 4 0
github.com/m00nk0d3/grove/internal/tui/modal/cleanup.go:116.2,117.1 4 0
github.com/m00nk0d3/grove/internal/tui/modal/cleanup.go:118.2,120.1 4 0
github.com/m00nk0d3/grove/internal/tui/modal/cleanup.go:121.2,121.30 4 0
github.com/m00nk0d3/grove/internal/tui/modal/cleanup.go:123.3,123.63 1 0
github.com/m00nk0d3/grove/internal/tui/modal/cleanup.go:124.4,127.1 3 0
github.com/m00nk0d3/grove/internal/tui/modal/cleanup.go:128.3,128.59 1 0
github.com/m00nk0d3/grove/internal/tui/modal/cleanup.go:129.4,129.22 1 0
github.com/m00nk0d3/grove/internal/tui/modal/cleanup.go:130.5,131.1 1 0
github.com/m00nk0d3/grove/internal/tui/modal/cleanup.go:132.4,134.23 3 0
github.com/m00nk0d3/grove/internal/tui/modal/cleanup.go:138.3,139.17 2 0
github.com/m00nk0d3/grove/internal/tui/modal/cleanup.go:140.4,141.1 1 0
github.com/m00nk0d3/grove/internal/tui/modal/cleanup.go:144.3,145.20 2 0
github.com/m00nk0d3/grove/internal/tui/modal/cleanup.go:146.4,147.1 1 0
github.com/m00nk0d3/grove/internal/tui/modal/cleanup.go:150.3,151.44 2 0
github.com/m00nk0d3/grove/internal/tui/modal/cleanup.go:152.4,156.1 1 0
github.com/m00nk0d3/grove/internal/tui/modal/cleanup.go:157.4,158.1 1 0
github.com/m00nk0d3/grove/internal/tui/modal/cleanup.go:160.3,160.64 1 0
github.com/m00nk0d3/grove/internal/tui/modal/cleanup.go:164.2,168.1 5 0
github.com/m00nk0d3/grove/internal/tui/modal/cleanup.go:169.2,169.19 5 0
github.com/m00nk0d3/grove/internal/tui/modal/cleanup.go:173.2,173.25 1 0
github.com/m00nk0d3/grove/internal/tui/modal/cleanup.go:174.3,175.1 1 0
github.com/m00nk0d3/grove/internal/tui/modal/cleanup.go:176.2,177.18 2 0
github.com/m00nk0d3/grove/internal/tui/modal/cleanup.go:178.3,179.1 1 0
github.com/m00nk0d3/grove/internal/tui/modal/cleanup.go:180.2,180.32 1 0
github.com/m00nk0d3/grove/internal/tui/modal/cleanup.go:181.3,182.1 1 0
github.com/m00nk0d3/grove/internal/tui/modal/cleanup.go:186.2,186.31 1 0
github.com/m00nk0d3/grove/internal/tui/modal/cleanup.go:187.3,188.1 1 0
github.com/m00nk0d3/grove/internal/tui/modal/cleanup.go:192.2,193.30 2 1
github.com/m00nk0d3/grove/internal/tui/modal/cleanup.go:194.3,194.18 1 1
github.com/m00nk0d3/grove/internal/tui/modal/cleanup.go:195.4,195.12 1 1
github.com/m00nk0d3/grove/internal/tui/modal/cleanup.go:197.3,197.27 1 1
github.com/m00nk0d3/grove/internal/tui/modal/cleanup.go:199.4,200.32 2 1
github.com/m00nk0d3/grove/internal/tui/modal/cleanup.go:201.5,202.1 1 1
github.com/m00nk0d3/grove/internal/tui/modal/cleanup.go:204.4,204.51 1 1
github.com/m00nk0d3/grove/internal/tui/modal/cleanup.go:207.2,207.47 1 1
github.com/m00nk0d3/grove/internal/tui/modal/cleanup.go:209.3,209.25 1 1
github.com/m00nk0d3/grove/internal/tui/modal/cleanup.go:209.27,209.55 1 1
github.com/m00nk0d3/grove/internal/tui/modal/cleanup.go:211.2,211.24 1 1
github.com/m00nk0d3/grove/internal/tui/modal/cleanup.go:212.3,213.1 1 1
github.com/m00nk0d3/grove/internal/tui/modal/create.go:47.2,50.1 5 1
github.com/m00nk0d3/grove/internal/tui/modal/create.go:51.2,52.29 5 1
github.com/m00nk0d3/grove/internal/tui/modal/create.go:53.3,56.1 3 1
github.com/m00nk0d3/grove/internal/tui/modal/create.go:58.2,64.1 1 1
github.com/m00nk0d3/grove/internal/tui/modal/create.go:70.2,73.1 3 1
github.com/m00nk0d3/grove/internal/tui/modal/create.go:76.40,76.52 1 0
github.com/m00nk0d3/grove/internal/tui/modal/create.go:80.2,81.12 2 1
github.com/m00nk0d3/grove/internal/tui/modal/create.go:82.3,82.25 1 0
github.com/m00nk0d3/grove/internal/tui/modal/create.go:83.4,86.1 3 0
github.com/m00nk0d3/grove/internal/tui/modal/create.go:87.3,87.16 1 0
github.com/m00nk0d3/grove/internal/tui/modal/create.go:91.2,91.31 1 1
github.com/m00nk0d3/grove/internal/tui/modal/create.go:92.3,92.28 1 1
github.com/m00nk0d3/grove/internal/tui/modal/create.go:92.30,92.58 1 1
github.com/m00nk0d3/grove/internal/tui/modal/create.go:96.2,96.24 1 1
github.com/m00nk0d3/grove/internal/tui/modal/create.go:97.3,97.34 1 1
github.com/m00nk0d3/grove/internal/tui/modal/create.go:98.4,101.1 3 1
github.com/m00nk0d3/grove/internal/tui/modal/create.go:102.3,104.16 3 0
github.com/m00nk0d3/grove/internal/tui/modal/create.go:107.2,107.25 1 1
github.com/m00nk0d3/grove/internal/tui/modal/create.go:109.3,109.13 1 1
github.com/m00nk0d3/grove/internal/tui/modal/create.go:111.3,111.15 1 1
github.com/m00nk0d3/grove/internal/tui/modal/create.go:113.3,113.21 1 1
github.com/m00nk0d3/grove/internal/tui/modal/create.go:116.2,116.15 1 1
github.com/m00nk0d3/grove/internal/tui/modal/create.go:120.2,120.16 1 1
github.com/m00nk0d3/grove/internal/tui/modal/create.go:122.3,122.21 1 1
github.com/m00nk0d3/grove/internal/tui/modal/create.go:123.4,124.1 1 1
github.com/m00nk0d3/grove/internal/tui/modal/create.go:126.3,126.20 1 0
github.com/m00nk0d3/grove/internal/tui/modal/create.go:127.4,128.1 1 0
github.com/m00nk0d3/grove/internal/tui/modal/create.go:130.3,130.26 1 1
github.com/m00nk0d3/grove/internal/tui/modal/create.go:131.4,132.1 1 1
github.com/m00nk0d3/grove/internal/tui/modal/create.go:134.3,134.26 1 0
github.com/m00nk0d3/grove/internal/tui/modal/create.go:135.4,136.1 1 0
github.com/m00nk0d3/grove/internal/tui/modal/create.go:141.2,141.16 1 1
github.com/m00nk0d3/grove/internal/tui/modal/create.go:143.3,143.35 1 1
github.com/m00nk0d3/grove/internal/tui/modal/create.go:144.4,145.1 1 1
github.com/m00nk0d3/grove/internal/tui/modal/create.go:147.3,147.37 1 0
github.com/m00nk0d3/grove/internal/tui/modal/create.go:148.4,149.1 1 0
github.com/m00nk0d3/grove/internal/tui/modal/create.go:151.3,151.26 1 1
github.com/m00nk0d3/grove/internal/tui/modal/create.go:152.4,153.1 1 1
github.com/m00nk0d3/grove/internal/tui/modal/create.go:155.3,155.46 1 0
github.com/m00nk0d3/grove/internal/tui/modal/create.go:156.4,157.1 1 0
github.com/m00nk0d3/grove/internal/tui/modal/create.go:162.2,162.16 1 1
github.com/m00nk0d3/grove/internal/tui/modal/create.go:164.3,164.25 1 1
github.com/m00nk0d3/grove/internal/tui/modal/create.go:165.4,166.1 1 1
github.com/m00nk0d3/grove/internal/tui/modal/create.go:167.3,167.20 1 1
github.com/m00nk0d3/grove/internal/tui/modal/create.go:170.3,171.32 2 1
github.com/m00nk0d3/grove/internal/tui/modal/create.go:173.4,173.44 1 1
github.com/m00nk0d3/grove/internal/tui/modal/create.go:175.5,177.1 2 1
github.com/m00nk0d3/grove/internal/tui/modal/create.go:179.5,182.1 3 1
github.com/m00nk0d3/grove/internal/tui/modal/create.go:183.10,183.37 1 1
github.com/m00nk0d3/grove/internal/tui/modal/create.go:184.4,185.1 1 0
github.com/m00nk0d3/grove/internal/tui/modal/create.go:186.4,190.1 4 1
github.com/m00nk0d3/grove/internal/tui/modal/create.go:193.3,193.27 1 1
github.com/m00nk0d3/grove/internal/tui/modal/create.go:195.4,196.29 2 1
github.com/m00nk0d3/grove/internal/tui/modal/create.go:196.31,196.85 1 1
github.com/m00nk0d3/grove/internal/tui/modal/create.go:199.3,202.20 4 1
github.com/m00nk0d3/grove/internal/tui/modal/create.go:205.3,208.20 4 0
github.com/m00nk0d3/grove/internal/tui/modal/create.go:211.3,214.28 4 1
github.com/m00nk0d3/grove/internal/tui/modal/create.go:215.4,216.1 1 1
github.com/m00nk0d3/grove/internal/tui/modal/create.go:219.2,219.15 1 1
github.com/m00nk0d3/grove/internal/tui/modal/create.go:224.2,224.24 1 1
github.com/m00nk0d3/grove/internal/tui/modal/create.go:225.3,226.1 1 0
github.com/m00nk0d3/grove/internal/tui/modal/create.go:227.2,227.29 1 1
github.com/m00nk0d3/grove/internal/tui/modal/create.go:232.2,233.1 1 1
github.com/m00nk0d3/grove/internal/tui/modal/create.go:240.2,240.30 1 1
github.com/m00nk0d3/grove/internal/tui/modal/create.go:241.3,242.1 1 1
github.com/m00nk0d3/grove/internal/tui/modal/create.go:243.2,243.40 1 1
github.com/m00nk0d3/grove/internal/tui/modal/create.go:249.2,250.1 1 1
github.com/m00nk0d3/grove/internal/tui/modal/create.go:254.2,254.67 1 1
github.com/m00nk0d3/grove/internal/tui/modal/create.go:255.3,256.1 1 1
github.com/m00nk0d3/grove/internal/tui/modal/create.go:257.2,257.25 1 1
github.com/m00nk0d3/grove/internal/tui/modal/create.go:263.2,263.18 1 1
github.com/m00nk0d3/grove/internal/tui/modal/create.go:264.3,265.1 1 1
github.com/m00nk0d3/grove/internal/tui/modal/create.go:266.2,266.15 1 0
github.com/m00nk0d3/grove/internal/tui/modal/create.go:272.2,273.31 2 1
github.com/m00nk0d3/grove/internal/tui/modal/create.go:274.3,275.1 1 0
github.com/m00nk0d3/grove/internal/tui/modal/create.go:276.2,277.36 2 1
github.com/m00nk0d3/grove/internal/tui/modal/create.go:278.3,278.35 1 1
github.com/m00nk0d3/grove/internal/tui/modal/create.go:279.4,280.1 1 1
github.com/m00nk0d3/grove/internal/tui/modal/create.go:282.2,282.11 1 1
github.com/m00nk0d3/grove/internal/tui/modal/create.go:287.2,289.1 2 1
github.com/m00nk0d3/grove/internal/tui/modal/create.go:295.2,297.1 2 1
github.com/m00nk0d3/grove/internal/tui/modal/create.go:300.40,300.63 1 0
github.com/m00nk0d3/grove/internal/tui/modal/create.go:304.2,304.16 1 1
github.com/m00nk0d3/grove/internal/tui/modal/create.go:306.3,306.27 1 1
github.com/m00nk0d3/grove/internal/tui/modal/create.go:308.3,308.28 1 1
github.com/m00nk0d3/grove/internal/tui/modal/create.go:310.3,310.32 1 1
github.com/m00nk0d3/grove/internal/tui/modal/create.go:312.3,312.34 1 0
github.com/m00nk0d3/grove/internal/tui/modal/create.go:314.3,314.28 1 0
github.com/m00nk0d3/grove/internal/tui/modal/create.go:316.3,316.25 1 1
github.com/m00nk0d3/grove/internal/tui/modal/create.go:318.2,318.11 1 0
github.com/m00nk0d3/grove/internal/tui/modal/create.go:322.2,324.1 3 1
github.com/m00nk0d3/grove/internal/tui/modal/create.go:325.2,325.33 3 1
github.com/m00nk0d3/grove/internal/tui/modal/create.go:326.3,327.22 2 1
github.com/m00nk0d3/grove/internal/tui/modal/create.go:328.4,329.1 1 1
github.com/m00nk0d3/grove/internal/tui/modal/create.go:330.3,330.78 1 1
github.com/m00nk0d3/grove/internal/tui/modal/create.go:333.2,333.24 1 1
github.com/m00nk0d3/grove/internal/tui/modal/create.go:334.3,335.1 1 0
github.com/m00nk0d3/grove/internal/tui/modal/create.go:337.2,338.19 2 1
github.com/m00nk0d3/grove/internal/tui/modal/create.go:342.2,344.1 5 1
github.com/m00nk0d3/grove/internal/tui/modal/create.go:345.2,347.1 5 1
github.com/m00nk0d3/grove/internal/tui/modal/create.go:348.2,348.32 5 1
github.com/m00nk0d3/grove/internal/tui/modal/create.go:349.3,350.21 2 1
github.com/m00nk0d3/grove/internal/tui/modal/create.go:351.4,352.1 1 1
github.com/m00nk0d3/grove/internal/tui/modal/create.go:353.3,353.50 1 1
github.com/m00nk0d3/grove/internal/tui/modal/create.go:356.2,357.19 2 1
github.com/m00nk0d3/grove/internal/tui/modal/create.go:361.2,363.1 9 1
github.com/m00nk0d3/grove/internal/tui/modal/create.go:364.2,369.1 9 1
github.com/m00nk0d3/grove/internal/tui/modal/create.go:370.2,373.1 9 1
github.com/m00nk0d3/grove/internal/tui/modal/create.go:374.2,374.28 9 1
github.com/m00nk0d3/grove/internal/tui/modal/create.go:375.3,376.27 2 1
github.com/m00nk0d3/grove/internal/tui/modal/create.go:377.4,378.1 1 1
github.com/m00nk0d3/grove/internal/tui/modal/create.go:379.3,379.50 1 1
github.com/m00nk0d3/grove/internal/tui/modal/create.go:382.2,383.19 2 1
github.com/m00nk0d3/grove/internal/tui/modal/create.go:387.2,389.1 6 0
github.com/m00nk0d3/grove/internal/tui/modal/create.go:390.2,393.1 6 0
github.com/m00nk0d3/grove/internal/tui/modal/create.go:394.2,394.36 6 0
github.com/m00nk0d3/grove/internal/tui/modal/create.go:395.3,396.27 2 0
github.com/m00nk0d3/grove/internal/tui/modal/create.go:397.4,398.1 1 0
github.com/m00nk0d3/grove/internal/tui/modal/create.go:399.3,399.64 1 0
github.com/m00nk0d3/grove/internal/tui/modal/create.go:402.2,403.19 2 0
github.com/m00nk0d3/grove/internal/tui/modal/create.go:407.2,409.1 9 0
github.com/m00nk0d3/grove/internal/tui/modal/create.go:410.2,417.1 9 0
github.com/m00nk0d3/grove/internal/tui/modal/create.go:420.2,424.29 5 1
github.com/m00nk0d3/grove/internal/tui/modal/create.go:425.3,426.1 1 0
github.com/m00nk0d3/grove/internal/tui/modal/create.go:427.2,428.19 2 1
github.com/m00nk0d3/grove/internal/tui/modal/delete.go:18.2,19.1 1 1
github.com/m00nk0d3/grove/internal/tui/modal/delete.go:22.40,22.52 1 0
github.com/m00nk0d3/grove/internal/tui/modal/delete.go:26.2,27.9 2 1
github.com/m00nk0d3/grove/internal/tui/modal/delete.go:28.3,29.1 1 0
github.com/m00nk0d3/grove/internal/tui/modal/delete.go:31.2,31.25 1 1
github.com/m00nk0d3/grove/internal/tui/modal/delete.go:33.3,33.28 1 1
github.com/m00nk0d3/grove/internal/tui/modal/delete.go:34.4,37.1 1 1
github.com/m00nk0d3/grove/internal/tui/modal/delete.go:40.3,40.28 1 1
github.com/m00nk0d3/grove/internal/tui/modal/delete.go:40.30,40.58 1 1
github.com/m00nk0d3/grove/internal/tui/modal/delete.go:43.2,43.15 1 1
github.com/m00nk0d3/grove/internal/tui/modal/delete.go:47.40,47.66 1 0
github.com/m00nk0d3/grove/internal/tui/modal/delete.go:51.2,57.1 2 1
github.com/m00nk0d3/grove/internal/tui/modal/help.go:106.2,107.1 1 1
github.com/m00nk0d3/grove/internal/tui/modal/help.go:111.2,112.1 1 0
github.com/m00nk0d3/grove/internal/tui/modal/help.go:115.38,115.50 1 1
github.com/m00nk0d3/grove/internal/tui/modal/help.go:118.38,118.59 1 1
github.com/m00nk0d3/grove/internal/tui/modal/help.go:122.2,123.9 2 1
github.com/m00nk0d3/grove/internal/tui/modal/help.go:124.3,125.1 1 1
github.com/m00nk0d3/grove/internal/tui/modal/help.go:127.2,127.21 1 1
github.com/m00nk0d3/grove/internal/tui/modal/help.go:129.3,129.28 1 1
github.com/m00nk0d3/grove/internal/tui/modal/help.go:129.30,129.58 1 1
github.com/m00nk0d3/grove/internal/tui/modal/help.go:132.3,134.16 3 1
github.com/m00nk0d3/grove/internal/tui/modal/help.go:137.3,137.25 1 1
github.com/m00nk0d3/grove/internal/tui/modal/help.go:138.4,139.1 1 1
github.com/m00nk0d3/grove/internal/tui/modal/help.go:140.3,140.16 1 1
github.com/m00nk0d3/grove/internal/tui/modal/help.go:143.3,144.16 2 1
github.com/m00nk0d3/grove/internal/tui/modal/help.go:147.3,147.26 1 1
github.com/m00nk0d3/grove/internal/tui/modal/help.go:149.4,149.29 1 1
github.com/m00nk0d3/grove/internal/tui/modal/help.go:149.31,149.59 1 1
github.com/m00nk0d3/grove/internal/tui/modal/help.go:151.4,152.22 2 1
github.com/m00nk0d3/grove/internal/tui/modal/help.go:154.4,155.22 2 1
github.com/m00nk0d3/grove/internal/tui/modal/help.go:157.4,157.20 1 1
github.com/m00nk0d3/grove/internal/tui/modal/help.go:159.4,159.26 1 1
github.com/m00nk0d3/grove/internal/tui/modal/help.go:160.5,161.1 1 1
github.com/m00nk0d3/grove/internal/tui/modal/help.go:163.4,164.22 2 1
github.com/m00nk0d3/grove/internal/tui/modal/help.go:166.4,167.22 2 1
github.com/m00nk0d3/grove/internal/tui/modal/help.go:169.4,170.22 2 1
github.com/m00nk0d3/grove/internal/tui/modal/help.go:172.4,173.22 2 1
github.com/m00nk0d3/grove/internal/tui/modal/help.go:177.2,177.15 1 1
github.com/m00nk0d3/grove/internal/tui/modal/help.go:182.2,183.1 7 1
github.com/m00nk0d3/grove/internal/tui/modal/help.go:185.2,190.1 7 1
github.com/m00nk0d3/grove/internal/tui/modal/help.go:191.2,191.20 7 1
github.com/m00nk0d3/grove/internal/tui/modal/help.go:192.3,199.1 7 0
github.com/m00nk0d3/grove/internal/tui/modal/help.go:202.2,202.45 1 1
github.com/m00nk0d3/grove/internal/tui/modal/help.go:203.3,204.23 2 1
github.com/m00nk0d3/grove/internal/tui/modal/help.go:205.4,206.1 1 1
github.com/m00nk0d3/grove/internal/tui/modal/help.go:207.4,208.1 1 1
github.com/m00nk0d3/grove/internal/tui/modal/help.go:209.3,209.25 1 1
github.com/m00nk0d3/grove/internal/tui/modal/help.go:210.4,211.1 1 1
github.com/m00nk0d3/grove/internal/tui/modal/help.go:213.2,214.1 3 1
github.com/m00nk0d3/grove/internal/tui/modal/help.go:216.2,217.21 3 1
github.com/m00nk0d3/grove/internal/tui/modal/help.go:219.3,219.34 1 1
github.com/m00nk0d3/grove/internal/tui/modal/help.go:221.3,221.41 1 1
github.com/m00nk0d3/grove/internal/tui/modal/help.go:223.3,223.52 1 1
github.com/m00nk0d3/grove/internal/tui/modal/help.go:225.3,225.44 1 1
github.com/m00nk0d3/grove/internal/tui/modal/help.go:228.2,230.50 3 1
github.com/m00nk0d3/grove/internal/tui/modal/help.go:231.3,232.1 1 0
github.com/m00nk0d3/grove/internal/tui/modal/help.go:233.2,233.15 1 1
github.com/m00nk0d3/grove/internal/tui/modal/help.go:234.3,235.1 1 0
github.com/m00nk0d3/grove/internal/tui/modal/help.go:236.2,237.1 11 1
github.com/m00nk0d3/grove/internal/tui/modal/help.go:239.2,248.1 11 1
github.com/m00nk0d3/grove/internal/tui/modal/help.go:249.2,249.19 11 1
github.com/m00nk0d3/grove/internal/tui/modal/help.go:254.2,257.1 4 1
github.com/m00nk0d3/grove/internal/tui/modal/help.go:258.2,258.20 4 1
github.com/m00nk0d3/grove/internal/tui/modal/help.go:259.3,262.1 3 0
github.com/m00nk0d3/grove/internal/tui/modal/help.go:265.2,266.37 2 1
github.com/m00nk0d3/grove/internal/tui/modal/help.go:267.3,267.32 1 1
github.com/m00nk0d3/grove/internal/tui/modal/help.go:268.4,268.26 1 1
github.com/m00nk0d3/grove/internal/tui/modal/help.go:269.5,270.1 1 1
github.com/m00nk0d3/grove/internal/tui/modal/help.go:274.2,275.37 2 1
github.com/m00nk0d3/grove/internal/tui/modal/help.go:276.3,276.12 1 1
github.com/m00nk0d3/grove/internal/tui/modal/help.go:277.4,278.1 1 1
github.com/m00nk0d3/grove/internal/tui/modal/help.go:279.3,281.38 3 1
github.com/m00nk0d3/grove/internal/tui/modal/help.go:282.4,288.1 6 1
github.com/m00nk0d3/grove/internal/tui/modal/help.go:290.2,290.19 1 1
github.com/m00nk0d3/grove/internal/tui/modal/help.go:296.2,296.20 1 1
github.com/m00nk0d3/grove/internal/tui/modal/help.go:297.3,298.1 1 1
github.com/m00nk0d3/grove/internal/tui/modal/help.go:300.2,303.1 6 0
github.com/m00nk0d3/grove/internal/tui/modal/help.go:304.2,306.1 6 0
github.com/m00nk0d3/grove/internal/tui/modal/help.go:307.2,307.29 6 0
github.com/m00nk0d3/grove/internal/tui/modal/help.go:308.3,309.1 2 0
github.com/m00nk0d3/grove/internal/tui/modal/help.go:310.3,310.10 2 0
github.com/m00nk0d3/grove/internal/tui/modal/help.go:312.4,312.23 1 0
github.com/m00nk0d3/grove/internal/tui/modal/help.go:316.4,316.41 1 0
github.com/m00nk0d3/grove/internal/tui/modal/help.go:320.4,320.43 1 0
github.com/m00nk0d3/grove/internal/tui/modal/help.go:324.4,329.56 6 0
github.com/m00nk0d3/grove/internal/tui/modal/help.go:332.4,332.23 1 0
github.com/m00nk0d3/grove/internal/tui/modal/help.go:335.3,335.23 1 0
github.com/m00nk0d3/grove/internal/tui/modal/help.go:336.4,337.1 1 0
github.com/m00nk0d3/grove/internal/tui/modal/help.go:340.2,340.19 1 0
github.com/m00nk0d3/grove/internal/tui/modal/help.go:346.2,348.1 2 0
github.com/m00nk0d3/grove/internal/tui/modal/help.go:410.2,425.1 1 1
github.com/m00nk0d3/grove/internal/tui/modal/inspector_chrome.go:19.2,20.1 1 1
github.com/m00nk0d3/grove/internal/tui/modal/inspector_chrome.go:23.2,24.1 1 1
github.com/m00nk0d3/grove/internal/tui/modal/inspector_chrome.go:27.2,33.1 1 1
github.com/m00nk0d3/grove/internal/tui/modal/inspector_chrome.go:36.2,42.1 1 1
github.com/m00nk0d3/grove/internal/tui/modal/inspector_chrome.go:45.2,46.16 2 1
github.com/m00nk0d3/grove/internal/tui/modal/inspector_chrome.go:47.3,48.1 1 1
github.com/m00nk0d3/grove/internal/tui/modal/inspector_chrome.go:49.2,49.17 1 1
github.com/m00nk0d3/grove/internal/tui/modal/inspector_chrome.go:50.3,51.1 1 0
github.com/m00nk0d3/grove/internal/tui/modal/inspector_chrome.go:52.2,52.14 1 1
github.com/m00nk0d3/grove/internal/tui/modal/inspector_chrome.go:56.2,56.36 1 1
github.com/m00nk0d3/grove/internal/tui/modal/inspector_chrome.go:57.3,58.1 1 1
github.com/m00nk0d3/grove/internal/tui/modal/inspector_chrome.go:59.2,59.16 1 1
github.com/m00nk0d3/grove/internal/tui/modal/inspector_chrome.go:60.3,61.1 1 0
github.com/m00nk0d3/grove/internal/tui/modal/inspector_chrome.go:62.2,63.25 2 1
github.com/m00nk0d3/grove/internal/tui/modal/inspector_chrome.go:64.3,65.1 1 1
github.com/m00nk0d3/grove/internal/tui/modal/inspector_chrome.go:66.2,66.30 1 1
github.com/m00nk0d3/grove/internal/tui/modal/inspector_chrome.go:70.2,70.20 1 1
github.com/m00nk0d3/grove/internal/tui/modal/inspector_chrome.go:71.3,72.1 1 1
github.com/m00nk0d3/grove/internal/tui/modal/inspector_chrome.go:73.2,73.73 1 1
github.com/m00nk0d3/grove/internal/tui/modal/inspector_chrome.go:77.2,77.20 1 1
github.com/m00nk0d3/grove/internal/tui/modal/inspector_chrome.go:78.3,79.1 1 1
github.com/m00nk0d3/grove/internal/tui/modal/inspector_chrome.go:80.2,80.72 1 1
github.com/m00nk0d3/grove/internal/tui/modal/inspector_chrome.go:83.54,83.89 1 1
github.com/m00nk0d3/grove/internal/tui/modal/inspector_chrome.go:86.2,86.20 1 1
github.com/m00nk0d3/grove/internal/tui/modal/inspector_chrome.go:87.3,88.1 1 1
github.com/m00nk0d3/grove/internal/tui/modal/inspector_chrome.go:89.2,89.41 1 1
github.com/m00nk0d3/grove/internal/tui/modal/inspector_chrome.go:93.2,93.20 1 1
github.com/m00nk0d3/grove/internal/tui/modal/inspector_chrome.go:94.3,95.1 1 1
github.com/m00nk0d3/grove/internal/tui/modal/inspector_chrome.go:96.2,96.33 1 1
github.com/m00nk0d3/grove/internal/tui/modal/inspector_chrome.go:98.3,98.25 1 1
github.com/m00nk0d3/grove/internal/tui/modal/inspector_chrome.go:100.3,100.75 1 1
github.com/m00nk0d3/grove/internal/tui/modal/inspector_chrome.go:102.3,102.75 1 1
github.com/m00nk0d3/grove/internal/tui/modal/inspector_chrome.go:104.3,104.24 1 0
github.com/m00nk0d3/grove/internal/tui/modal/inspector_chrome.go:109.2,109.20 1 1
github.com/m00nk0d3/grove/internal/tui/modal/inspector_chrome.go:110.3,111.1 1 1
github.com/m00nk0d3/grove/internal/tui/modal/inspector_chrome.go:112.2,112.28 1 1
github.com/m00nk0d3/grove/internal/tui/modal/inspector_chrome.go:117.2,118.39 2 1
github.com/m00nk0d3/grove/internal/tui/modal/inspector_chrome.go:119.3,119.12 1 1
github.com/m00nk0d3/grove/internal/tui/modal/inspector_chrome.go:120.4,121.1 1 1
github.com/m00nk0d3/grove/internal/tui/modal/inspector_chrome.go:122.3,123.57 2 1
github.com/m00nk0d3/grove/internal/tui/modal/inspector_chrome.go:125.2,125.19 1 1
github.com/m00nk0d3/grove/internal/tui/modal/lab_capture.go:42.2,42.19 1 1
github.com/m00nk0d3/grove/internal/tui/modal/lab_capture.go:43.3,44.1 1 1
github.com/m00nk0d3/grove/internal/tui/modal/lab_capture.go:45.2,45.41 1 1
github.com/m00nk0d3/grove/internal/tui/modal/lab_capture.go:50.2,51.1 1 1
github.com/m00nk0d3/grove/internal/tui/modal/lab_capture.go:54.2,59.1 11 1
github.com/m00nk0d3/grove/internal/tui/modal/lab_capture.go:61.2,67.1 11 1
github.com/m00nk0d3/grove/internal/tui/modal/lab_capture.go:70.44,70.56 1 0
github.com/m00nk0d3/grove/internal/tui/modal/lab_capture.go:74.2,74.16 1 1
github.com/m00nk0d3/grove/internal/tui/modal/lab_capture.go:75.3,76.1 1 1
github.com/m00nk0d3/grove/internal/tui/modal/lab_capture.go:77.2,77.18 1 0
github.com/m00nk0d3/grove/internal/tui/modal/lab_capture.go:82.2,83.1 1 0
github.com/m00nk0d3/grove/internal/tui/modal/lab_capture.go:87.2,88.1 1 0
github.com/m00nk0d3/grove/internal/tui/modal/lab_capture.go:91.54,91.68 1 0
github.com/m00nk0d3/grove/internal/tui/modal/lab_capture.go:94.51,94.66 1 1
github.com/m00nk0d3/grove/internal/tui/modal/lab_capture.go:97.44,97.69 1 1
github.com/m00nk0d3/grove/internal/tui/modal/lab_capture.go:101.2,102.9 2 1
github.com/m00nk0d3/grove/internal/tui/modal/lab_capture.go:103.3,104.1 1 0
github.com/m00nk0d3/grove/internal/tui/modal/lab_capture.go:105.2,105.22 1 1
github.com/m00nk0d3/grove/internal/tui/modal/lab_capture.go:107.3,107.28 1 1
github.com/m00nk0d3/grove/internal/tui/modal/lab_capture.go:107.30,107.58 1 1
github.com/m00nk0d3/grove/internal/tui/modal/lab_capture.go:109.3,109.35 1 1
github.com/m00nk0d3/grove/internal/tui/modal/lab_capture.go:110.4,111.1 1 1
github.com/m00nk0d3/grove/internal/tui/modal/lab_capture.go:112.4,113.1 1 1
github.com/m00nk0d3/grove/internal/tui/modal/lab_capture.go:114.3,114.16 1 1
github.com/m00nk0d3/grove/internal/tui/modal/lab_capture.go:116.3,117.17 2 1
github.com/m00nk0d3/grove/internal/tui/modal/lab_capture.go:118.4,120.1 2 1
github.com/m00nk0d3/grove/internal/tui/modal/lab_capture.go:121.3,122.28 2 1
github.com/m00nk0d3/grove/internal/tui/modal/lab_capture.go:122.30,122.48 1 1
github.com/m00nk0d3/grove/internal/tui/modal/lab_capture.go:124.2,127.15 4 1
github.com/m00nk0d3/grove/internal/tui/modal/lab_capture.go:132.2,135.20 4 1
github.com/m00nk0d3/grove/internal/tui/modal/lab_capture.go:136.3,139.1 3 0
github.com/m00nk0d3/grove/internal/tui/modal/lab_capture.go:140.2,140.45 1 1
github.com/m00nk0d3/grove/internal/tui/modal/lab_capture.go:141.3,141.21 1 1
github.com/m00nk0d3/grove/internal/tui/modal/lab_capture.go:142.4,143.1 1 1
github.com/m00nk0d3/grove/internal/tui/modal/lab_capture.go:144.3,144.45 1 1
github.com/m00nk0d3/grove/internal/tui/modal/lab_capture.go:147.2,152.17 6 1
github.com/m00nk0d3/grove/internal/tui/modal/lab_capture.go:153.3,154.1 1 1
github.com/m00nk0d3/grove/internal/tui/modal/lab_capture.go:155.2,157.19 3 1
github.com/m00nk0d3/grove/internal/tui/modal/lab_delete.go:22.2,23.1 1 0
github.com/m00nk0d3/grove/internal/tui/modal/lab_delete.go:26.43,26.55 1 0
github.com/m00nk0d3/grove/internal/tui/modal/lab_delete.go:29.43,29.70 1 0
github.com/m00nk0d3/grove/internal/tui/modal/lab_delete.go:33.2,34.9 2 0
github.com/m00nk0d3/grove/internal/tui/modal/lab_delete.go:35.3,36.1 1 0
github.com/m00nk0d3/grove/internal/tui/modal/lab_delete.go:37.2,37.22 1 0
github.com/m00nk0d3/grove/internal/tui/modal/lab_delete.go:39.3,40.28 2 0
github.com/m00nk0d3/grove/internal/tui/modal/lab_delete.go:40.30,40.68 1 0
github.com/m00nk0d3/grove/internal/tui/modal/lab_delete.go:42.3,42.28 1 0
github.com/m00nk0d3/grove/internal/tui/modal/lab_delete.go:42.30,42.58 1 0
github.com/m00nk0d3/grove/internal/tui/modal/lab_delete.go:44.2,44.15 1 0
github.com/m00nk0d3/grove/internal/tui/modal/lab_delete.go:49.2,50.29 2 0
github.com/m00nk0d3/grove/internal/tui/modal/lab_delete.go:51.3,52.1 1 0
github.com/m00nk0d3/grove/internal/tui/modal/lab_delete.go:53.2,53.95 1 0
github.com/m00nk0d3/grove/internal/tui/modal/lab_delete.go:70.2,71.1 1 0
github.com/m00nk0d3/grove/internal/tui/modal/lab_delete.go:74.44,74.56 1 0
github.com/m00nk0d3/grove/internal/tui/modal/lab_delete.go:77.44,77.72 1 0
github.com/m00nk0d3/grove/internal/tui/modal/lab_delete.go:81.2,82.9 2 0
github.com/m00nk0d3/grove/internal/tui/modal/lab_delete.go:83.3,84.1 1 0
github.com/m00nk0d3/grove/internal/tui/modal/lab_delete.go:85.2,85.22 1 0
github.com/m00nk0d3/grove/internal/tui/modal/lab_delete.go:87.3,88.28 2 0
github.com/m00nk0d3/grove/internal/tui/modal/lab_delete.go:88.30,88.69 1 0
github.com/m00nk0d3/grove/internal/tui/modal/lab_delete.go:90.3,90.28 1 0
github.com/m00nk0d3/grove/internal/tui/modal/lab_delete.go:90.30,90.58 1 0
github.com/m00nk0d3/grove/internal/tui/modal/lab_delete.go:92.2,92.15 1 0
github.com/m00nk0d3/grove/internal/tui/modal/lab_delete.go:97.2,98.1 1 0
github.com/m00nk0d3/grove/internal/tui/modal/lab_inspector.go:24.2,24.44 1 1
github.com/m00nk0d3/grove/internal/tui/modal/lab_inspector.go:26.3,26.14 1 1
github.com/m00nk0d3/grove/internal/tui/modal/lab_inspector.go:28.2,28.14 1 1
github.com/m00nk0d3/grove/internal/tui/modal/lab_inspector.go:53.2,53.22 1 1
github.com/m00nk0d3/grove/internal/tui/modal/lab_inspector.go:54.3,55.1 1 1
github.com/m00nk0d3/grove/internal/tui/modal/lab_inspector.go:56.2,56.36 1 1
github.com/m00nk0d3/grove/internal/tui/modal/lab_inspector.go:133.2,134.1 1 1
github.com/m00nk0d3/grove/internal/tui/modal/lab_inspector.go:137.48,137.73 1 1
github.com/m00nk0d3/grove/internal/tui/modal/lab_inspector.go:140.47,140.84 1 1
github.com/m00nk0d3/grove/internal/tui/modal/lab_inspector.go:144.2,144.76 1 1
github.com/m00nk0d3/grove/internal/tui/modal/lab_inspector.go:145.3,146.1 1 1
github.com/m00nk0d3/grove/internal/tui/modal/lab_inspector.go:147.2,149.24 3 1
github.com/m00nk0d3/grove/internal/tui/modal/lab_inspector.go:149.26,149.38 1 1
github.com/m00nk0d3/grove/internal/tui/modal/lab_inspector.go:153.65,153.82 1 1
github.com/m00nk0d3/grove/internal/tui/modal/lab_inspector.go:158.2,158.32 1 1
github.com/m00nk0d3/grove/internal/tui/modal/lab_inspector.go:159.3,160.1 1 1
github.com/m00nk0d3/grove/internal/tui/modal/lab_inspector.go:161.2,162.35 2 1
github.com/m00nk0d3/grove/internal/tui/modal/lab_inspector.go:163.3,164.1 1 1
github.com/m00nk0d3/grove/internal/tui/modal/lab_inspector.go:165.2,167.32 3 1
github.com/m00nk0d3/grove/internal/tui/modal/lab_inspector.go:168.3,168.29 1 1
github.com/m00nk0d3/grove/internal/tui/modal/lab_inspector.go:169.4,170.1 1 1
github.com/m00nk0d3/grove/internal/tui/modal/lab_inspector.go:172.2,172.17 1 1
github.com/m00nk0d3/grove/internal/tui/modal/lab_inspector.go:176.46,176.75 1 1
github.com/m00nk0d3/grove/internal/tui/modal/lab_inspector.go:179.46,179.70 1 0
github.com/m00nk0d3/grove/internal/tui/modal/lab_inspector.go:182.49,182.62 1 0
github.com/m00nk0d3/grove/internal/tui/modal/lab_inspector.go:185.51,185.68 1 1
github.com/m00nk0d3/grove/internal/tui/modal/lab_inspector.go:188.53,188.72 1 1
github.com/m00nk0d3/grove/internal/tui/modal/lab_inspector.go:191.60,191.78 1 1
github.com/m00nk0d3/grove/internal/tui/modal/lab_inspector.go:194.2,195.24 2 1
github.com/m00nk0d3/grove/internal/tui/modal/lab_inspector.go:195.26,195.72 1 1
github.com/m00nk0d3/grove/internal/tui/modal/lab_inspector.go:200.2,201.9 2 1
github.com/m00nk0d3/grove/internal/tui/modal/lab_inspector.go:202.3,203.1 1 0
github.com/m00nk0d3/grove/internal/tui/modal/lab_inspector.go:204.2,204.18 1 1
github.com/m00nk0d3/grove/internal/tui/modal/lab_inspector.go:206.3,206.28 1 1
github.com/m00nk0d3/grove/internal/tui/modal/lab_inspector.go:206.30,206.58 1 1
github.com/m00nk0d3/grove/internal/tui/modal/lab_inspector.go:208.3,208.38 1 1
github.com/m00nk0d3/grove/internal/tui/modal/lab_inspector.go:210.3,210.61 1 0
github.com/m00nk0d3/grove/internal/tui/modal/lab_inspector.go:212.3,212.75 1 1
github.com/m00nk0d3/grove/internal/tui/modal/lab_inspector.go:213.4,214.29 2 1
github.com/m00nk0d3/grove/internal/tui/modal/lab_inspector.go:214.31,214.68 1 1
github.com/m00nk0d3/grove/internal/tui/modal/lab_inspector.go:216.3,216.16 1 1
github.com/m00nk0d3/grove/internal/tui/modal/lab_inspector.go:218.3,218.16 1 0
github.com/m00nk0d3/grove/internal/tui/modal/lab_inspector.go:220.3,220.17 1 0
github.com/m00nk0d3/grove/internal/tui/modal/lab_inspector.go:222.3,222.41 1 1
github.com/m00nk0d3/grove/internal/tui/modal/lab_inspector.go:224.3,224.42 1 0
github.com/m00nk0d3/grove/internal/tui/modal/lab_inspector.go:226.3,226.15 1 0
github.com/m00nk0d3/grove/internal/tui/modal/lab_inspector.go:228.3,228.22 1 0
github.com/m00nk0d3/grove/internal/tui/modal/lab_inspector.go:230.3,230.31 1 1
github.com/m00nk0d3/grove/internal/tui/modal/lab_inspector.go:232.4,232.29 1 0
github.com/m00nk0d3/grove/internal/tui/modal/lab_inspector.go:232.31,232.59 1 0
github.com/m00nk0d3/grove/internal/tui/modal/lab_inspector.go:234.4,234.62 1 0
github.com/m00nk0d3/grove/internal/tui/modal/lab_inspector.go:236.4,236.39 1 0
github.com/m00nk0d3/grove/internal/tui/modal/lab_inspector.go:238.4,238.17 1 0
github.com/m00nk0d3/grove/internal/tui/modal/lab_inspector.go:240.4,240.18 1 0
github.com/m00nk0d3/grove/internal/tui/modal/lab_inspector.go:242.4,242.16 1 0
github.com/m00nk0d3/grove/internal/tui/modal/lab_inspector.go:244.4,244.23 1 1
github.com/m00nk0d3/grove/internal/tui/modal/lab_inspector.go:246.4,246.24 1 0
github.com/m00nk0d3/grove/internal/tui/modal/lab_inspector.go:248.4,248.23 1 1
github.com/m00nk0d3/grove/internal/tui/modal/lab_inspector.go:250.4,250.39 1 0
github.com/m00nk0d3/grove/internal/tui/modal/lab_inspector.go:250.41,250.69 1 0
github.com/m00nk0d3/grove/internal/tui/modal/lab_inspector.go:252.4,252.40 1 1
github.com/m00nk0d3/grove/internal/tui/modal/lab_inspector.go:254.4,254.40 1 1
github.com/m00nk0d3/grove/internal/tui/modal/lab_inspector.go:256.4,256.37 1 1
github.com/m00nk0d3/grove/internal/tui/modal/lab_inspector.go:258.4,258.40 1 1
github.com/m00nk0d3/grove/internal/tui/modal/lab_inspector.go:260.4,260.22 1 1
github.com/m00nk0d3/grove/internal/tui/modal/lab_inspector.go:261.5,262.30 2 1
github.com/m00nk0d3/grove/internal/tui/modal/lab_inspector.go:262.32,262.76 1 1
github.com/m00nk0d3/grove/internal/tui/modal/lab_inspector.go:265.4,265.75 1 1
github.com/m00nk0d3/grove/internal/tui/modal/lab_inspector.go:266.5,267.1 1 1
github.com/m00nk0d3/grove/internal/tui/modal/lab_inspector.go:270.2,270.15 1 1
github.com/m00nk0d3/grove/internal/tui/modal/lab_inspector.go:274.2,276.42 3 1
github.com/m00nk0d3/grove/internal/tui/modal/lab_inspector.go:277.3,278.1 1 1
github.com/m00nk0d3/grove/internal/tui/modal/lab_inspector.go:279.2,279.12 1 1
github.com/m00nk0d3/grove/internal/tui/modal/lab_inspector.go:283.2,283.67 1 1
github.com/m00nk0d3/grove/internal/tui/modal/lab_inspector.go:284.3,285.1 1 0
github.com/m00nk0d3/grove/internal/tui/modal/lab_inspector.go:286.2,287.14 2 1
github.com/m00nk0d3/grove/internal/tui/modal/lab_inspector.go:292.2,292.19 1 1
github.com/m00nk0d3/grove/internal/tui/modal/lab_inspector.go:293.3,294.1 1 0
github.com/m00nk0d3/grove/internal/tui/modal/lab_inspector.go:295.2,295.48 1 1
github.com/m00nk0d3/grove/internal/tui/modal/lab_inspector.go:301.2,303.21 3 1
github.com/m00nk0d3/grove/internal/tui/modal/lab_inspector.go:305.3,305.37 1 1
github.com/m00nk0d3/grove/internal/tui/modal/lab_inspector.go:306.4,307.1 1 0
github.com/m00nk0d3/grove/internal/tui/modal/lab_inspector.go:308.3,310.10 3 1
github.com/m00nk0d3/grove/internal/tui/modal/lab_inspector.go:312.4,312.37 1 1
github.com/m00nk0d3/grove/internal/tui/modal/lab_inspector.go:314.4,314.60 1 0
github.com/m00nk0d3/grove/internal/tui/modal/lab_inspector.go:316.3,316.66 1 1
github.com/m00nk0d3/grove/internal/tui/modal/lab_inspector.go:318.3,318.80 1 1
github.com/m00nk0d3/grove/internal/tui/modal/lab_inspector.go:320.2,320.12 1 1
github.com/m00nk0d3/grove/internal/tui/modal/lab_inspector.go:324.2,326.1 2 1
github.com/m00nk0d3/grove/internal/tui/modal/lab_inspector.go:329.2,331.1 2 1
github.com/m00nk0d3/grove/internal/tui/modal/lab_inspector.go:335.2,340.21 6 1
github.com/m00nk0d3/grove/internal/tui/modal/lab_inspector.go:342.3,342.36 1 1
github.com/m00nk0d3/grove/internal/tui/modal/lab_inspector.go:344.3,344.33 1 1
github.com/m00nk0d3/grove/internal/tui/modal/lab_inspector.go:346.3,346.37 1 1
github.com/m00nk0d3/grove/internal/tui/modal/lab_inspector.go:348.3,348.53 1 1
github.com/m00nk0d3/grove/internal/tui/modal/lab_inspector.go:350.2,352.21 3 1
github.com/m00nk0d3/grove/internal/tui/modal/lab_inspector.go:354.3,355.27 2 1
github.com/m00nk0d3/grove/internal/tui/modal/lab_inspector.go:356.4,357.1 1 1
github.com/m00nk0d3/grove/internal/tui/modal/lab_inspector.go:358.3,358.27 1 1
github.com/m00nk0d3/grove/internal/tui/modal/lab_inspector.go:359.4,360.1 1 1
github.com/m00nk0d3/grove/internal/tui/modal/lab_inspector.go:362.3,362.51 1 1
github.com/m00nk0d3/grove/internal/tui/modal/lab_inspector.go:364.2,364.20 1 1
github.com/m00nk0d3/grove/internal/tui/modal/lab_inspector.go:365.3,366.1 1 1
github.com/m00nk0d3/grove/internal/tui/modal/lab_inspector.go:367.2,367.74 1 1
github.com/m00nk0d3/grove/internal/tui/modal/lab_inspector.go:368.3,369.1 1 1
github.com/m00nk0d3/grove/internal/tui/modal/lab_inspector.go:370.2,372.19 3 1
github.com/m00nk0d3/grove/internal/tui/modal/lab_inspector.go:376.2,378.23 3 1
github.com/m00nk0d3/grove/internal/tui/modal/lab_inspector.go:379.3,380.1 1 1
github.com/m00nk0d3/grove/internal/tui/modal/lab_inspector.go:381.2,388.30 8 1
github.com/m00nk0d3/grove/internal/tui/modal/lab_inspector.go:389.3,390.1 1 1
github.com/m00nk0d3/grove/internal/tui/modal/lab_inspector.go:391.2,392.1 4 1
github.com/m00nk0d3/grove/internal/tui/modal/lab_inspector.go:393.2,395.27 4 1
github.com/m00nk0d3/grove/internal/tui/modal/lab_inspector.go:396.3,397.1 1 1
github.com/m00nk0d3/grove/internal/tui/modal/lab_inspector.go:398.2,404.1 4 1
github.com/m00nk0d3/grove/internal/tui/modal/lab_inspector.go:405.2,406.19 4 1
github.com/m00nk0d3/grove/internal/tui/modal/lab_inspector.go:412.2,413.75 2 1
github.com/m00nk0d3/grove/internal/tui/modal/lab_inspector.go:414.3,415.1 1 1
github.com/m00nk0d3/grove/internal/tui/modal/lab_inspector.go:416.2,416.20 1 1
github.com/m00nk0d3/grove/internal/tui/modal/lab_inspector.go:417.3,418.1 1 0
github.com/m00nk0d3/grove/internal/tui/modal/lab_inspector.go:419.2,420.91 2 1
github.com/m00nk0d3/grove/internal/tui/modal/lab_inspector.go:421.3,422.1 1 0
github.com/m00nk0d3/grove/internal/tui/modal/lab_inspector.go:423.2,423.41 1 1
github.com/m00nk0d3/grove/internal/tui/modal/lab_inspector.go:427.2,427.24 1 1
github.com/m00nk0d3/grove/internal/tui/modal/lab_inspector.go:428.3,429.1 1 1
github.com/m00nk0d3/grove/internal/tui/modal/lab_inspector.go:430.2,430.46 1 1
github.com/m00nk0d3/grove/internal/tui/modal/lab_inspector.go:434.2,436.24 3 1
github.com/m00nk0d3/grove/internal/tui/modal/lab_inspector.go:437.3,438.1 1 0
github.com/m00nk0d3/grove/internal/tui/modal/lab_inspector.go:439.2,439.25 1 1
github.com/m00nk0d3/grove/internal/tui/modal/lab_inspector.go:440.3,441.1 1 0
github.com/m00nk0d3/grove/internal/tui/modal/lab_inspector.go:442.2,442.12 1 1
github.com/m00nk0d3/grove/internal/tui/modal/lab_inspector.go:443.3,444.1 1 1
github.com/m00nk0d3/grove/internal/tui/modal/lab_inspector.go:445.2,445.31 1 0
github.com/m00nk0d3/grove/internal/tui/modal/lab_inspector.go:449.2,450.46 2 1
github.com/m00nk0d3/grove/internal/tui/modal/lab_inspector.go:451.3,452.40 2 1
github.com/m00nk0d3/grove/internal/tui/modal/lab_inspector.go:453.4,454.1 1 1
github.com/m00nk0d3/grove/internal/tui/modal/lab_inspector.go:455.3,456.39 2 1
github.com/m00nk0d3/grove/internal/tui/modal/lab_inspector.go:457.4,458.1 1 1
github.com/m00nk0d3/grove/internal/tui/modal/lab_inspector.go:460.2,460.19 1 1
github.com/m00nk0d3/grove/internal/tui/modal/lab_inspector.go:464.2,466.1 6 1
github.com/m00nk0d3/grove/internal/tui/modal/lab_inspector.go:467.2,470.18 6 1
github.com/m00nk0d3/grove/internal/tui/modal/lab_inspector.go:471.3,472.1 1 1
github.com/m00nk0d3/grove/internal/tui/modal/lab_inspector.go:473.2,473.16 1 1
github.com/m00nk0d3/grove/internal/tui/modal/lab_inspector.go:474.3,475.1 1 0
github.com/m00nk0d3/grove/internal/tui/modal/lab_inspector.go:476.2,479.1 5 1
github.com/m00nk0d3/grove/internal/tui/modal/lab_inspector.go:480.2,481.40 5 1
github.com/m00nk0d3/grove/internal/tui/modal/lab_inspector.go:482.3,484.24 3 1
github.com/m00nk0d3/grove/internal/tui/modal/lab_inspector.go:485.4,486.1 1 1
github.com/m00nk0d3/grove/internal/tui/modal/lab_inspector.go:487.3,492.23 6 1
github.com/m00nk0d3/grove/internal/tui/modal/lab_inspector.go:493.4,494.18 2 1
github.com/m00nk0d3/grove/internal/tui/modal/lab_inspector.go:495.5,496.1 1 1
github.com/m00nk0d3/grove/internal/tui/modal/lab_inspector.go:498.3,500.21 3 1
github.com/m00nk0d3/grove/internal/tui/modal/lab_inspector.go:501.4,502.1 1 0
github.com/m00nk0d3/grove/internal/tui/modal/lab_inspector.go:504.3,506.34 3 1
github.com/m00nk0d3/grove/internal/tui/modal/lab_inspector.go:507.4,508.1 1 1
github.com/m00nk0d3/grove/internal/tui/modal/lab_inspector.go:509.3,509.96 1 1
github.com/m00nk0d3/grove/internal/tui/modal/lab_inspector.go:512.2,514.66 3 1
github.com/m00nk0d3/grove/internal/tui/modal/lab_inspector.go:518.2,520.24 3 1
github.com/m00nk0d3/grove/internal/tui/modal/lab_inspector.go:521.3,522.1 1 0
github.com/m00nk0d3/grove/internal/tui/modal/lab_inspector.go:523.2,523.35 1 1
github.com/m00nk0d3/grove/internal/tui/modal/lab_inspector.go:524.3,525.1 1 0
github.com/m00nk0d3/grove/internal/tui/modal/lab_inspector.go:526.2,526.25 1 1
github.com/m00nk0d3/grove/internal/tui/modal/lab_inspector.go:527.3,528.1 1 0
github.com/m00nk0d3/grove/internal/tui/modal/lab_inspector.go:529.2,529.21 1 1
github.com/m00nk0d3/grove/internal/tui/modal/lab_inspector.go:530.3,531.1 1 1
github.com/m00nk0d3/grove/internal/tui/modal/lab_inspector.go:532.2,532.71 1 0
github.com/m00nk0d3/grove/internal/tui/modal/lab_inspector.go:537.2,541.1 8 1
github.com/m00nk0d3/grove/internal/tui/modal/lab_inspector.go:542.2,545.31 8 1
github.com/m00nk0d3/grove/internal/tui/modal/lab_inspector.go:546.3,547.10 2 1
github.com/m00nk0d3/grove/internal/tui/modal/lab_inspector.go:549.4,549.51 1 1
github.com/m00nk0d3/grove/internal/tui/modal/lab_inspector.go:551.4,551.49 1 1
github.com/m00nk0d3/grove/internal/tui/modal/lab_inspector.go:553.4,553.49 1 0
github.com/m00nk0d3/grove/internal/tui/modal/lab_inspector.go:555.3,556.22 2 1
github.com/m00nk0d3/grove/internal/tui/modal/lab_inspector.go:559.2,562.28 4 1
github.com/m00nk0d3/grove/internal/tui/modal/lab_inspector.go:563.3,565.1 2 0
github.com/m00nk0d3/grove/internal/tui/modal/lab_inspector.go:566.2,566.35 1 1
github.com/m00nk0d3/grove/internal/tui/modal/lab_inspector.go:567.3,571.33 5 1
github.com/m00nk0d3/grove/internal/tui/modal/lab_inspector.go:572.4,573.40 2 1
github.com/m00nk0d3/grove/internal/tui/modal/lab_inspector.go:574.5,575.1 1 1
github.com/m00nk0d3/grove/internal/tui/modal/lab_inspector.go:576.4,576.23 1 1
github.com/m00nk0d3/grove/internal/tui/modal/lab_inspector.go:579.2,579.44 1 1
github.com/m00nk0d3/grove/internal/tui/modal/lab_inspector.go:583.2,583.9 1 1
github.com/m00nk0d3/grove/internal/tui/modal/lab_inspector.go:585.3,585.57 1 1
github.com/m00nk0d3/grove/internal/tui/modal/lab_inspector.go:587.3,588.59 1 1
github.com/m00nk0d3/grove/internal/tui/modal/lab_inspector.go:590.3,590.151 1 1
github.com/m00nk0d3/grove/internal/tui/modal/lab_inspector.go:592.2,593.32 2 1
github.com/m00nk0d3/grove/internal/tui/modal/lab_inspector.go:594.3,595.22 2 1
github.com/m00nk0d3/grove/internal/tui/modal/lab_inspector.go:596.4,597.1 1 1
github.com/m00nk0d3/grove/internal/tui/modal/lab_inspector.go:598.3,599.21 2 1
github.com/m00nk0d3/grove/internal/tui/modal/lab_inspector.go:601.2,605.16 5 1
github.com/m00nk0d3/grove/internal/tui/modal/lab_inspector.go:607.3,607.43 1 1
github.com/m00nk0d3/grove/internal/tui/modal/lab_inspector.go:609.3,609.32 1 1
github.com/m00nk0d3/grove/internal/tui/modal/lab_inspector.go:611.2,612.44 2 1
github.com/m00nk0d3/grove/internal/tui/modal/lab_inspector.go:613.3,614.1 1 1
github.com/m00nk0d3/grove/internal/tui/modal/lab_inspector.go:615.2,620.19 6 1
github.com/m00nk0d3/grove/internal/tui/modal/lab_inspector.go:625.2,629.35 5 1
github.com/m00nk0d3/grove/internal/tui/modal/lab_inspector.go:630.3,631.1 1 1
github.com/m00nk0d3/grove/internal/tui/modal/lab_inspector.go:632.2,632.12 1 1
github.com/m00nk0d3/grove/internal/tui/modal/lab_inspector.go:637.2,637.15 1 1
github.com/m00nk0d3/grove/internal/tui/modal/lab_inspector.go:639.3,639.15 1 1
github.com/m00nk0d3/grove/internal/tui/modal/lab_inspector.go:641.3,641.15 1 0
github.com/m00nk0d3/grove/internal/tui/modal/lab_inspector.go:643.3,643.15 1 1
github.com/m00nk0d3/grove/internal/tui/modal/lab_inspector.go:650.2,650.61 1 1
github.com/m00nk0d3/grove/internal/tui/modal/lab_inspector.go:651.3,652.1 1 1
github.com/m00nk0d3/grove/internal/tui/modal/lab_inspector.go:653.2,653.47 1 1
github.com/m00nk0d3/grove/internal/tui/modal/lab_inspector.go:654.3,655.33 2 1
github.com/m00nk0d3/grove/internal/tui/modal/lab_inspector.go:656.4,656.79 1 1
github.com/m00nk0d3/grove/internal/tui/modal/lab_inspector.go:657.5,658.1 1 1
github.com/m00nk0d3/grove/internal/tui/modal/lab_inspector.go:660.3,660.16 1 1
github.com/m00nk0d3/grove/internal/tui/modal/lab_inspector.go:661.4,662.1 1 1
github.com/m00nk0d3/grove/internal/tui/modal/lab_inspector.go:664.2,664.13 1 1
github.com/m00nk0d3/grove/internal/tui/modal/lab_inspector.go:671.2,672.16 2 1
github.com/m00nk0d3/grove/internal/tui/modal/lab_inspector.go:673.3,674.1 1 1
github.com/m00nk0d3/grove/internal/tui/modal/lab_inspector.go:675.2,677.28 3 1
github.com/m00nk0d3/grove/internal/tui/modal/lab_inspector.go:678.3,679.27 2 1
github.com/m00nk0d3/grove/internal/tui/modal/lab_inspector.go:680.4,681.1 1 1
github.com/m00nk0d3/grove/internal/tui/modal/lab_inspector.go:682.4,683.1 1 1
github.com/m00nk0d3/grove/internal/tui/modal/lab_inspector.go:684.3,685.22 2 1
github.com/m00nk0d3/grove/internal/tui/modal/lab_inspector.go:687.2,687.19 1 1
github.com/m00nk0d3/grove/internal/tui/modal/lab_publish.go:69.2,69.36 1 1
github.com/m00nk0d3/grove/internal/tui/modal/lab_publish.go:70.3,71.1 1 0
github.com/m00nk0d3/grove/internal/tui/modal/lab_publish.go:72.2,72.37 1 1
github.com/m00nk0d3/grove/internal/tui/modal/lab_publish.go:76.44,76.56 1 0
github.com/m00nk0d3/grove/internal/tui/modal/lab_publish.go:79.44,79.72 1 0
github.com/m00nk0d3/grove/internal/tui/modal/lab_publish.go:82.47,82.60 1 0
github.com/m00nk0d3/grove/internal/tui/modal/lab_publish.go:85.49,85.66 1 1
github.com/m00nk0d3/grove/internal/tui/modal/lab_publish.go:88.51,88.70 1 1
github.com/m00nk0d3/grove/internal/tui/modal/lab_publish.go:91.58,91.76 1 1
github.com/m00nk0d3/grove/internal/tui/modal/lab_publish.go:93.46,93.77 1 1
github.com/m00nk0d3/grove/internal/tui/modal/lab_publish.go:97.2,98.9 2 1
github.com/m00nk0d3/grove/internal/tui/modal/lab_publish.go:99.3,100.1 1 0
github.com/m00nk0d3/grove/internal/tui/modal/lab_publish.go:101.2,101.22 1 1
github.com/m00nk0d3/grove/internal/tui/modal/lab_publish.go:103.3,104.24 2 1
github.com/m00nk0d3/grove/internal/tui/modal/lab_publish.go:105.4,106.1 1 1
github.com/m00nk0d3/grove/internal/tui/modal/lab_publish.go:107.3,107.28 1 1
github.com/m00nk0d3/grove/internal/tui/modal/lab_publish.go:107.30,107.48 1 1
github.com/m00nk0d3/grove/internal/tui/modal/lab_publish.go:109.3,109.28 1 1
github.com/m00nk0d3/grove/internal/tui/modal/lab_publish.go:109.30,109.58 1 1
github.com/m00nk0d3/grove/internal/tui/modal/lab_publish.go:111.3,111.20 1 0
github.com/m00nk0d3/grove/internal/tui/modal/lab_publish.go:112.4,113.1 1 0
github.com/m00nk0d3/grove/internal/tui/modal/lab_publish.go:115.3,115.20 1 1
github.com/m00nk0d3/grove/internal/tui/modal/lab_publish.go:116.4,117.1 1 1
github.com/m00nk0d3/grove/internal/tui/modal/lab_publish.go:119.3,119.13 1 0
github.com/m00nk0d3/grove/internal/tui/modal/lab_publish.go:121.3,121.32 1 0
github.com/m00nk0d3/grove/internal/tui/modal/lab_publish.go:123.3,123.27 1 0
github.com/m00nk0d3/grove/internal/tui/modal/lab_publish.go:125.3,125.43 1 0
github.com/m00nk0d3/grove/internal/tui/modal/lab_publish.go:127.2,127.15 1 1
github.com/m00nk0d3/grove/internal/tui/modal/lab_publish.go:132.2,134.13 3 1
github.com/m00nk0d3/grove/internal/tui/modal/lab_publish.go:135.3,136.1 1 1
github.com/m00nk0d3/grove/internal/tui/modal/lab_publish.go:137.2,138.16 2 1
github.com/m00nk0d3/grove/internal/tui/modal/lab_publish.go:139.3,140.1 1 1
github.com/m00nk0d3/grove/internal/tui/modal/lab_publish.go:141.2,141.12 1 1
github.com/m00nk0d3/grove/internal/tui/modal/lab_publish.go:145.2,145.19 1 1
github.com/m00nk0d3/grove/internal/tui/modal/lab_publish.go:146.3,147.1 1 1
github.com/m00nk0d3/grove/internal/tui/modal/lab_publish.go:148.2,148.28 1 1
github.com/m00nk0d3/grove/internal/tui/modal/lab_publish.go:153.2,157.20 5 1
github.com/m00nk0d3/grove/internal/tui/modal/lab_publish.go:158.3,159.1 1 1
github.com/m00nk0d3/grove/internal/tui/modal/lab_publish.go:160.3,161.1 1 1
github.com/m00nk0d3/grove/internal/tui/modal/lab_publish.go:162.2,163.1 4 1
github.com/m00nk0d3/grove/internal/tui/modal/lab_publish.go:164.2,166.23 4 1
github.com/m00nk0d3/grove/internal/tui/modal/lab_publish.go:167.3,168.1 1 1
github.com/m00nk0d3/grove/internal/tui/modal/lab_publish.go:169.2,172.31 4 1
github.com/m00nk0d3/grove/internal/tui/modal/lab_publish.go:173.3,174.1 1 0
github.com/m00nk0d3/grove/internal/tui/modal/lab_publish.go:175.2,175.24 1 1
github.com/m00nk0d3/grove/internal/tui/modal/lab_publish.go:176.3,179.31 4 1
github.com/m00nk0d3/grove/internal/tui/modal/lab_publish.go:180.4,181.28 2 1
github.com/m00nk0d3/grove/internal/tui/modal/lab_publish.go:182.5,183.1 1 1
github.com/m00nk0d3/grove/internal/tui/modal/lab_publish.go:184.4,186.23 3 1
github.com/m00nk0d3/grove/internal/tui/modal/lab_publish.go:189.2,192.1 9 1
github.com/m00nk0d3/grove/internal/tui/modal/lab_publish.go:193.2,198.23 9 1
github.com/m00nk0d3/grove/internal/tui/modal/lab_publish.go:199.3,200.1 1 0
github.com/m00nk0d3/grove/internal/tui/modal/lab_publish.go:201.2,202.1 3 1
github.com/m00nk0d3/grove/internal/tui/modal/lab_publish.go:203.2,204.19 3 1
github.com/m00nk0d3/grove/internal/tui/modal/lab_publish.go:205.3,206.1 1 1
github.com/m00nk0d3/grove/internal/tui/modal/lab_publish.go:207.2,208.19 2 1
github.com/m00nk0d3/grove/internal/tui/modal/lab_publish.go:212.2,213.17 2 1
github.com/m00nk0d3/grove/internal/tui/modal/lab_publish.go:214.3,214.25 1 1
github.com/m00nk0d3/grove/internal/tui/modal/lab_publish.go:215.4,216.1 1 1
github.com/m00nk0d3/grove/internal/tui/modal/lab_publish.go:217.3,217.39 1 1
github.com/m00nk0d3/grove/internal/tui/modal/lab_publish.go:219.2,221.19 3 1
github.com/m00nk0d3/grove/internal/tui/modal/lab_publish.go:222.3,223.1 1 1
github.com/m00nk0d3/grove/internal/tui/modal/lab_publish.go:224.2,224.14 1 1
github.com/m00nk0d3/grove/internal/tui/modal/messages.go:74.2,76.1 2 1
github.com/m00nk0d3/grove/internal/tui/modal/messages.go:78.37,78.37 0 0
github.com/m00nk0d3/grove/internal/tui/modal/mission.go:57.2,61.1 1 1
github.com/m00nk0d3/grove/internal/tui/modal/mission.go:64.41,64.53 1 0
github.com/m00nk0d3/grove/internal/tui/modal/mission.go:66.41,66.69 1 0
github.com/m00nk0d3/grove/internal/tui/modal/mission.go:68.44,68.57 1 0
github.com/m00nk0d3/grove/internal/tui/modal/mission.go:71.2,72.1 1 1
github.com/m00nk0d3/grove/internal/tui/modal/mission.go:74.46,74.63 1 1
github.com/m00nk0d3/grove/internal/tui/modal/mission.go:76.48,76.67 1 1
github.com/m00nk0d3/grove/internal/tui/modal/mission.go:78.55,78.73 1 1
github.com/m00nk0d3/grove/internal/tui/modal/mission.go:81.2,83.30 3 1
github.com/m00nk0d3/grove/internal/tui/modal/mission.go:84.3,85.1 1 0
github.com/m00nk0d3/grove/internal/tui/modal/mission.go:85.9,85.50 1 1
github.com/m00nk0d3/grove/internal/tui/modal/mission.go:86.3,87.1 1 0
github.com/m00nk0d3/grove/internal/tui/modal/mission.go:91.2,92.9 2 1
github.com/m00nk0d3/grove/internal/tui/modal/mission.go:93.3,94.1 1 0
github.com/m00nk0d3/grove/internal/tui/modal/mission.go:96.2,96.18 1 1
github.com/m00nk0d3/grove/internal/tui/modal/mission.go:98.3,98.28 1 0
github.com/m00nk0d3/grove/internal/tui/modal/mission.go:98.30,98.58 1 0
github.com/m00nk0d3/grove/internal/tui/modal/mission.go:100.3,100.58 1 1
github.com/m00nk0d3/grove/internal/tui/modal/mission.go:102.3,102.76 1 1
github.com/m00nk0d3/grove/internal/tui/modal/mission.go:104.3,104.28 1 1
github.com/m00nk0d3/grove/internal/tui/modal/mission.go:104.30,104.71 1 1
github.com/m00nk0d3/grove/internal/tui/modal/mission.go:106.3,107.16 2 0
github.com/m00nk0d3/grove/internal/tui/modal/mission.go:109.3,110.16 2 0
github.com/m00nk0d3/grove/internal/tui/modal/mission.go:112.3,113.16 2 1
github.com/m00nk0d3/grove/internal/tui/modal/mission.go:115.3,116.16 2 0
github.com/m00nk0d3/grove/internal/tui/modal/mission.go:118.3,119.16 2 0
github.com/m00nk0d3/grove/internal/tui/modal/mission.go:121.3,122.16 2 0
github.com/m00nk0d3/grove/internal/tui/modal/mission.go:124.3,124.23 1 1
github.com/m00nk0d3/grove/internal/tui/modal/mission.go:126.4,126.29 1 0
github.com/m00nk0d3/grove/internal/tui/modal/mission.go:126.31,126.59 1 0
github.com/m00nk0d3/grove/internal/tui/modal/mission.go:128.4,128.77 1 0
github.com/m00nk0d3/grove/internal/tui/modal/mission.go:130.4,130.59 1 0
github.com/m00nk0d3/grove/internal/tui/modal/mission.go:132.4,132.16 1 1
github.com/m00nk0d3/grove/internal/tui/modal/mission.go:134.4,134.14 1 1
github.com/m00nk0d3/grove/internal/tui/modal/mission.go:136.4,136.22 1 1
github.com/m00nk0d3/grove/internal/tui/modal/mission.go:138.4,138.27 1 1
github.com/m00nk0d3/grove/internal/tui/modal/mission.go:140.4,140.22 1 1
github.com/m00nk0d3/grove/internal/tui/modal/mission.go:142.4,142.21 1 1
github.com/m00nk0d3/grove/internal/tui/modal/mission.go:144.4,144.30 1 1
github.com/m00nk0d3/grove/internal/tui/modal/mission.go:144.32,144.60 1 1
github.com/m00nk0d3/grove/internal/tui/modal/mission.go:145.4,145.37 1 1
github.com/m00nk0d3/grove/internal/tui/modal/mission.go:146.5,147.1 1 1
github.com/m00nk0d3/grove/internal/tui/modal/mission.go:148.4,148.21 1 0
github.com/m00nk0d3/grove/internal/tui/modal/mission.go:150.4,150.67 1 1
github.com/m00nk0d3/grove/internal/tui/modal/mission.go:151.5,151.30 1 1
github.com/m00nk0d3/grove/internal/tui/modal/mission.go:151.32,151.83 1 1
github.com/m00nk0d3/grove/internal/tui/modal/mission.go:154.4,154.29 1 1
github.com/m00nk0d3/grove/internal/tui/modal/mission.go:154.31,154.83 1 1
github.com/m00nk0d3/grove/internal/tui/modal/mission.go:156.4,156.89 1 1
github.com/m00nk0d3/grove/internal/tui/modal/mission.go:157.5,158.1 1 1
github.com/m00nk0d3/grove/internal/tui/modal/mission.go:161.2,161.15 1 1
github.com/m00nk0d3/grove/internal/tui/modal/mission.go:167.2,169.27 3 1
github.com/m00nk0d3/grove/internal/tui/modal/mission.go:170.3,171.1 1 1
github.com/m00nk0d3/grove/internal/tui/modal/mission.go:172.2,172.12 1 1
github.com/m00nk0d3/grove/internal/tui/modal/mission.go:176.2,176.22 1 1
github.com/m00nk0d3/grove/internal/tui/modal/mission.go:177.3,178.1 1 1
github.com/m00nk0d3/grove/internal/tui/modal/mission.go:179.2,180.24 2 1
github.com/m00nk0d3/grove/internal/tui/modal/mission.go:180.26,180.95 1 1
github.com/m00nk0d3/grove/internal/tui/modal/mission.go:186.2,187.64 2 1
github.com/m00nk0d3/grove/internal/tui/modal/mission.go:188.3,189.1 1 1
github.com/m00nk0d3/grove/internal/tui/modal/mission.go:190.2,197.35 8 1
github.com/m00nk0d3/grove/internal/tui/modal/mission.go:198.3,198.34 1 1
github.com/m00nk0d3/grove/internal/tui/modal/mission.go:199.4,200.1 1 1
github.com/m00nk0d3/grove/internal/tui/modal/mission.go:202.2,202.59 1 1
github.com/m00nk0d3/grove/internal/tui/modal/mission.go:206.2,206.57 1 1
github.com/m00nk0d3/grove/internal/tui/modal/mission.go:207.3,208.1 1 1
github.com/m00nk0d3/grove/internal/tui/modal/mission.go:209.2,211.20 3 1
github.com/m00nk0d3/grove/internal/tui/modal/mission.go:216.2,216.35 1 1
github.com/m00nk0d3/grove/internal/tui/modal/mission.go:217.3,218.1 1 1
github.com/m00nk0d3/grove/internal/tui/modal/mission.go:219.2,219.73 1 1
github.com/m00nk0d3/grove/internal/tui/modal/mission.go:224.2,224.20 1 1
github.com/m00nk0d3/grove/internal/tui/modal/mission.go:226.3,227.16 2 0
github.com/m00nk0d3/grove/internal/tui/modal/mission.go:229.3,230.16 2 0
github.com/m00nk0d3/grove/internal/tui/modal/mission.go:232.3,232.41 1 1
github.com/m00nk0d3/grove/internal/tui/modal/mission.go:233.4,234.1 1 0
github.com/m00nk0d3/grove/internal/tui/modal/mission.go:236.3,236.16 1 0
github.com/m00nk0d3/grove/internal/tui/modal/mission.go:239.2,240.23 2 1
github.com/m00nk0d3/grove/internal/tui/modal/mission.go:241.3,243.1 2 0
github.com/m00nk0d3/grove/internal/tui/modal/mission.go:244.2,245.1 2 1
github.com/m00nk0d3/grove/internal/tui/modal/mission.go:246.2,246.40 2 1
github.com/m00nk0d3/grove/internal/tui/modal/mission.go:247.3,248.42 2 1
github.com/m00nk0d3/grove/internal/tui/modal/mission.go:249.4,250.37 2 1
github.com/m00nk0d3/grove/internal/tui/modal/mission.go:251.5,252.1 1 1
github.com/m00nk0d3/grove/internal/tui/modal/mission.go:253.4,253.18 1 1
github.com/m00nk0d3/grove/internal/tui/modal/mission.go:257.2,257.33 1 1
github.com/m00nk0d3/grove/internal/tui/modal/mission.go:258.3,259.1 1 0
github.com/m00nk0d3/grove/internal/tui/modal/mission.go:260.2,261.13 2 1
github.com/m00nk0d3/grove/internal/tui/modal/mission.go:262.3,263.1 1 0
github.com/m00nk0d3/grove/internal/tui/modal/mission.go:264.2,265.17 2 1
github.com/m00nk0d3/grove/internal/tui/modal/mission.go:266.3,267.1 1 0
github.com/m00nk0d3/grove/internal/tui/modal/mission.go:268.2,268.37 1 1
github.com/m00nk0d3/grove/internal/tui/modal/mission.go:269.3,270.1 1 1
github.com/m00nk0d3/grove/internal/tui/modal/mission.go:271.2,272.31 2 1
github.com/m00nk0d3/grove/internal/tui/modal/mission.go:273.3,274.1 1 0
github.com/m00nk0d3/grove/internal/tui/modal/mission.go:275.2,276.45 2 1
github.com/m00nk0d3/grove/internal/tui/modal/mission.go:277.3,278.1 1 0
github.com/m00nk0d3/grove/internal/tui/modal/mission.go:279.2,284.17 5 1
github.com/m00nk0d3/grove/internal/tui/modal/mission.go:285.3,285.28 1 0
github.com/m00nk0d3/grove/internal/tui/modal/mission.go:285.30,285.71 1 0
github.com/m00nk0d3/grove/internal/tui/modal/mission.go:287.2,287.15 1 1
github.com/m00nk0d3/grove/internal/tui/modal/mission.go:291.2,291.35 1 1
github.com/m00nk0d3/grove/internal/tui/modal/mission.go:292.3,294.1 2 1
github.com/m00nk0d3/grove/internal/tui/modal/mission.go:295.2,295.77 1 1
github.com/m00nk0d3/grove/internal/tui/modal/mission.go:296.3,298.1 2 1
github.com/m00nk0d3/grove/internal/tui/modal/mission.go:299.2,299.18 1 0
github.com/m00nk0d3/grove/internal/tui/modal/mission.go:303.2,303.35 1 1
github.com/m00nk0d3/grove/internal/tui/modal/mission.go:304.3,306.1 2 1
github.com/m00nk0d3/grove/internal/tui/modal/mission.go:307.2,307.55 1 0
github.com/m00nk0d3/grove/internal/tui/modal/mission.go:308.3,310.1 2 0
github.com/m00nk0d3/grove/internal/tui/modal/mission.go:311.2,311.24 1 0
github.com/m00nk0d3/grove/internal/tui/modal/mission.go:312.3,313.1 1 0
github.com/m00nk0d3/grove/internal/tui/modal/mission.go:317.2,322.21 6 1
github.com/m00nk0d3/grove/internal/tui/modal/mission.go:324.3,324.36 1 1
github.com/m00nk0d3/grove/internal/tui/modal/mission.go:326.3,326.33 1 1
github.com/m00nk0d3/grove/internal/tui/modal/mission.go:328.3,328.35 1 1
github.com/m00nk0d3/grove/internal/tui/modal/mission.go:330.3,330.42 1 1
github.com/m00nk0d3/grove/internal/tui/modal/mission.go:332.3,332.35 1 1
github.com/m00nk0d3/grove/internal/tui/modal/mission.go:334.2,337.35 4 1
github.com/m00nk0d3/grove/internal/tui/modal/mission.go:338.3,340.25 3 1
github.com/m00nk0d3/grove/internal/tui/modal/mission.go:341.4,343.1 2 1
github.com/m00nk0d3/grove/internal/tui/modal/mission.go:345.3,347.1 2 1
github.com/m00nk0d3/grove/internal/tui/modal/mission.go:348.2,352.65 5 1
github.com/m00nk0d3/grove/internal/tui/modal/mission.go:353.3,355.1 2 1
github.com/m00nk0d3/grove/internal/tui/modal/mission.go:356.2,360.19 5 1
github.com/m00nk0d3/grove/internal/tui/modal/mission.go:364.2,376.1 16 1
github.com/m00nk0d3/grove/internal/tui/modal/mission.go:377.2,383.1 16 1
github.com/m00nk0d3/grove/internal/tui/modal/mission.go:384.2,386.1 16 1
github.com/m00nk0d3/grove/internal/tui/modal/mission.go:389.2,390.41 2 1
github.com/m00nk0d3/grove/internal/tui/modal/mission.go:391.3,392.35 2 1
github.com/m00nk0d3/grove/internal/tui/modal/mission.go:393.4,394.1 1 1
github.com/m00nk0d3/grove/internal/tui/modal/mission.go:395.3,396.34 2 1
github.com/m00nk0d3/grove/internal/tui/modal/mission.go:397.4,398.1 1 1
github.com/m00nk0d3/grove/internal/tui/modal/mission.go:400.2,400.19 1 1
github.com/m00nk0d3/grove/internal/tui/modal/mission.go:404.2,412.1 13 1
github.com/m00nk0d3/grove/internal/tui/modal/mission.go:413.2,417.27 13 1
github.com/m00nk0d3/grove/internal/tui/modal/mission.go:418.3,419.1 1 0
github.com/m00nk0d3/grove/internal/tui/modal/mission.go:420.2,420.24 1 1
github.com/m00nk0d3/grove/internal/tui/modal/mission.go:421.3,422.1 1 0
github.com/m00nk0d3/grove/internal/tui/modal/mission.go:423.2,424.1 4 1
github.com/m00nk0d3/grove/internal/tui/modal/mission.go:425.2,427.66 4 1
github.com/m00nk0d3/grove/internal/tui/modal/mission.go:431.2,432.21 2 1
github.com/m00nk0d3/grove/internal/tui/modal/mission.go:433.3,434.1 1 0
github.com/m00nk0d3/grove/internal/tui/modal/mission.go:436.2,437.17 2 1
github.com/m00nk0d3/grove/internal/tui/modal/mission.go:438.3,439.1 1 0
github.com/m00nk0d3/grove/internal/tui/modal/mission.go:440.2,440.26 1 1
github.com/m00nk0d3/grove/internal/tui/modal/mission.go:441.3,442.1 1 1
github.com/m00nk0d3/grove/internal/tui/modal/mission.go:443.2,444.31 2 1
github.com/m00nk0d3/grove/internal/tui/modal/mission.go:445.3,446.1 1 0
github.com/m00nk0d3/grove/internal/tui/modal/mission.go:447.2,448.1 5 1
github.com/m00nk0d3/grove/internal/tui/modal/mission.go:449.2,452.31 5 1
github.com/m00nk0d3/grove/internal/tui/modal/mission.go:453.3,456.26 4 1
github.com/m00nk0d3/grove/internal/tui/modal/mission.go:457.4,459.1 2 1
github.com/m00nk0d3/grove/internal/tui/modal/mission.go:460.3,463.22 4 1
github.com/m00nk0d3/grove/internal/tui/modal/mission.go:465.2,466.28 2 1
github.com/m00nk0d3/grove/internal/tui/modal/mission.go:467.3,469.1 2 0
github.com/m00nk0d3/grove/internal/tui/modal/mission.go:470.2,470.44 1 1
github.com/m00nk0d3/grove/internal/tui/modal/mission.go:474.2,476.32 3 1
github.com/m00nk0d3/grove/internal/tui/modal/mission.go:477.3,478.1 1 1
github.com/m00nk0d3/grove/internal/tui/modal/mission.go:479.2,490.78 12 1
github.com/m00nk0d3/grove/internal/tui/modal/mission.go:491.3,496.1 5 1
github.com/m00nk0d3/grove/internal/tui/modal/mission.go:497.2,497.44 1 1
github.com/m00nk0d3/grove/internal/tui/modal/mission.go:501.2,505.28 5 1
github.com/m00nk0d3/grove/internal/tui/modal/mission.go:506.3,509.1 3 0
github.com/m00nk0d3/grove/internal/tui/modal/mission.go:510.2,513.24 4 1
github.com/m00nk0d3/grove/internal/tui/modal/mission.go:514.3,516.1 2 0
github.com/m00nk0d3/grove/internal/tui/modal/mission.go:517.2,517.33 1 1
github.com/m00nk0d3/grove/internal/tui/modal/mission.go:518.3,520.23 3 1
github.com/m00nk0d3/grove/internal/tui/modal/mission.go:521.4,522.1 1 1
github.com/m00nk0d3/grove/internal/tui/modal/mission.go:523.3,523.25 1 1
github.com/m00nk0d3/grove/internal/tui/modal/mission.go:524.4,525.1 1 1
github.com/m00nk0d3/grove/internal/tui/modal/mission.go:526.3,529.26 4 1
github.com/m00nk0d3/grove/internal/tui/modal/mission.go:530.4,532.1 2 1
github.com/m00nk0d3/grove/internal/tui/modal/mission.go:534.2,534.44 1 1
github.com/m00nk0d3/grove/internal/tui/modal/mission.go:538.2,539.1 1 1
github.com/m00nk0d3/grove/internal/tui/modal/mission.go:541.60,541.99 1 1
github.com/m00nk0d3/grove/internal/tui/modal/mission.go:543.55,543.89 1 1
github.com/m00nk0d3/grove/internal/tui/modal/mission.go:546.2,547.1 1 1
github.com/m00nk0d3/grove/internal/tui/modal/mission.go:550.2,551.1 1 1
github.com/m00nk0d3/grove/internal/tui/modal/mission.go:553.45,553.79 1 1
github.com/m00nk0d3/grove/internal/tui/modal/mission.go:556.2,557.1 1 1
github.com/m00nk0d3/grove/internal/tui/modal/mission.go:560.2,561.1 1 1
github.com/m00nk0d3/grove/internal/tui/modal/mission.go:563.55,563.88 1 1
github.com/m00nk0d3/grove/internal/tui/modal/mission.go:565.54,565.86 1 1
github.com/m00nk0d3/grove/internal/tui/modal/mission.go:567.52,567.82 1 1
github.com/m00nk0d3/grove/internal/tui/modal/mission.go:569.57,569.92 1 1
github.com/m00nk0d3/grove/internal/tui/modal/mission.go:572.2,573.1 1 1
github.com/m00nk0d3/grove/internal/tui/modal/mission.go:576.2,577.16 2 1
github.com/m00nk0d3/grove/internal/tui/modal/mission.go:578.3,579.1 1 0
github.com/m00nk0d3/grove/internal/tui/modal/mission.go:580.2,581.88 2 1
github.com/m00nk0d3/grove/internal/tui/modal/mission.go:585.2,585.24 1 1
github.com/m00nk0d3/grove/internal/tui/modal/mission.go:586.3,587.1 1 1
github.com/m00nk0d3/grove/internal/tui/modal/mission.go:588.2,588.60 1 0
github.com/m00nk0d3/grove/internal/tui/modal/mission.go:592.2,592.17 1 1
github.com/m00nk0d3/grove/internal/tui/modal/mission.go:593.3,594.1 1 0
github.com/m00nk0d3/grove/internal/tui/modal/mission.go:595.2,595.19 1 1
github.com/m00nk0d3/grove/internal/tui/modal/mission.go:596.3,597.1 1 0
github.com/m00nk0d3/grove/internal/tui/modal/mission.go:598.2,598.16 1 1
github.com/m00nk0d3/grove/internal/tui/modal/mission.go:602.2,602.33 1 1
github.com/m00nk0d3/grove/internal/tui/modal/mission.go:604.3,604.15 1 1
github.com/m00nk0d3/grove/internal/tui/modal/mission.go:606.3,606.15 1 1
github.com/m00nk0d3/grove/internal/tui/modal/mission.go:608.3,608.13 1 1
github.com/m00nk0d3/grove/internal/tui/modal/mission.go:610.3,610.15 1 1
github.com/m00nk0d3/grove/internal/tui/modal/mission.go:615.2,615.29 1 1
github.com/m00nk0d3/grove/internal/tui/modal/mission.go:616.3,617.1 1 1
github.com/m00nk0d3/grove/internal/tui/modal/mission.go:618.2,618.30 1 1
github.com/m00nk0d3/grove/internal/tui/modal/mission.go:619.3,620.19 2 1
github.com/m00nk0d3/grove/internal/tui/modal/mission.go:621.4,622.1 1 1
github.com/m00nk0d3/grove/internal/tui/modal/mission.go:623.3,623.49 1 1
github.com/m00nk0d3/grove/internal/tui/modal/mission.go:625.2,625.14 1 1
github.com/m00nk0d3/grove/internal/tui/modal/mission.go:629.2,629.33 1 1
github.com/m00nk0d3/grove/internal/tui/modal/mission.go:630.3,631.1 1 0
github.com/m00nk0d3/grove/internal/tui/modal/mission.go:632.2,633.63 2 1
github.com/m00nk0d3/grove/internal/tui/modal/mission.go:634.3,635.1 1 1
github.com/m00nk0d3/grove/internal/tui/modal/mission.go:636.2,636.52 1 1
github.com/m00nk0d3/grove/internal/tui/modal/mission.go:640.2,640.18 1 1
github.com/m00nk0d3/grove/internal/tui/modal/mission.go:641.3,642.1 1 0
github.com/m00nk0d3/grove/internal/tui/modal/mission.go:643.2,644.28 2 1
github.com/m00nk0d3/grove/internal/tui/modal/mission.go:645.3,646.1 1 1
github.com/m00nk0d3/grove/internal/tui/modal/mission.go:647.2,647.26 1 1
github.com/m00nk0d3/grove/internal/tui/modal/mission.go:648.3,649.1 1 1
github.com/m00nk0d3/grove/internal/tui/modal/mission.go:650.2,650.84 1 1
github.com/m00nk0d3/grove/internal/tui/modal/mission.go:654.2,654.20 1 1
github.com/m00nk0d3/grove/internal/tui/modal/mission.go:655.3,656.1 1 1
github.com/m00nk0d3/grove/internal/tui/modal/mission.go:657.2,657.52 1 1
github.com/m00nk0d3/grove/internal/tui/modal/mission.go:661.2,661.31 1 1
github.com/m00nk0d3/grove/internal/tui/modal/mission.go:662.3,662.18 1 1
github.com/m00nk0d3/grove/internal/tui/modal/mission.go:663.4,664.1 1 1
github.com/m00nk0d3/grove/internal/tui/modal/mission.go:666.2,666.11 1 0
github.com/m00nk0d3/grove/internal/tui/modal/mission_reports.go:40.2,40.19 1 1
github.com/m00nk0d3/grove/internal/tui/modal/mission_reports.go:41.3,42.1 1 0
github.com/m00nk0d3/grove/internal/tui/modal/mission_reports.go:44.2,45.26 2 1
github.com/m00nk0d3/grove/internal/tui/modal/mission_reports.go:51.2,52.1 1 1
github.com/m00nk0d3/grove/internal/tui/modal/mission_reports.go:54.54,54.88 1 1
github.com/m00nk0d3/grove/internal/tui/modal/mission_reports.go:59.2,59.64 1 1
github.com/m00nk0d3/grove/internal/tui/modal/mission_reports.go:60.3,61.1 1 1
github.com/m00nk0d3/grove/internal/tui/modal/mission_reports.go:62.2,66.126 5 1
github.com/m00nk0d3/grove/internal/tui/modal/mission_reports.go:67.3,73.1 1 1
github.com/m00nk0d3/grove/internal/tui/modal/mission_reports.go:75.2,75.25 1 1
github.com/m00nk0d3/grove/internal/tui/modal/mission_reports.go:79.2,80.1 1 1
github.com/m00nk0d3/grove/internal/tui/modal/mission_reports.go:83.2,83.9 1 1
github.com/m00nk0d3/grove/internal/tui/modal/mission_reports.go:85.3,85.55 1 1
github.com/m00nk0d3/grove/internal/tui/modal/mission_reports.go:87.3,88.59 1 1
github.com/m00nk0d3/grove/internal/tui/modal/mission_reports.go:90.3,90.92 1 0
github.com/m00nk0d3/grove/internal/tui/modal/mission_reports.go:92.3,94.75 2 1
github.com/m00nk0d3/grove/internal/tui/modal/mission_reports.go:96.3,97.54 1 1
github.com/m00nk0d3/grove/internal/tui/modal/mission_reports.go:100.2,107.1 13 1
github.com/m00nk0d3/grove/internal/tui/modal/mission_reports.go:108.2,111.1 13 1
github.com/m00nk0d3/grove/internal/tui/modal/mission_reports.go:112.2,114.21 13 1
github.com/m00nk0d3/grove/internal/tui/modal/mission_reports.go:115.3,116.1 1 0
github.com/m00nk0d3/grove/internal/tui/modal/mission_reports.go:117.2,118.13 2 1
github.com/m00nk0d3/grove/internal/tui/modal/mission_reports.go:119.3,121.1 2 0
github.com/m00nk0d3/grove/internal/tui/modal/mission_reports.go:122.2,126.1 7 1
github.com/m00nk0d3/grove/internal/tui/modal/mission_reports.go:127.2,129.31 7 1
github.com/m00nk0d3/grove/internal/tui/modal/mission_reports.go:130.3,131.17 2 1
github.com/m00nk0d3/grove/internal/tui/modal/mission_reports.go:132.4,134.1 2 1
github.com/m00nk0d3/grove/internal/tui/modal/mission_reports.go:135.3,135.22 1 1
github.com/m00nk0d3/grove/internal/tui/modal/mission_reports.go:137.2,137.44 1 1
github.com/m00nk0d3/grove/internal/tui/modal/mission_reports.go:142.2,144.35 3 1
github.com/m00nk0d3/grove/internal/tui/modal/mission_reports.go:145.3,147.28 3 1
github.com/m00nk0d3/grove/internal/tui/modal/mission_reports.go:148.4,149.1 1 1
github.com/m00nk0d3/grove/internal/tui/modal/mission_reports.go:150.4,151.1 1 1
github.com/m00nk0d3/grove/internal/tui/modal/mission_reports.go:153.2,153.24 1 1
github.com/m00nk0d3/grove/internal/tui/modal/mission_reports.go:154.3,155.1 1 1
github.com/m00nk0d3/grove/internal/tui/modal/mission_reports.go:156.2,156.44 1 1
github.com/m00nk0d3/grove/internal/tui/modal/mission_reports.go:160.2,160.32 1 1
github.com/m00nk0d3/grove/internal/tui/modal/mission_reports.go:161.3,162.1 1 1
github.com/m00nk0d3/grove/internal/tui/modal/mission_reports.go:163.2,163.54 1 0
github.com/m00nk0d3/grove/internal/tui/modal/mission_reports.go:170.2,170.31 1 1
github.com/m00nk0d3/grove/internal/tui/modal/mission_reports.go:171.3,172.1 1 1
github.com/m00nk0d3/grove/internal/tui/modal/mission_reports.go:173.2,175.44 3 1
github.com/m00nk0d3/grove/internal/tui/modal/mission_reports.go:176.3,177.1 1 1
github.com/m00nk0d3/grove/internal/tui/modal/mission_reports.go:178.2,181.21 4 1
github.com/m00nk0d3/grove/internal/tui/modal/mission_reports.go:182.3,182.32 1 1
github.com/m00nk0d3/grove/internal/tui/modal/mission_reports.go:183.4,184.1 1 1
github.com/m00nk0d3/grove/internal/tui/modal/mission_reports.go:185.4,186.1 1 1
github.com/m00nk0d3/grove/internal/tui/modal/mission_reports.go:188.2,188.12 1 1
github.com/m00nk0d3/grove/internal/tui/modal/mission_reports.go:192.2,192.9 1 1
github.com/m00nk0d3/grove/internal/tui/modal/mission_reports.go:194.3,194.36 1 1
github.com/m00nk0d3/grove/internal/tui/modal/mission_reports.go:196.3,196.53 1 1
github.com/m00nk0d3/grove/internal/tui/modal/mission_reports.go:198.3,198.60 1 0
github.com/m00nk0d3/grove/internal/tui/modal/pr_checkout.go:18.2,19.1 1 1
github.com/m00nk0d3/grove/internal/tui/modal/pr_checkout.go:22.44,22.56 1 1
github.com/m00nk0d3/grove/internal/tui/modal/pr_checkout.go:25.44,25.66 1 1
github.com/m00nk0d3/grove/internal/tui/modal/pr_checkout.go:29.2,30.9 2 1
github.com/m00nk0d3/grove/internal/tui/modal/pr_checkout.go:31.3,32.1 1 1
github.com/m00nk0d3/grove/internal/tui/modal/pr_checkout.go:34.2,34.25 1 1
github.com/m00nk0d3/grove/internal/tui/modal/pr_checkout.go:36.3,37.28 2 1
github.com/m00nk0d3/grove/internal/tui/modal/pr_checkout.go:37.30,37.95 1 1
github.com/m00nk0d3/grove/internal/tui/modal/pr_checkout.go:39.3,39.28 1 1
github.com/m00nk0d3/grove/internal/tui/modal/pr_checkout.go:39.30,39.58 1 1
github.com/m00nk0d3/grove/internal/tui/modal/pr_checkout.go:42.2,42.15 1 1
github.com/m00nk0d3/grove/internal/tui/modal/pr_checkout.go:47.2,54.1 1 1
github.com/m00nk0d3/grove/internal/tui/modal/settings.go:78.2,89.35 1 1
github.com/m00nk0d3/grove/internal/tui/modal/settings.go:89.37,89.64 1 1
github.com/m00nk0d3/grove/internal/tui/modal/settings.go:92.36,92.74 1 1
github.com/m00nk0d3/grove/internal/tui/modal/settings.go:101.39,101.71 1 1
github.com/m00nk0d3/grove/internal/tui/modal/settings.go:104.39,104.73 1 1
github.com/m00nk0d3/grove/internal/tui/modal/settings.go:117.47,117.81 1 1
github.com/m00nk0d3/grove/internal/tui/modal/settings.go:119.7,121.1 2 1
github.com/m00nk0d3/grove/internal/tui/modal/settings.go:125.37,125.67 1 1
github.com/m00nk0d3/grove/internal/tui/modal/settings.go:128.37,128.62 1 1
github.com/m00nk0d3/grove/internal/tui/modal/settings.go:131.37,131.72 1 1
github.com/m00nk0d3/grove/internal/tui/modal/settings.go:134.36,134.73 1 1
github.com/m00nk0d3/grove/internal/tui/modal/settings.go:143.39,143.62 1 0
github.com/m00nk0d3/grove/internal/tui/modal/settings.go:148.2,150.1 3 1
github.com/m00nk0d3/grove/internal/tui/modal/settings.go:151.2,157.1 3 1
github.com/m00nk0d3/grove/internal/tui/modal/settings.go:161.2,163.38 1 1
github.com/m00nk0d3/grove/internal/tui/modal/settings.go:163.40,163.76 1 1
github.com/m00nk0d3/grove/internal/tui/modal/settings.go:165.4,167.1 2 1
github.com/m00nk0d3/grove/internal/tui/modal/settings.go:172.2,174.38 1 1
github.com/m00nk0d3/grove/internal/tui/modal/settings.go:174.40,174.56 1 1
github.com/m00nk0d3/grove/internal/tui/modal/settings.go:176.4,176.15 1 1
github.com/m00nk0d3/grove/internal/tui/modal/settings.go:177.5,178.1 1 1
github.com/m00nk0d3/grove/internal/tui/modal/settings.go:179.4,180.14 2 0
github.com/m00nk0d3/grove/internal/tui/modal/settings.go:186.2,188.38 1 1
github.com/m00nk0d3/grove/internal/tui/modal/settings.go:188.40,188.70 1 1
github.com/m00nk0d3/grove/internal/tui/modal/settings.go:190.4,191.27 2 1
github.com/m00nk0d3/grove/internal/tui/modal/settings.go:192.5,193.1 1 1
github.com/m00nk0d3/grove/internal/tui/modal/settings.go:194.4,195.14 2 1
github.com/m00nk0d3/grove/internal/tui/modal/settings.go:203.2,203.34 1 1
github.com/m00nk0d3/grove/internal/tui/modal/settings.go:204.3,204.16 1 1
github.com/m00nk0d3/grove/internal/tui/modal/settings.go:205.4,206.1 1 1
github.com/m00nk0d3/grove/internal/tui/modal/settings.go:208.2,208.10 1 0
github.com/m00nk0d3/grove/internal/tui/modal/settings.go:212.42,212.89 1 1
github.com/m00nk0d3/grove/internal/tui/modal/settings.go:215.45,215.58 1 1
github.com/m00nk0d3/grove/internal/tui/modal/settings.go:218.43,218.56 1 1
github.com/m00nk0d3/grove/internal/tui/modal/settings.go:221.44,221.58 1 1
github.com/m00nk0d3/grove/internal/tui/modal/settings.go:224.52,224.65 1 0
github.com/m00nk0d3/grove/internal/tui/modal/settings.go:227.42,227.54 1 0
github.com/m00nk0d3/grove/internal/tui/modal/settings.go:231.2,231.27 1 1
github.com/m00nk0d3/grove/internal/tui/modal/settings.go:233.3,233.29 1 1
github.com/m00nk0d3/grove/internal/tui/modal/settings.go:234.4,236.1 2 1
github.com/m00nk0d3/grove/internal/tui/modal/settings.go:237.3,237.16 1 1
github.com/m00nk0d3/grove/internal/tui/modal/settings.go:240.3,240.26 1 1
github.com/m00nk0d3/grove/internal/tui/modal/settings.go:242.2,242.15 1 0
github.com/m00nk0d3/grove/internal/tui/modal/settings.go:247.2,247.15 1 1
github.com/m00nk0d3/grove/internal/tui/modal/settings.go:248.3,248.19 1 1
github.com/m00nk0d3/grove/internal/tui/modal/settings.go:250.4,251.83 2 1
github.com/m00nk0d3/grove/internal/tui/modal/settings.go:253.5,254.1 1 1
github.com/m00nk0d3/grove/internal/tui/modal/settings.go:255.4,256.40 2 1
github.com/m00nk0d3/grove/internal/tui/modal/settings.go:258.4,259.17 2 1
github.com/m00nk0d3/grove/internal/tui/modal/settings.go:261.4,263.17 3 1
github.com/m00nk0d3/grove/internal/tui/modal/settings.go:267.2,267.18 1 1
github.com/m00nk0d3/grove/internal/tui/modal/settings.go:269.3,269.28 1 1
github.com/m00nk0d3/grove/internal/tui/modal/settings.go:269.30,269.58 1 1
github.com/m00nk0d3/grove/internal/tui/modal/settings.go:271.3,271.21 1 1
github.com/m00nk0d3/grove/internal/tui/modal/settings.go:273.3,273.22 1 1
github.com/m00nk0d3/grove/internal/tui/modal/settings.go:275.3,275.19 1 1
github.com/m00nk0d3/grove/internal/tui/modal/settings.go:277.3,277.18 1 1
github.com/m00nk0d3/grove/internal/tui/modal/settings.go:279.3,279.33 1 0
github.com/m00nk0d3/grove/internal/tui/modal/settings.go:281.3,281.48 1 0
github.com/m00nk0d3/grove/internal/tui/modal/settings.go:283.3,283.28 1 1
github.com/m00nk0d3/grove/internal/tui/modal/settings.go:284.4,285.1 1 1
github.com/m00nk0d3/grove/internal/tui/modal/settings.go:286.3,286.21 1 1
github.com/m00nk0d3/grove/internal/tui/modal/settings.go:288.3,288.28 1 1
github.com/m00nk0d3/grove/internal/tui/modal/settings.go:289.4,290.1 1 1
github.com/m00nk0d3/grove/internal/tui/modal/settings.go:291.3,291.22 1 1
github.com/m00nk0d3/grove/internal/tui/modal/settings.go:293.3,293.25 1 1
github.com/m00nk0d3/grove/internal/tui/modal/settings.go:295.3,295.43 1 1
github.com/m00nk0d3/grove/internal/tui/modal/settings.go:296.4,297.1 1 0
github.com/m00nk0d3/grove/internal/tui/modal/settings.go:298.3,298.60 1 1
github.com/m00nk0d3/grove/internal/tui/modal/settings.go:299.4,300.1 1 1
github.com/m00nk0d3/grove/internal/tui/modal/settings.go:302.3,302.23 1 1
github.com/m00nk0d3/grove/internal/tui/modal/settings.go:304.4,304.19 1 1
github.com/m00nk0d3/grove/internal/tui/modal/settings.go:306.4,306.20 1 0
github.com/m00nk0d3/grove/internal/tui/modal/settings.go:308.4,308.29 1 0
github.com/m00nk0d3/grove/internal/tui/modal/settings.go:309.5,310.1 1 0
github.com/m00nk0d3/grove/internal/tui/modal/settings.go:312.4,312.29 1 0
github.com/m00nk0d3/grove/internal/tui/modal/settings.go:313.5,314.1 1 0
github.com/m00nk0d3/grove/internal/tui/modal/settings.go:316.4,316.34 1 1
github.com/m00nk0d3/grove/internal/tui/modal/settings.go:318.4,318.49 1 1
github.com/m00nk0d3/grove/internal/tui/modal/settings.go:320.4,320.29 1 0
github.com/m00nk0d3/grove/internal/tui/modal/settings.go:320.31,320.59 1 0
github.com/m00nk0d3/grove/internal/tui/modal/settings.go:322.4,322.88 1 1
github.com/m00nk0d3/grove/internal/tui/modal/settings.go:323.5,324.1 1 1
github.com/m00nk0d3/grove/internal/tui/modal/settings.go:327.2,327.15 1 1
github.com/m00nk0d3/grove/internal/tui/modal/settings.go:331.2,333.1 2 1
github.com/m00nk0d3/grove/internal/tui/modal/settings.go:337.2,337.42 1 1
github.com/m00nk0d3/grove/internal/tui/modal/settings.go:338.3,339.1 1 1
github.com/m00nk0d3/grove/internal/tui/modal/settings.go:340.2,340.48 1 1
github.com/m00nk0d3/grove/internal/tui/modal/settings.go:344.2,345.11 2 1
github.com/m00nk0d3/grove/internal/tui/modal/settings.go:346.3,347.1 1 1
github.com/m00nk0d3/grove/internal/tui/modal/settings.go:348.2,348.40 1 1
github.com/m00nk0d3/grove/internal/tui/modal/settings.go:349.3,350.1 1 1
github.com/m00nk0d3/grove/internal/tui/modal/settings.go:351.2,351.32 1 1
github.com/m00nk0d3/grove/internal/tui/modal/settings.go:357.2,359.31 3 1
github.com/m00nk0d3/grove/internal/tui/modal/settings.go:360.3,361.1 1 0
github.com/m00nk0d3/grove/internal/tui/modal/settings.go:362.2,362.24 1 1
github.com/m00nk0d3/grove/internal/tui/modal/settings.go:368.2,370.1 2 1
github.com/m00nk0d3/grove/internal/tui/modal/settings.go:373.2,375.1 2 1
github.com/m00nk0d3/grove/internal/tui/modal/settings.go:380.2,381.1 1 1
github.com/m00nk0d3/grove/internal/tui/modal/settings.go:386.2,386.42 1 1
github.com/m00nk0d3/grove/internal/tui/modal/settings.go:387.3,388.1 1 1
github.com/m00nk0d3/grove/internal/tui/modal/settings.go:389.2,390.9 2 1
github.com/m00nk0d3/grove/internal/tui/modal/settings.go:391.3,392.1 1 0
github.com/m00nk0d3/grove/internal/tui/modal/settings.go:393.2,393.20 1 1
github.com/m00nk0d3/grove/internal/tui/modal/settings.go:395.3,395.24 1 1
github.com/m00nk0d3/grove/internal/tui/modal/settings.go:397.3,397.26 1 1
github.com/m00nk0d3/grove/internal/tui/modal/settings.go:399.3,406.13 8 1
github.com/m00nk0d3/grove/internal/tui/modal/settings.go:411.2,412.36 2 1
github.com/m00nk0d3/grove/internal/tui/modal/settings.go:413.3,414.1 1 1
github.com/m00nk0d3/grove/internal/tui/modal/settings.go:415.2,416.44 2 1
github.com/m00nk0d3/grove/internal/tui/modal/settings.go:420.2,422.32 3 1
github.com/m00nk0d3/grove/internal/tui/modal/settings.go:423.3,424.1 1 1
github.com/m00nk0d3/grove/internal/tui/modal/settings.go:425.2,426.35 2 1
github.com/m00nk0d3/grove/internal/tui/modal/settings.go:430.2,431.29 2 1
github.com/m00nk0d3/grove/internal/tui/modal/settings.go:432.3,433.1 1 0
github.com/m00nk0d3/grove/internal/tui/modal/settings.go:434.2,435.34 2 1
github.com/m00nk0d3/grove/internal/tui/modal/settings.go:436.3,436.28 1 1
github.com/m00nk0d3/grove/internal/tui/modal/settings.go:437.4,438.9 2 1
github.com/m00nk0d3/grove/internal/tui/modal/settings.go:441.2,442.9 2 1
github.com/m00nk0d3/grove/internal/tui/modal/settings.go:444.3,444.10 1 0
github.com/m00nk0d3/grove/internal/tui/modal/settings.go:446.3,446.14 1 0
github.com/m00nk0d3/grove/internal/tui/modal/settings.go:448.3,448.30 1 1
github.com/m00nk0d3/grove/internal/tui/modal/settings.go:450.2,451.35 2 1
github.com/m00nk0d3/grove/internal/tui/modal/settings.go:456.2,460.57 5 1
github.com/m00nk0d3/grove/internal/tui/modal/settings.go:460.59,460.92 1 0
github.com/m00nk0d3/grove/internal/tui/modal/settings.go:466.2,466.61 1 1
github.com/m00nk0d3/grove/internal/tui/modal/settings.go:467.3,468.1 1 0
github.com/m00nk0d3/grove/internal/tui/modal/settings.go:469.2,471.18 2 1
github.com/m00nk0d3/grove/internal/tui/modal/settings.go:471.20,471.60 1 1
github.com/m00nk0d3/grove/internal/tui/modal/settings.go:490.2,490.37 1 1
github.com/m00nk0d3/grove/internal/tui/modal/settings.go:491.3,492.1 1 1
github.com/m00nk0d3/grove/internal/tui/modal/settings.go:493.2,493.17 1 1
github.com/m00nk0d3/grove/internal/tui/modal/settings.go:494.3,495.1 1 1
github.com/m00nk0d3/grove/internal/tui/modal/settings.go:496.2,496.14 1 1
github.com/m00nk0d3/grove/internal/tui/modal/settings.go:505.2,505.39 1 1
github.com/m00nk0d3/grove/internal/tui/modal/settings.go:505.41,505.101 1 1
github.com/m00nk0d3/grove/internal/tui/modal/settings.go:506.2,514.1 1 1
github.com/m00nk0d3/grove/internal/tui/modal/settings.go:519.2,521.1 6 1
github.com/m00nk0d3/grove/internal/tui/modal/settings.go:522.2,524.1 6 1
github.com/m00nk0d3/grove/internal/tui/modal/settings.go:525.2,526.14 6 1
github.com/m00nk0d3/grove/internal/tui/modal/settings.go:527.3,528.1 1 1
github.com/m00nk0d3/grove/internal/tui/modal/settings.go:530.2,531.35 2 1
github.com/m00nk0d3/grove/internal/tui/modal/settings.go:532.3,537.1 5 1
github.com/m00nk0d3/grove/internal/tui/modal/settings.go:538.3,541.1 3 1
github.com/m00nk0d3/grove/internal/tui/modal/settings.go:543.2,543.87 1 1
github.com/m00nk0d3/grove/internal/tui/modal/settings.go:549.2,552.31 4 1
github.com/m00nk0d3/grove/internal/tui/modal/settings.go:553.3,554.27 2 1
github.com/m00nk0d3/grove/internal/tui/modal/settings.go:555.4,556.1 1 1
github.com/m00nk0d3/grove/internal/tui/modal/settings.go:557.4,558.1 1 1
github.com/m00nk0d3/grove/internal/tui/modal/settings.go:559.3,559.22 1 1
github.com/m00nk0d3/grove/internal/tui/modal/settings.go:561.2,564.14 4 1
github.com/m00nk0d3/grove/internal/tui/modal/settings.go:565.3,566.15 2 1
github.com/m00nk0d3/grove/internal/tui/modal/settings.go:567.4,568.1 1 1
github.com/m00nk0d3/grove/internal/tui/modal/settings.go:569.3,569.17 1 0
github.com/m00nk0d3/grove/internal/tui/modal/settings.go:571.2,571.34 1 1
github.com/m00nk0d3/grove/internal/tui/modal/settings.go:577.2,578.31 2 1
github.com/m00nk0d3/grove/internal/tui/modal/settings.go:579.3,580.27 2 1
github.com/m00nk0d3/grove/internal/tui/modal/settings.go:581.4,582.1 1 1
github.com/m00nk0d3/grove/internal/tui/modal/settings.go:583.4,584.1 1 1
github.com/m00nk0d3/grove/internal/tui/modal/settings.go:586.2,586.62 1 1
github.com/m00nk0d3/grove/internal/tui/modal/settings.go:591.2,594.14 4 1
github.com/m00nk0d3/grove/internal/tui/modal/settings.go:595.3,596.1 1 1
github.com/m00nk0d3/grove/internal/tui/modal/settings.go:597.2,598.42 2 1
github.com/m00nk0d3/grove/internal/tui/modal/settings.go:599.3,600.1 1 1
github.com/m00nk0d3/grove/internal/tui/modal/settings.go:601.3,602.1 1 1
github.com/m00nk0d3/grove/internal/tui/modal/settings.go:603.2,603.61 1 1
github.com/m00nk0d3/grove/internal/tui/modal/settings.go:609.2,612.41 4 1
github.com/m00nk0d3/grove/internal/tui/modal/settings.go:613.3,615.1 2 1
github.com/m00nk0d3/grove/internal/tui/modal/settings.go:616.2,617.37 2 1
github.com/m00nk0d3/grove/internal/tui/modal/settings.go:618.3,618.38 1 1
github.com/m00nk0d3/grove/internal/tui/modal/settings.go:619.4,620.1 1 1
github.com/m00nk0d3/grove/internal/tui/modal/settings.go:621.4,622.1 1 1
github.com/m00nk0d3/grove/internal/tui/modal/settings.go:624.2,624.37 1 1
github.com/m00nk0d3/grove/internal/tui/modal/settings.go:625.3,626.13 2 1
github.com/m00nk0d3/grove/internal/tui/modal/settings.go:627.4,628.1 1 1
github.com/m00nk0d3/grove/internal/tui/modal/settings.go:628.10,628.75 1 1
github.com/m00nk0d3/grove/internal/tui/modal/settings.go:629.4,631.1 2 1
github.com/m00nk0d3/grove/internal/tui/modal/settings.go:632.3,635.14 4 1
github.com/m00nk0d3/grove/internal/tui/modal/settings.go:636.4,638.1 2 1
github.com/m00nk0d3/grove/internal/tui/modal/settings.go:639.3,640.13 2 1
github.com/m00nk0d3/grove/internal/tui/modal/settings.go:641.4,642.1 1 1
github.com/m00nk0d3/grove/internal/tui/modal/settings.go:643.3,646.78 4 1
github.com/m00nk0d3/grove/internal/tui/modal/settings.go:649.2,651.44 3 1
github.com/m00nk0d3/grove/internal/tui/modal/settings.go:652.3,653.1 1 1
github.com/m00nk0d3/grove/internal/tui/modal/settings.go:654.2,655.93 2 1
github.com/m00nk0d3/grove/internal/tui/modal/settings.go:660.2,664.29 5 1
github.com/m00nk0d3/grove/internal/tui/modal/settings.go:665.3,667.15 3 1
github.com/m00nk0d3/grove/internal/tui/modal/settings.go:668.4,669.1 1 1
github.com/m00nk0d3/grove/internal/tui/modal/settings.go:670.3,673.28 4 1
github.com/m00nk0d3/grove/internal/tui/modal/settings.go:674.4,676.1 2 0
github.com/m00nk0d3/grove/internal/tui/modal/settings.go:677.4,678.1 1 1
github.com/m00nk0d3/grove/internal/tui/modal/settings.go:679.3,681.47 3 1
github.com/m00nk0d3/grove/internal/tui/modal/settings.go:682.4,683.1 1 1
github.com/m00nk0d3/grove/internal/tui/modal/settings.go:684.3,685.22 2 1
github.com/m00nk0d3/grove/internal/tui/modal/settings.go:688.2,688.36 1 1
github.com/m00nk0d3/grove/internal/tui/modal/settings.go:689.3,693.79 5 1
github.com/m00nk0d3/grove/internal/tui/modal/settings.go:694.4,696.1 2 1
github.com/m00nk0d3/grove/internal/tui/modal/settings.go:697.3,697.59 1 1
github.com/m00nk0d3/grove/internal/tui/modal/settings.go:699.2,700.14 2 1
github.com/m00nk0d3/grove/internal/tui/modal/settings.go:701.3,702.24 2 1
github.com/m00nk0d3/grove/internal/tui/modal/settings.go:703.4,704.1 1 1
github.com/m00nk0d3/grove/internal/tui/modal/settings.go:706.2,706.12 1 1
github.com/m00nk0d3/grove/internal/tui/modal/settings.go:710.2,711.16 2 1
github.com/m00nk0d3/grove/internal/tui/modal/settings.go:713.3,713.18 1 1
github.com/m00nk0d3/grove/internal/tui/modal/settings.go:714.4,715.1 1 1
github.com/m00nk0d3/grove/internal/tui/modal/settings.go:716.3,716.35 1 1
github.com/m00nk0d3/grove/internal/tui/modal/settings.go:718.3,718.78 1 1
github.com/m00nk0d3/grove/internal/tui/modal/settings.go:720.3,720.57 1 1
github.com/m00nk0d3/grove/internal/tui/modal/settings.go:722.3,722.14 1 1
github.com/m00nk0d3/grove/internal/tui/modal/settings.go:723.4,724.1 1 0
github.com/m00nk0d3/grove/internal/tui/modal/settings.go:725.3,725.28 1 1
github.com/m00nk0d3/grove/internal/tui/modal/settings.go:730.2,730.13 1 1
github.com/m00nk0d3/grove/internal/tui/modal/settings.go:731.3,732.1 1 0
github.com/m00nk0d3/grove/internal/tui/modal/settings.go:733.2,733.16 1 1
github.com/m00nk0d3/grove/internal/tui/modal/settings.go:735.3,735.32 1 1
github.com/m00nk0d3/grove/internal/tui/modal/settings.go:737.3,737.66 1 1
github.com/m00nk0d3/grove/internal/tui/modal/settings.go:739.3,739.22 1 1
github.com/m00nk0d3/grove/internal/tui/modal/settings.go:744.2,745.9 2 1
github.com/m00nk0d3/grove/internal/tui/modal/settings.go:747.3,747.40 1 0
github.com/m00nk0d3/grove/internal/tui/modal/settings.go:749.3,749.78 1 1
github.com/m00nk0d3/grove/internal/tui/modal/settings.go:751.3,751.79 1 1
github.com/m00nk0d3/grove/internal/tui/modal/settings.go:753.2,755.9 3 1
github.com/m00nk0d3/grove/internal/tui/modal/settings.go:757.3,757.38 1 0
github.com/m00nk0d3/grove/internal/tui/modal/settings.go:759.3,759.39 1 0
github.com/m00nk0d3/grove/internal/tui/modal/settings.go:761.2,762.13 2 1
github.com/m00nk0d3/grove/internal/tui/modal/settings.go:763.3,763.17 1 1
github.com/m00nk0d3/grove/internal/tui/modal/settings.go:764.4,765.1 1 0
github.com/m00nk0d3/grove/internal/tui/modal/settings.go:766.3,766.44 1 1
github.com/m00nk0d3/grove/internal/tui/modal/settings.go:768.2,768.48 1 1
github.com/m00nk0d3/grove/internal/tui/modal/settings.go:774.2,775.40 2 1
github.com/m00nk0d3/grove/internal/tui/modal/settings.go:775.42,775.102 1 1
github.com/m00nk0d3/grove/internal/tui/modal/settings.go:776.2,777.1 3 1
github.com/m00nk0d3/grove/internal/tui/modal/settings.go:778.2,779.17 3 1
github.com/m00nk0d3/grove/internal/tui/modal/settings.go:780.3,781.1 1 1
github.com/m00nk0d3/grove/internal/tui/modal/settings.go:782.2,783.26 2 1
github.com/m00nk0d3/grove/internal/tui/modal/settings.go:784.3,785.1 1 1
github.com/m00nk0d3/grove/internal/tui/modal/settings.go:787.2,793.1 2 1
github.com/m00nk0d3/grove/internal/tui/modal/settings.go:794.2,794.66 2 1
github.com/m00nk0d3/grove/internal/tui/modal/settings.go:795.3,797.15 3 1
github.com/m00nk0d3/grove/internal/tui/modal/settings.go:798.4,804.1 1 1
github.com/m00nk0d3/grove/internal/tui/modal/settings.go:805.3,805.72 1 1
github.com/m00nk0d3/grove/internal/tui/modal/settings.go:808.2,811.1 4 1
github.com/m00nk0d3/grove/internal/tui/modal/settings.go:812.2,812.40 4 1
github.com/m00nk0d3/grove/internal/tui/modal/settings.go:813.3,814.40 2 1
github.com/m00nk0d3/grove/internal/tui/modal/settings.go:815.4,816.1 1 1
github.com/m00nk0d3/grove/internal/tui/modal/settings.go:817.3,817.35 1 1
github.com/m00nk0d3/grove/internal/tui/modal/settings.go:820.2,832.1 3 1
github.com/m00nk0d3/grove/internal/tui/modal/settings.go:833.2,840.35 3 1
github.com/m00nk0d3/grove/internal/tui/modal/settings.go:850.2,851.81 2 1
github.com/m00nk0d3/grove/internal/tui/modal/settings.go:852.3,853.1 1 1
github.com/m00nk0d3/grove/internal/tui/modal/settings.go:854.2,854.32 1 1
github.com/m00nk0d3/grove/internal/tui/modal/settings.go:860.2,860.37 1 1
github.com/m00nk0d3/grove/internal/tui/modal/settings.go:861.3,862.1 1 1
github.com/m00nk0d3/grove/internal/tui/modal/settings.go:863.2,864.15 2 1
github.com/m00nk0d3/grove/internal/tui/modal/settings.go:865.3,866.1 1 0
github.com/m00nk0d3/grove/internal/tui/modal/settings.go:867.2,867.29 1 1
github.com/m00nk0d3/grove/internal/tui/modal/settings.go:868.3,869.1 1 1
github.com/m00nk0d3/grove/internal/tui/modal/settings.go:870.2,870.34 1 1
github.com/m00nk0d3/grove/internal/tui/modal/settings.go:877.2,878.14 2 1
github.com/m00nk0d3/grove/internal/tui/modal/settings.go:879.3,879.24 1 1
github.com/m00nk0d3/grove/internal/tui/modal/settings.go:880.4,881.1 1 0
github.com/m00nk0d3/grove/internal/tui/modal/settings.go:882.3,882.25 1 1
github.com/m00nk0d3/grove/internal/tui/modal/settings.go:883.4,884.1 1 1
github.com/m00nk0d3/grove/internal/tui/modal/settings.go:886.2,886.29 1 1
github.com/m00nk0d3/grove/internal/tui/modal/settings.go:887.3,889.1 2 1
github.com/m00nk0d3/grove/internal/tui/modal/settings.go:890.2,890.34 1 1
github.com/m00nk0d3/grove/internal/tui/modal/settings.go:895.2,895.16 1 1
github.com/m00nk0d3/grove/internal/tui/modal/settings.go:896.3,897.1 1 0
github.com/m00nk0d3/grove/internal/tui/modal/settings.go:898.2,900.41 3 1
github.com/m00nk0d3/grove/internal/tui/modal/settings.go:901.3,901.10 1 1
github.com/m00nk0d3/grove/internal/tui/modal/settings.go:903.4,903.15 1 1
github.com/m00nk0d3/grove/internal/tui/modal/settings.go:905.4,906.15 2 1
github.com/m00nk0d3/grove/internal/tui/modal/settings.go:908.4,908.22 1 1
github.com/m00nk0d3/grove/internal/tui/modal/settings.go:911.2,911.16 1 1
github.com/m00nk0d3/grove/internal/tui/modal/settings.go:912.3,913.1 1 1
github.com/m00nk0d3/grove/internal/tui/modal/settings.go:914.2,914.34 1 1
github.com/m00nk0d3/grove/internal/tui/modal/settings.go:919.2,919.61 1 1
github.com/m00nk0d3/grove/internal/tui/modal/settings.go:920.3,920.88 1 1
github.com/m00nk0d3/grove/internal/tui/modal/settings.go:921.4,922.1 1 0
github.com/m00nk0d3/grove/internal/tui/modal/settings.go:924.2,924.31 1 1
github.com/m00nk0d3/grove/internal/tui/modal/workflow_remove.go:19.2,25.1 2 1
github.com/m00nk0d3/grove/internal/tui/modal/workflow_remove.go:28.48,28.60 1 0
github.com/m00nk0d3/grove/internal/tui/modal/workflow_remove.go:31.2,31.12 1 1
github.com/m00nk0d3/grove/internal/tui/modal/workflow_remove.go:32.3,33.1 1 1
github.com/m00nk0d3/grove/internal/tui/modal/workflow_remove.go:34.2,34.26 1 1
github.com/m00nk0d3/grove/internal/tui/modal/workflow_remove.go:38.2,39.9 2 1
github.com/m00nk0d3/grove/internal/tui/modal/workflow_remove.go:40.3,41.1 1 0
github.com/m00nk0d3/grove/internal/tui/modal/workflow_remove.go:42.2,42.22 1 1
github.com/m00nk0d3/grove/internal/tui/modal/workflow_remove.go:44.3,45.18 2 1
github.com/m00nk0d3/grove/internal/tui/modal/workflow_remove.go:46.4,47.1 1 0
github.com/m00nk0d3/grove/internal/tui/modal/workflow_remove.go:48.3,48.28 1 1
github.com/m00nk0d3/grove/internal/tui/modal/workflow_remove.go:49.4,50.1 1 1
github.com/m00nk0d3/grove/internal/tui/modal/workflow_remove.go:52.3,52.28 1 0
github.com/m00nk0d3/grove/internal/tui/modal/workflow_remove.go:52.30,52.58 1 0
github.com/m00nk0d3/grove/internal/tui/modal/workflow_remove.go:54.2,54.15 1 0
github.com/m00nk0d3/grove/internal/tui/modal/workflow_remove.go:58.2,59.17 2 1
github.com/m00nk0d3/grove/internal/tui/modal/workflow_remove.go:60.3,61.1 1 0
github.com/m00nk0d3/grove/internal/tui/modal/workflow_remove.go:62.2,62.12 1 1
github.com/m00nk0d3/grove/internal/tui/modal/workflow_remove.go:63.3,67.1 1 1
github.com/m00nk0d3/grove/internal/tui/modal/workflow_remove.go:68.2,71.3 1 0
